,region,hour,region_hour_mean,region_hour_std,day_of_week,region_dow_mean,region_dow_std
0,0,0,169.79268292682926,75.92113045965692,0,274.8611111111111,171.93216839219835
1,0,0,169.79268292682926,75.92113045965692,1,311.43307086614175,181.8621103241678
2,0,0,169.79268292682926,75.92113045965692,2,326.9886363636364,183.18044314899427
3,0,0,169.79268292682926,75.92113045965692,3,330.76704545454544,179.04099107865852
4,0,0,169.79268292682926,75.92113045965692,4,309.375,156.86527945730398
5,0,0,169.79268292682926,75.92113045965692,5,223.9140625,135.54487169727082
6,0,0,169.79268292682926,75.92113045965692,6,190.58767361111111,109.60233444534403
7,0,1,102.5609756097561,58.89026701325415,0,274.8611111111111,171.93216839219835
8,0,1,102.5609756097561,58.89026701325415,1,311.43307086614175,181.8621103241678
9,0,1,102.5609756097561,58.89026701325415,2,326.9886363636364,183.18044314899427
10,0,1,102.5609756097561,58.89026701325415,3,330.76704545454544,179.04099107865852
11,0,1,102.5609756097561,58.89026701325415,4,309.375,156.86527945730398
12,0,1,102.5609756097561,58.89026701325415,5,223.9140625,135.54487169727082
13,0,1,102.5609756097561,58.89026701325415,6,190.58767361111111,109.60233444534403
14,0,2,60.792682926829265,47.86454838571312,0,274.8611111111111,171.93216839219835
15,0,2,60.792682926829265,47.86454838571312,1,311.43307086614175,181.8621103241678
16,0,2,60.792682926829265,47.86454838571312,2,326.9886363636364,183.18044314899427
17,0,2,60.792682926829265,47.86454838571312,3,330.76704545454544,179.04099107865852
18,0,2,60.792682926829265,47.86454838571312,4,309.375,156.86527945730398
19,0,2,60.792682926829265,47.86454838571312,5,223.9140625,135.54487169727082
20,0,2,60.792682926829265,47.86454838571312,6,190.58767361111111,109.60233444534403
21,0,3,38.67987804878049,32.883046727220886,0,274.8611111111111,171.93216839219835
22,0,3,38.67987804878049,32.883046727220886,1,311.43307086614175,181.8621103241678
23,0,3,38.67987804878049,32.883046727220886,2,326.9886363636364,183.18044314899427
24,0,3,38.67987804878049,32.883046727220886,3,330.76704545454544,179.04099107865852
25,0,3,38.67987804878049,32.883046727220886,4,309.375,156.86527945730398
26,0,3,38.67987804878049,32.883046727220886,5,223.9140625,135.54487169727082
27,0,3,38.67987804878049,32.883046727220886,6,190.58767361111111,109.60233444534403
28,0,4,33.03353658536585,18.0329829563627,0,274.8611111111111,171.93216839219835
29,0,4,33.03353658536585,18.0329829563627,1,311.43307086614175,181.8621103241678
30,0,4,33.03353658536585,18.0329829563627,2,326.9886363636364,183.18044314899427
31,0,4,33.03353658536585,18.0329829563627,3,330.76704545454544,179.04099107865852
32,0,4,33.03353658536585,18.0329829563627,4,309.375,156.86527945730398
33,0,4,33.03353658536585,18.0329829563627,5,223.9140625,135.54487169727082
34,0,4,33.03353658536585,18.0329829563627,6,190.58767361111111,109.60233444534403
35,0,5,47.923780487804876,32.286518072916564,0,274.8611111111111,171.93216839219835
36,0,5,47.923780487804876,32.286518072916564,1,311.43307086614175,181.8621103241678
37,0,5,47.923780487804876,32.286518072916564,2,326.9886363636364,183.18044314899427
38,0,5,47.923780487804876,32.286518072916564,3,330.76704545454544,179.04099107865852
39,0,5,47.923780487804876,32.286518072916564,4,309.375,156.86527945730398
40,0,5,47.923780487804876,32.286518072916564,5,223.9140625,135.54487169727082
41,0,5,47.923780487804876,32.286518072916564,6,190.58767361111111,109.60233444534403
42,0,6,121.22865853658537,68.9398942795202,0,274.8611111111111,171.93216839219835
43,0,6,121.22865853658537,68.9398942795202,1,311.43307086614175,181.8621103241678
44,0,6,121.22865853658537,68.9398942795202,2,326.9886363636364,183.18044314899427
45,0,6,121.22865853658537,68.9398942795202,3,330.76704545454544,179.04099107865852
46,0,6,121.22865853658537,68.9398942795202,4,309.375,156.86527945730398
47,0,6,121.22865853658537,68.9398942795202,5,223.9140625,135.54487169727082
48,0,6,121.22865853658537,68.9398942795202,6,190.58767361111111,109.60233444534403
49,0,7,230.39329268292684,118.72287091036208,0,274.8611111111111,171.93216839219835
50,0,7,230.39329268292684,118.72287091036208,1,311.43307086614175,181.8621103241678
51,0,7,230.39329268292684,118.72287091036208,2,326.9886363636364,183.18044314899427
52,0,7,230.39329268292684,118.72287091036208,3,330.76704545454544,179.04099107865852
53,0,7,230.39329268292684,118.72287091036208,4,309.375,156.86527945730398
54,0,7,230.39329268292684,118.72287091036208,5,223.9140625,135.54487169727082
55,0,7,230.39329268292684,118.72287091036208,6,190.58767361111111,109.60233444534403
56,0,8,326.3689024390244,154.2334340531632,0,274.8611111111111,171.93216839219835
57,0,8,326.3689024390244,154.2334340531632,1,311.43307086614175,181.8621103241678
58,0,8,326.3689024390244,154.2334340531632,2,326.9886363636364,183.18044314899427
59,0,8,326.3689024390244,154.2334340531632,3,330.76704545454544,179.04099107865852
60,0,8,326.3689024390244,154.2334340531632,4,309.375,156.86527945730398
61,0,8,326.3689024390244,154.2334340531632,5,223.9140625,135.54487169727082
62,0,8,326.3689024390244,154.2334340531632,6,190.58767361111111,109.60233444534403
63,0,9,334.9085365853659,116.37807805719315,0,274.8611111111111,171.93216839219835
64,0,9,334.9085365853659,116.37807805719315,1,311.43307086614175,181.8621103241678
65,0,9,334.9085365853659,116.37807805719315,2,326.9886363636364,183.18044314899427
66,0,9,334.9085365853659,116.37807805719315,3,330.76704545454544,179.04099107865852
67,0,9,334.9085365853659,116.37807805719315,4,309.375,156.86527945730398
68,0,9,334.9085365853659,116.37807805719315,5,223.9140625,135.54487169727082
69,0,9,334.9085365853659,116.37807805719315,6,190.58767361111111,109.60233444534403
70,0,10,319.8506097560976,72.89290204006689,0,274.8611111111111,171.93216839219835
71,0,10,319.8506097560976,72.89290204006689,1,311.43307086614175,181.8621103241678
72,0,10,319.8506097560976,72.89290204006689,2,326.9886363636364,183.18044314899427
73,0,10,319.8506097560976,72.89290204006689,3,330.76704545454544,179.04099107865852
74,0,10,319.8506097560976,72.89290204006689,4,309.375,156.86527945730398
75,0,10,319.8506097560976,72.89290204006689,5,223.9140625,135.54487169727082
76,0,10,319.8506097560976,72.89290204006689,6,190.58767361111111,109.60233444534403
77,0,11,358.8536585365854,72.89464928807227,0,274.8611111111111,171.93216839219835
78,0,11,358.8536585365854,72.89464928807227,1,311.43307086614175,181.8621103241678
79,0,11,358.8536585365854,72.89464928807227,2,326.9886363636364,183.18044314899427
80,0,11,358.8536585365854,72.89464928807227,3,330.76704545454544,179.04099107865852
81,0,11,358.8536585365854,72.89464928807227,4,309.375,156.86527945730398
82,0,11,358.8536585365854,72.89464928807227,5,223.9140625,135.54487169727082
83,0,11,358.8536585365854,72.89464928807227,6,190.58767361111111,109.60233444534403
84,0,12,372.9969512195122,69.99425483088558,0,274.8611111111111,171.93216839219835
85,0,12,372.9969512195122,69.99425483088558,1,311.43307086614175,181.8621103241678
86,0,12,372.9969512195122,69.99425483088558,2,326.9886363636364,183.18044314899427
87,0,12,372.9969512195122,69.99425483088558,3,330.76704545454544,179.04099107865852
88,0,12,372.9969512195122,69.99425483088558,4,309.375,156.86527945730398
89,0,12,372.9969512195122,69.99425483088558,5,223.9140625,135.54487169727082
90,0,12,372.9969512195122,69.99425483088558,6,190.58767361111111,109.60233444534403
91,0,13,363.890243902439,72.62782781012655,0,274.8611111111111,171.93216839219835
92,0,13,363.890243902439,72.62782781012655,1,311.43307086614175,181.8621103241678
93,0,13,363.890243902439,72.62782781012655,2,326.9886363636364,183.18044314899427
94,0,13,363.890243902439,72.62782781012655,3,330.76704545454544,179.04099107865852
95,0,13,363.890243902439,72.62782781012655,4,309.375,156.86527945730398
96,0,13,363.890243902439,72.62782781012655,5,223.9140625,135.54487169727082
97,0,13,363.890243902439,72.62782781012655,6,190.58767361111111,109.60233444534403
98,0,14,371.109756097561,80.49438312655762,0,274.8611111111111,171.93216839219835
99,0,14,371.109756097561,80.49438312655762,1,311.43307086614175,181.8621103241678
100,0,14,371.109756097561,80.49438312655762,2,326.9886363636364,183.18044314899427
101,0,14,371.109756097561,80.49438312655762,3,330.76704545454544,179.04099107865852
102,0,14,371.109756097561,80.49438312655762,4,309.375,156.86527945730398
103,0,14,371.109756097561,80.49438312655762,5,223.9140625,135.54487169727082
104,0,14,371.109756097561,80.49438312655762,6,190.58767361111111,109.60233444534403
105,0,15,338.4939024390244,68.06859258159658,0,274.8611111111111,171.93216839219835
106,0,15,338.4939024390244,68.06859258159658,1,311.43307086614175,181.8621103241678
107,0,15,338.4939024390244,68.06859258159658,2,326.9886363636364,183.18044314899427
108,0,15,338.4939024390244,68.06859258159658,3,330.76704545454544,179.04099107865852
109,0,15,338.4939024390244,68.06859258159658,4,309.375,156.86527945730398
110,0,15,338.4939024390244,68.06859258159658,5,223.9140625,135.54487169727082
111,0,15,338.4939024390244,68.06859258159658,6,190.58767361111111,109.60233444534403
112,0,16,306.1036585365854,53.41896247891208,0,274.8611111111111,171.93216839219835
113,0,16,306.1036585365854,53.41896247891208,1,311.43307086614175,181.8621103241678
114,0,16,306.1036585365854,53.41896247891208,2,326.9886363636364,183.18044314899427
115,0,16,306.1036585365854,53.41896247891208,3,330.76704545454544,179.04099107865852
116,0,16,306.1036585365854,53.41896247891208,4,309.375,156.86527945730398
117,0,16,306.1036585365854,53.41896247891208,5,223.9140625,135.54487169727082
118,0,16,306.1036585365854,53.41896247891208,6,190.58767361111111,109.60233444534403
119,0,17,386.8628048780488,85.21533842455806,0,274.8611111111111,171.93216839219835
120,0,17,386.8628048780488,85.21533842455806,1,311.43307086614175,181.8621103241678
121,0,17,386.8628048780488,85.21533842455806,2,326.9886363636364,183.18044314899427
122,0,17,386.8628048780488,85.21533842455806,3,330.76704545454544,179.04099107865852
123,0,17,386.8628048780488,85.21533842455806,4,309.375,156.86527945730398
124,0,17,386.8628048780488,85.21533842455806,5,223.9140625,135.54487169727082
125,0,17,386.8628048780488,85.21533842455806,6,190.58767361111111,109.60233444534403
126,0,18,465.4664634146341,107.38945145917275,0,274.8611111111111,171.93216839219835
127,0,18,465.4664634146341,107.38945145917275,1,311.43307086614175,181.8621103241678
128,0,18,465.4664634146341,107.38945145917275,2,326.9886363636364,183.18044314899427
129,0,18,465.4664634146341,107.38945145917275,3,330.76704545454544,179.04099107865852
130,0,18,465.4664634146341,107.38945145917275,4,309.375,156.86527945730398
131,0,18,465.4664634146341,107.38945145917275,5,223.9140625,135.54487169727082
132,0,18,465.4664634146341,107.38945145917275,6,190.58767361111111,109.60233444534403
133,0,19,473.0884146341463,122.77106857160145,0,274.8611111111111,171.93216839219835
134,0,19,473.0884146341463,122.77106857160145,1,311.43307086614175,181.8621103241678
135,0,19,473.0884146341463,122.77106857160145,2,326.9886363636364,183.18044314899427
136,0,19,473.0884146341463,122.77106857160145,3,330.76704545454544,179.04099107865852
137,0,19,473.0884146341463,122.77106857160145,4,309.375,156.86527945730398
138,0,19,473.0884146341463,122.77106857160145,5,223.9140625,135.54487169727082
139,0,19,473.0884146341463,122.77106857160145,6,190.58767361111111,109.60233444534403
140,0,20,459.4237804878049,148.8601348198012,0,274.8611111111111,171.93216839219835
141,0,20,459.4237804878049,148.8601348198012,1,311.43307086614175,181.8621103241678
142,0,20,459.4237804878049,148.8601348198012,2,326.9886363636364,183.18044314899427
143,0,20,459.4237804878049,148.8601348198012,3,330.76704545454544,179.04099107865852
144,0,20,459.4237804878049,148.8601348198012,4,309.375,156.86527945730398
145,0,20,459.4237804878049,148.8601348198012,5,223.9140625,135.54487169727082
146,0,20,459.4237804878049,148.8601348198012,6,190.58767361111111,109.60233444534403
147,0,21,424.61467889908255,148.57417896469966,0,274.8611111111111,171.93216839219835
148,0,21,424.61467889908255,148.57417896469966,1,311.43307086614175,181.8621103241678
149,0,21,424.61467889908255,148.57417896469966,2,326.9886363636364,183.18044314899427
150,0,21,424.61467889908255,148.57417896469966,3,330.76704545454544,179.04099107865852
151,0,21,424.61467889908255,148.57417896469966,4,309.375,156.86527945730398
152,0,21,424.61467889908255,148.57417896469966,5,223.9140625,135.54487169727082
153,0,21,424.61467889908255,148.57417896469966,6,190.58767361111111,109.60233444534403
154,0,22,360.68518518518516,125.44225033829169,0,274.8611111111111,171.93216839219835
155,0,22,360.68518518518516,125.44225033829169,1,311.43307086614175,181.8621103241678
156,0,22,360.68518518518516,125.44225033829169,2,326.9886363636364,183.18044314899427
157,0,22,360.68518518518516,125.44225033829169,3,330.76704545454544,179.04099107865852
158,0,22,360.68518518518516,125.44225033829169,4,309.375,156.86527945730398
159,0,22,360.68518518518516,125.44225033829169,5,223.9140625,135.54487169727082
160,0,22,360.68518518518516,125.44225033829169,6,190.58767361111111,109.60233444534403
161,0,23,252.33024691358025,97.04679002320897,0,274.8611111111111,171.93216839219835
162,0,23,252.33024691358025,97.04679002320897,1,311.43307086614175,181.8621103241678
163,0,23,252.33024691358025,97.04679002320897,2,326.9886363636364,183.18044314899427
164,0,23,252.33024691358025,97.04679002320897,3,330.76704545454544,179.04099107865852
165,0,23,252.33024691358025,97.04679002320897,4,309.375,156.86527945730398
166,0,23,252.33024691358025,97.04679002320897,5,223.9140625,135.54487169727082
167,0,23,252.33024691358025,97.04679002320897,6,190.58767361111111,109.60233444534403
168,1,0,74.125,33.52646838795891,0,93.92795138888889,48.42103767610729
169,1,0,74.125,33.52646838795891,1,78.11286089238845,42.58789654967906
170,1,0,74.125,33.52646838795891,2,71.03503787878788,41.94394480470991
171,1,0,74.125,33.52646838795891,3,73.15719696969697,42.28743783195547
172,1,0,74.125,33.52646838795891,4,77.20138888888889,43.99205439056979
173,1,0,74.125,33.52646838795891,5,66.18663194444444,43.39685009140327
174,1,0,74.125,33.52646838795891,6,82.78038194444444,57.253543413399704
175,1,1,33.66158536585366,28.5272248299819,0,93.92795138888889,48.42103767610729
176,1,1,33.66158536585366,28.5272248299819,1,78.11286089238845,42.58789654967906
177,1,1,33.66158536585366,28.5272248299819,2,71.03503787878788,41.94394480470991
178,1,1,33.66158536585366,28.5272248299819,3,73.15719696969697,42.28743783195547
179,1,1,33.66158536585366,28.5272248299819,4,77.20138888888889,43.99205439056979
180,1,1,33.66158536585366,28.5272248299819,5,66.18663194444444,43.39685009140327
181,1,1,33.66158536585366,28.5272248299819,6,82.78038194444444,57.253543413399704
182,1,2,12.051829268292684,17.515577942210776,0,93.92795138888889,48.42103767610729
183,1,2,12.051829268292684,17.515577942210776,1,78.11286089238845,42.58789654967906
184,1,2,12.051829268292684,17.515577942210776,2,71.03503787878788,41.94394480470991
185,1,2,12.051829268292684,17.515577942210776,3,73.15719696969697,42.28743783195547
186,1,2,12.051829268292684,17.515577942210776,4,77.20138888888889,43.99205439056979
187,1,2,12.051829268292684,17.515577942210776,5,66.18663194444444,43.39685009140327
188,1,2,12.051829268292684,17.515577942210776,6,82.78038194444444,57.253543413399704
189,1,3,6.6676829268292686,11.401590296156943,0,93.92795138888889,48.42103767610729
190,1,3,6.6676829268292686,11.401590296156943,1,78.11286089238845,42.58789654967906
191,1,3,6.6676829268292686,11.401590296156943,2,71.03503787878788,41.94394480470991
192,1,3,6.6676829268292686,11.401590296156943,3,73.15719696969697,42.28743783195547
193,1,3,6.6676829268292686,11.401590296156943,4,77.20138888888889,43.99205439056979
194,1,3,6.6676829268292686,11.401590296156943,5,66.18663194444444,43.39685009140327
195,1,3,6.6676829268292686,11.401590296156943,6,82.78038194444444,57.253543413399704
196,1,4,7.716463414634147,5.979227829407934,0,93.92795138888889,48.42103767610729
197,1,4,7.716463414634147,5.979227829407934,1,78.11286089238845,42.58789654967906
198,1,4,7.716463414634147,5.979227829407934,2,71.03503787878788,41.94394480470991
199,1,4,7.716463414634147,5.979227829407934,3,73.15719696969697,42.28743783195547
200,1,4,7.716463414634147,5.979227829407934,4,77.20138888888889,43.99205439056979
201,1,4,7.716463414634147,5.979227829407934,5,66.18663194444444,43.39685009140327
202,1,4,7.716463414634147,5.979227829407934,6,82.78038194444444,57.253543413399704
203,1,5,41.667682926829265,23.69420227663444,0,93.92795138888889,48.42103767610729
204,1,5,41.667682926829265,23.69420227663444,1,78.11286089238845,42.58789654967906
205,1,5,41.667682926829265,23.69420227663444,2,71.03503787878788,41.94394480470991
206,1,5,41.667682926829265,23.69420227663444,3,73.15719696969697,42.28743783195547
207,1,5,41.667682926829265,23.69420227663444,4,77.20138888888889,43.99205439056979
208,1,5,41.667682926829265,23.69420227663444,5,66.18663194444444,43.39685009140327
209,1,5,41.667682926829265,23.69420227663444,6,82.78038194444444,57.253543413399704
210,1,6,80.91768292682927,27.57235560106376,0,93.92795138888889,48.42103767610729
211,1,6,80.91768292682927,27.57235560106376,1,78.11286089238845,42.58789654967906
212,1,6,80.91768292682927,27.57235560106376,2,71.03503787878788,41.94394480470991
213,1,6,80.91768292682927,27.57235560106376,3,73.15719696969697,42.28743783195547
214,1,6,80.91768292682927,27.57235560106376,4,77.20138888888889,43.99205439056979
215,1,6,80.91768292682927,27.57235560106376,5,66.18663194444444,43.39685009140327
216,1,6,80.91768292682927,27.57235560106376,6,82.78038194444444,57.253543413399704
217,1,7,73.8780487804878,23.936659660274298,0,93.92795138888889,48.42103767610729
218,1,7,73.8780487804878,23.936659660274298,1,78.11286089238845,42.58789654967906
219,1,7,73.8780487804878,23.936659660274298,2,71.03503787878788,41.94394480470991
220,1,7,73.8780487804878,23.936659660274298,3,73.15719696969697,42.28743783195547
221,1,7,73.8780487804878,23.936659660274298,4,77.20138888888889,43.99205439056979
222,1,7,73.8780487804878,23.936659660274298,5,66.18663194444444,43.39685009140327
223,1,7,73.8780487804878,23.936659660274298,6,82.78038194444444,57.253543413399704
224,1,8,57.28963414634146,25.83963037129342,0,93.92795138888889,48.42103767610729
225,1,8,57.28963414634146,25.83963037129342,1,78.11286089238845,42.58789654967906
226,1,8,57.28963414634146,25.83963037129342,2,71.03503787878788,41.94394480470991
227,1,8,57.28963414634146,25.83963037129342,3,73.15719696969697,42.28743783195547
228,1,8,57.28963414634146,25.83963037129342,4,77.20138888888889,43.99205439056979
229,1,8,57.28963414634146,25.83963037129342,5,66.18663194444444,43.39685009140327
230,1,8,57.28963414634146,25.83963037129342,6,82.78038194444444,57.253543413399704
231,1,9,45.3140243902439,19.29084137939,0,93.92795138888889,48.42103767610729
232,1,9,45.3140243902439,19.29084137939,1,78.11286089238845,42.58789654967906
233,1,9,45.3140243902439,19.29084137939,2,71.03503787878788,41.94394480470991
234,1,9,45.3140243902439,19.29084137939,3,73.15719696969697,42.28743783195547
235,1,9,45.3140243902439,19.29084137939,4,77.20138888888889,43.99205439056979
236,1,9,45.3140243902439,19.29084137939,5,66.18663194444444,43.39685009140327
237,1,9,45.3140243902439,19.29084137939,6,82.78038194444444,57.253543413399704
238,1,10,54.698170731707314,21.057887224993568,0,93.92795138888889,48.42103767610729
239,1,10,54.698170731707314,21.057887224993568,1,78.11286089238845,42.58789654967906
240,1,10,54.698170731707314,21.057887224993568,2,71.03503787878788,41.94394480470991
241,1,10,54.698170731707314,21.057887224993568,3,73.15719696969697,42.28743783195547
242,1,10,54.698170731707314,21.057887224993568,4,77.20138888888889,43.99205439056979
243,1,10,54.698170731707314,21.057887224993568,5,66.18663194444444,43.39685009140327
244,1,10,54.698170731707314,21.057887224993568,6,82.78038194444444,57.253543413399704
245,1,11,53.88414634146341,20.102306953053617,0,93.92795138888889,48.42103767610729
246,1,11,53.88414634146341,20.102306953053617,1,78.11286089238845,42.58789654967906
247,1,11,53.88414634146341,20.102306953053617,2,71.03503787878788,41.94394480470991
248,1,11,53.88414634146341,20.102306953053617,3,73.15719696969697,42.28743783195547
249,1,11,53.88414634146341,20.102306953053617,4,77.20138888888889,43.99205439056979
250,1,11,53.88414634146341,20.102306953053617,5,66.18663194444444,43.39685009140327
251,1,11,53.88414634146341,20.102306953053617,6,82.78038194444444,57.253543413399704
252,1,12,68.64939024390245,21.76161364359816,0,93.92795138888889,48.42103767610729
253,1,12,68.64939024390245,21.76161364359816,1,78.11286089238845,42.58789654967906
254,1,12,68.64939024390245,21.76161364359816,2,71.03503787878788,41.94394480470991
255,1,12,68.64939024390245,21.76161364359816,3,73.15719696969697,42.28743783195547
256,1,12,68.64939024390245,21.76161364359816,4,77.20138888888889,43.99205439056979
257,1,12,68.64939024390245,21.76161364359816,5,66.18663194444444,43.39685009140327
258,1,12,68.64939024390245,21.76161364359816,6,82.78038194444444,57.253543413399704
259,1,13,81.46341463414635,24.84308929163849,0,93.92795138888889,48.42103767610729
260,1,13,81.46341463414635,24.84308929163849,1,78.11286089238845,42.58789654967906
261,1,13,81.46341463414635,24.84308929163849,2,71.03503787878788,41.94394480470991
262,1,13,81.46341463414635,24.84308929163849,3,73.15719696969697,42.28743783195547
263,1,13,81.46341463414635,24.84308929163849,4,77.20138888888889,43.99205439056979
264,1,13,81.46341463414635,24.84308929163849,5,66.18663194444444,43.39685009140327
265,1,13,81.46341463414635,24.84308929163849,6,82.78038194444444,57.253543413399704
266,1,14,110.21951219512195,26.514792773977046,0,93.92795138888889,48.42103767610729
267,1,14,110.21951219512195,26.514792773977046,1,78.11286089238845,42.58789654967906
268,1,14,110.21951219512195,26.514792773977046,2,71.03503787878788,41.94394480470991
269,1,14,110.21951219512195,26.514792773977046,3,73.15719696969697,42.28743783195547
270,1,14,110.21951219512195,26.514792773977046,4,77.20138888888889,43.99205439056979
271,1,14,110.21951219512195,26.514792773977046,5,66.18663194444444,43.39685009140327
272,1,14,110.21951219512195,26.514792773977046,6,82.78038194444444,57.253543413399704
273,1,15,118.1829268292683,26.805051351411674,0,93.92795138888889,48.42103767610729
274,1,15,118.1829268292683,26.805051351411674,1,78.11286089238845,42.58789654967906
275,1,15,118.1829268292683,26.805051351411674,2,71.03503787878788,41.94394480470991
276,1,15,118.1829268292683,26.805051351411674,3,73.15719696969697,42.28743783195547
277,1,15,118.1829268292683,26.805051351411674,4,77.20138888888889,43.99205439056979
278,1,15,118.1829268292683,26.805051351411674,5,66.18663194444444,43.39685009140327
279,1,15,118.1829268292683,26.805051351411674,6,82.78038194444444,57.253543413399704
280,1,16,120.82317073170732,28.81098074211364,0,93.92795138888889,48.42103767610729
281,1,16,120.82317073170732,28.81098074211364,1,78.11286089238845,42.58789654967906
282,1,16,120.82317073170732,28.81098074211364,2,71.03503787878788,41.94394480470991
283,1,16,120.82317073170732,28.81098074211364,3,73.15719696969697,42.28743783195547
284,1,16,120.82317073170732,28.81098074211364,4,77.20138888888889,43.99205439056979
285,1,16,120.82317073170732,28.81098074211364,5,66.18663194444444,43.39685009140327
286,1,16,120.82317073170732,28.81098074211364,6,82.78038194444444,57.253543413399704
287,1,17,124.4390243902439,28.65991566661967,0,93.92795138888889,48.42103767610729
288,1,17,124.4390243902439,28.65991566661967,1,78.11286089238845,42.58789654967906
289,1,17,124.4390243902439,28.65991566661967,2,71.03503787878788,41.94394480470991
290,1,17,124.4390243902439,28.65991566661967,3,73.15719696969697,42.28743783195547
291,1,17,124.4390243902439,28.65991566661967,4,77.20138888888889,43.99205439056979
292,1,17,124.4390243902439,28.65991566661967,5,66.18663194444444,43.39685009140327
293,1,17,124.4390243902439,28.65991566661967,6,82.78038194444444,57.253543413399704
294,1,18,106.6859756097561,29.47256307091094,0,93.92795138888889,48.42103767610729
295,1,18,106.6859756097561,29.47256307091094,1,78.11286089238845,42.58789654967906
296,1,18,106.6859756097561,29.47256307091094,2,71.03503787878788,41.94394480470991
297,1,18,106.6859756097561,29.47256307091094,3,73.15719696969697,42.28743783195547
298,1,18,106.6859756097561,29.47256307091094,4,77.20138888888889,43.99205439056979
299,1,18,106.6859756097561,29.47256307091094,5,66.18663194444444,43.39685009140327
300,1,18,106.6859756097561,29.47256307091094,6,82.78038194444444,57.253543413399704
301,1,19,109.8109756097561,29.289354741713716,0,93.92795138888889,48.42103767610729
302,1,19,109.8109756097561,29.289354741713716,1,78.11286089238845,42.58789654967906
303,1,19,109.8109756097561,29.289354741713716,2,71.03503787878788,41.94394480470991
304,1,19,109.8109756097561,29.289354741713716,3,73.15719696969697,42.28743783195547
305,1,19,109.8109756097561,29.289354741713716,4,77.20138888888889,43.99205439056979
306,1,19,109.8109756097561,29.289354741713716,5,66.18663194444444,43.39685009140327
307,1,19,109.8109756097561,29.289354741713716,6,82.78038194444444,57.253543413399704
308,1,20,129.08536585365854,27.218203667305374,0,93.92795138888889,48.42103767610729
309,1,20,129.08536585365854,27.218203667305374,1,78.11286089238845,42.58789654967906
310,1,20,129.08536585365854,27.218203667305374,2,71.03503787878788,41.94394480470991
311,1,20,129.08536585365854,27.218203667305374,3,73.15719696969697,42.28743783195547
312,1,20,129.08536585365854,27.218203667305374,4,77.20138888888889,43.99205439056979
313,1,20,129.08536585365854,27.218203667305374,5,66.18663194444444,43.39685009140327
314,1,20,129.08536585365854,27.218203667305374,6,82.78038194444444,57.253543413399704
315,1,21,120.83180428134557,31.385479294384904,0,93.92795138888889,48.42103767610729
316,1,21,120.83180428134557,31.385479294384904,1,78.11286089238845,42.58789654967906
317,1,21,120.83180428134557,31.385479294384904,2,71.03503787878788,41.94394480470991
318,1,21,120.83180428134557,31.385479294384904,3,73.15719696969697,42.28743783195547
319,1,21,120.83180428134557,31.385479294384904,4,77.20138888888889,43.99205439056979
320,1,21,120.83180428134557,31.385479294384904,5,66.18663194444444,43.39685009140327
321,1,21,120.83180428134557,31.385479294384904,6,82.78038194444444,57.253543413399704
322,1,22,122.86728395061728,33.09697231622805,0,93.92795138888889,48.42103767610729
323,1,22,122.86728395061728,33.09697231622805,1,78.11286089238845,42.58789654967906
324,1,22,122.86728395061728,33.09697231622805,2,71.03503787878788,41.94394480470991
325,1,22,122.86728395061728,33.09697231622805,3,73.15719696969697,42.28743783195547
326,1,22,122.86728395061728,33.09697231622805,4,77.20138888888889,43.99205439056979
327,1,22,122.86728395061728,33.09697231622805,5,66.18663194444444,43.39685009140327
328,1,22,122.86728395061728,33.09697231622805,6,82.78038194444444,57.253543413399704
329,1,23,108.93827160493827,38.15224372206921,0,93.92795138888889,48.42103767610729
330,1,23,108.93827160493827,38.15224372206921,1,78.11286089238845,42.58789654967906
331,1,23,108.93827160493827,38.15224372206921,2,71.03503787878788,41.94394480470991
332,1,23,108.93827160493827,38.15224372206921,3,73.15719696969697,42.28743783195547
333,1,23,108.93827160493827,38.15224372206921,4,77.20138888888889,43.99205439056979
334,1,23,108.93827160493827,38.15224372206921,5,66.18663194444444,43.39685009140327
335,1,23,108.93827160493827,38.15224372206921,6,82.78038194444444,57.253543413399704
336,2,0,375.5823170731707,264.3038156452632,0,137.60850694444446,65.2224852136033
337,2,0,375.5823170731707,264.3038156452632,1,144.7217847769029,80.72956263554678
338,2,0,375.5823170731707,264.3038156452632,2,162.36837121212122,91.83202109393869
339,2,0,375.5823170731707,264.3038156452632,3,182.2443181818182,115.78960723243594
340,2,0,375.5823170731707,264.3038156452632,4,226.03038194444446,146.15027416414708
341,2,0,375.5823170731707,264.3038156452632,5,323.92100694444446,246.33677902051735
342,2,0,375.5823170731707,264.3038156452632,6,286.8203125,265.2298706379365
343,2,1,358.8323170731707,343.2706770599133,0,137.60850694444446,65.2224852136033
344,2,1,358.8323170731707,343.2706770599133,1,144.7217847769029,80.72956263554678
345,2,1,358.8323170731707,343.2706770599133,2,162.36837121212122,91.83202109393869
346,2,1,358.8323170731707,343.2706770599133,3,182.2443181818182,115.78960723243594
347,2,1,358.8323170731707,343.2706770599133,4,226.03038194444446,146.15027416414708
348,2,1,358.8323170731707,343.2706770599133,5,323.92100694444446,246.33677902051735
349,2,1,358.8323170731707,343.2706770599133,6,286.8203125,265.2298706379365
350,2,2,307.4573170731707,347.51436026227543,0,137.60850694444446,65.2224852136033
351,2,2,307.4573170731707,347.51436026227543,1,144.7217847769029,80.72956263554678
352,2,2,307.4573170731707,347.51436026227543,2,162.36837121212122,91.83202109393869
353,2,2,307.4573170731707,347.51436026227543,3,182.2443181818182,115.78960723243594
354,2,2,307.4573170731707,347.51436026227543,4,226.03038194444446,146.15027416414708
355,2,2,307.4573170731707,347.51436026227543,5,323.92100694444446,246.33677902051735
356,2,2,307.4573170731707,347.51436026227543,6,286.8203125,265.2298706379365
357,2,3,241.7439024390244,281.7183103469214,0,137.60850694444446,65.2224852136033
358,2,3,241.7439024390244,281.7183103469214,1,144.7217847769029,80.72956263554678
359,2,3,241.7439024390244,281.7183103469214,2,162.36837121212122,91.83202109393869
360,2,3,241.7439024390244,281.7183103469214,3,182.2443181818182,115.78960723243594
361,2,3,241.7439024390244,281.7183103469214,4,226.03038194444446,146.15027416414708
362,2,3,241.7439024390244,281.7183103469214,5,323.92100694444446,246.33677902051735
363,2,3,241.7439024390244,281.7183103469214,6,286.8203125,265.2298706379365
364,2,4,137.4512195121951,155.23569157041868,0,137.60850694444446,65.2224852136033
365,2,4,137.4512195121951,155.23569157041868,1,144.7217847769029,80.72956263554678
366,2,4,137.4512195121951,155.23569157041868,2,162.36837121212122,91.83202109393869
367,2,4,137.4512195121951,155.23569157041868,3,182.2443181818182,115.78960723243594
368,2,4,137.4512195121951,155.23569157041868,4,226.03038194444446,146.15027416414708
369,2,4,137.4512195121951,155.23569157041868,5,323.92100694444446,246.33677902051735
370,2,4,137.4512195121951,155.23569157041868,6,286.8203125,265.2298706379365
371,2,5,63.6219512195122,36.83067802644315,0,137.60850694444446,65.2224852136033
372,2,5,63.6219512195122,36.83067802644315,1,144.7217847769029,80.72956263554678
373,2,5,63.6219512195122,36.83067802644315,2,162.36837121212122,91.83202109393869
374,2,5,63.6219512195122,36.83067802644315,3,182.2443181818182,115.78960723243594
375,2,5,63.6219512195122,36.83067802644315,4,226.03038194444446,146.15027416414708
376,2,5,63.6219512195122,36.83067802644315,5,323.92100694444446,246.33677902051735
377,2,5,63.6219512195122,36.83067802644315,6,286.8203125,265.2298706379365
378,2,6,85.16158536585365,31.73699430104971,0,137.60850694444446,65.2224852136033
379,2,6,85.16158536585365,31.73699430104971,1,144.7217847769029,80.72956263554678
380,2,6,85.16158536585365,31.73699430104971,2,162.36837121212122,91.83202109393869
381,2,6,85.16158536585365,31.73699430104971,3,182.2443181818182,115.78960723243594
382,2,6,85.16158536585365,31.73699430104971,4,226.03038194444446,146.15027416414708
383,2,6,85.16158536585365,31.73699430104971,5,323.92100694444446,246.33677902051735
384,2,6,85.16158536585365,31.73699430104971,6,286.8203125,265.2298706379365
385,2,7,119.66768292682927,47.10521690915115,0,137.60850694444446,65.2224852136033
386,2,7,119.66768292682927,47.10521690915115,1,144.7217847769029,80.72956263554678
387,2,7,119.66768292682927,47.10521690915115,2,162.36837121212122,91.83202109393869
388,2,7,119.66768292682927,47.10521690915115,3,182.2443181818182,115.78960723243594
389,2,7,119.66768292682927,47.10521690915115,4,226.03038194444446,146.15027416414708
390,2,7,119.66768292682927,47.10521690915115,5,323.92100694444446,246.33677902051735
391,2,7,119.66768292682927,47.10521690915115,6,286.8203125,265.2298706379365
392,2,8,134.39939024390245,42.82867797538717,0,137.60850694444446,65.2224852136033
393,2,8,134.39939024390245,42.82867797538717,1,144.7217847769029,80.72956263554678
394,2,8,134.39939024390245,42.82867797538717,2,162.36837121212122,91.83202109393869
395,2,8,134.39939024390245,42.82867797538717,3,182.2443181818182,115.78960723243594
396,2,8,134.39939024390245,42.82867797538717,4,226.03038194444446,146.15027416414708
397,2,8,134.39939024390245,42.82867797538717,5,323.92100694444446,246.33677902051735
398,2,8,134.39939024390245,42.82867797538717,6,286.8203125,265.2298706379365
399,2,9,157.9969512195122,39.475498418461946,0,137.60850694444446,65.2224852136033
400,2,9,157.9969512195122,39.475498418461946,1,144.7217847769029,80.72956263554678
401,2,9,157.9969512195122,39.475498418461946,2,162.36837121212122,91.83202109393869
402,2,9,157.9969512195122,39.475498418461946,3,182.2443181818182,115.78960723243594
403,2,9,157.9969512195122,39.475498418461946,4,226.03038194444446,146.15027416414708
404,2,9,157.9969512195122,39.475498418461946,5,323.92100694444446,246.33677902051735
405,2,9,157.9969512195122,39.475498418461946,6,286.8203125,265.2298706379365
406,2,10,145.625,32.195640244674834,0,137.60850694444446,65.2224852136033
407,2,10,145.625,32.195640244674834,1,144.7217847769029,80.72956263554678
408,2,10,145.625,32.195640244674834,2,162.36837121212122,91.83202109393869
409,2,10,145.625,32.195640244674834,3,182.2443181818182,115.78960723243594
410,2,10,145.625,32.195640244674834,4,226.03038194444446,146.15027416414708
411,2,10,145.625,32.195640244674834,5,323.92100694444446,246.33677902051735
412,2,10,145.625,32.195640244674834,6,286.8203125,265.2298706379365
413,2,11,140.0640243902439,43.81290690982868,0,137.60850694444446,65.2224852136033
414,2,11,140.0640243902439,43.81290690982868,1,144.7217847769029,80.72956263554678
415,2,11,140.0640243902439,43.81290690982868,2,162.36837121212122,91.83202109393869
416,2,11,140.0640243902439,43.81290690982868,3,182.2443181818182,115.78960723243594
417,2,11,140.0640243902439,43.81290690982868,4,226.03038194444446,146.15027416414708
418,2,11,140.0640243902439,43.81290690982868,5,323.92100694444446,246.33677902051735
419,2,11,140.0640243902439,43.81290690982868,6,286.8203125,265.2298706379365
420,2,12,142.859756097561,49.49313574191115,0,137.60850694444446,65.2224852136033
421,2,12,142.859756097561,49.49313574191115,1,144.7217847769029,80.72956263554678
422,2,12,142.859756097561,49.49313574191115,2,162.36837121212122,91.83202109393869
423,2,12,142.859756097561,49.49313574191115,3,182.2443181818182,115.78960723243594
424,2,12,142.859756097561,49.49313574191115,4,226.03038194444446,146.15027416414708
425,2,12,142.859756097561,49.49313574191115,5,323.92100694444446,246.33677902051735
426,2,12,142.859756097561,49.49313574191115,6,286.8203125,265.2298706379365
427,2,13,149.6341463414634,54.53131125247494,0,137.60850694444446,65.2224852136033
428,2,13,149.6341463414634,54.53131125247494,1,144.7217847769029,80.72956263554678
429,2,13,149.6341463414634,54.53131125247494,2,162.36837121212122,91.83202109393869
430,2,13,149.6341463414634,54.53131125247494,3,182.2443181818182,115.78960723243594
431,2,13,149.6341463414634,54.53131125247494,4,226.03038194444446,146.15027416414708
432,2,13,149.6341463414634,54.53131125247494,5,323.92100694444446,246.33677902051735
433,2,13,149.6341463414634,54.53131125247494,6,286.8203125,265.2298706379365
434,2,14,154.1280487804878,52.01424828175119,0,137.60850694444446,65.2224852136033
435,2,14,154.1280487804878,52.01424828175119,1,144.7217847769029,80.72956263554678
436,2,14,154.1280487804878,52.01424828175119,2,162.36837121212122,91.83202109393869
437,2,14,154.1280487804878,52.01424828175119,3,182.2443181818182,115.78960723243594
438,2,14,154.1280487804878,52.01424828175119,4,226.03038194444446,146.15027416414708
439,2,14,154.1280487804878,52.01424828175119,5,323.92100694444446,246.33677902051735
440,2,14,154.1280487804878,52.01424828175119,6,286.8203125,265.2298706379365
441,2,15,152.33841463414635,56.67168810209659,0,137.60850694444446,65.2224852136033
442,2,15,152.33841463414635,56.67168810209659,1,144.7217847769029,80.72956263554678
443,2,15,152.33841463414635,56.67168810209659,2,162.36837121212122,91.83202109393869
444,2,15,152.33841463414635,56.67168810209659,3,182.2443181818182,115.78960723243594
445,2,15,152.33841463414635,56.67168810209659,4,226.03038194444446,146.15027416414708
446,2,15,152.33841463414635,56.67168810209659,5,323.92100694444446,246.33677902051735
447,2,15,152.33841463414635,56.67168810209659,6,286.8203125,265.2298706379365
448,2,16,140.5701219512195,58.998429129430505,0,137.60850694444446,65.2224852136033
449,2,16,140.5701219512195,58.998429129430505,1,144.7217847769029,80.72956263554678
450,2,16,140.5701219512195,58.998429129430505,2,162.36837121212122,91.83202109393869
451,2,16,140.5701219512195,58.998429129430505,3,182.2443181818182,115.78960723243594
452,2,16,140.5701219512195,58.998429129430505,4,226.03038194444446,146.15027416414708
453,2,16,140.5701219512195,58.998429129430505,5,323.92100694444446,246.33677902051735
454,2,16,140.5701219512195,58.998429129430505,6,286.8203125,265.2298706379365
455,2,17,171.6768292682927,62.87066827516037,0,137.60850694444446,65.2224852136033
456,2,17,171.6768292682927,62.87066827516037,1,144.7217847769029,80.72956263554678
457,2,17,171.6768292682927,62.87066827516037,2,162.36837121212122,91.83202109393869
458,2,17,171.6768292682927,62.87066827516037,3,182.2443181818182,115.78960723243594
459,2,17,171.6768292682927,62.87066827516037,4,226.03038194444446,146.15027416414708
460,2,17,171.6768292682927,62.87066827516037,5,323.92100694444446,246.33677902051735
461,2,17,171.6768292682927,62.87066827516037,6,286.8203125,265.2298706379365
462,2,18,223.4390243902439,68.3750401659824,0,137.60850694444446,65.2224852136033
463,2,18,223.4390243902439,68.3750401659824,1,144.7217847769029,80.72956263554678
464,2,18,223.4390243902439,68.3750401659824,2,162.36837121212122,91.83202109393869
465,2,18,223.4390243902439,68.3750401659824,3,182.2443181818182,115.78960723243594
466,2,18,223.4390243902439,68.3750401659824,4,226.03038194444446,146.15027416414708
467,2,18,223.4390243902439,68.3750401659824,5,323.92100694444446,246.33677902051735
468,2,18,223.4390243902439,68.3750401659824,6,286.8203125,265.2298706379365
469,2,19,252.2439024390244,74.50555646632958,0,137.60850694444446,65.2224852136033
470,2,19,252.2439024390244,74.50555646632958,1,144.7217847769029,80.72956263554678
471,2,19,252.2439024390244,74.50555646632958,2,162.36837121212122,91.83202109393869
472,2,19,252.2439024390244,74.50555646632958,3,182.2443181818182,115.78960723243594
473,2,19,252.2439024390244,74.50555646632958,4,226.03038194444446,146.15027416414708
474,2,19,252.2439024390244,74.50555646632958,5,323.92100694444446,246.33677902051735
475,2,19,252.2439024390244,74.50555646632958,6,286.8203125,265.2298706379365
476,2,20,279.5853658536585,76.58074449487076,0,137.60850694444446,65.2224852136033
477,2,20,279.5853658536585,76.58074449487076,1,144.7217847769029,80.72956263554678
478,2,20,279.5853658536585,76.58074449487076,2,162.36837121212122,91.83202109393869
479,2,20,279.5853658536585,76.58074449487076,3,182.2443181818182,115.78960723243594
480,2,20,279.5853658536585,76.58074449487076,4,226.03038194444446,146.15027416414708
481,2,20,279.5853658536585,76.58074449487076,5,323.92100694444446,246.33677902051735
482,2,20,279.5853658536585,76.58074449487076,6,286.8203125,265.2298706379365
483,2,21,336.519877675841,93.16558945047096,0,137.60850694444446,65.2224852136033
484,2,21,336.519877675841,93.16558945047096,1,144.7217847769029,80.72956263554678
485,2,21,336.519877675841,93.16558945047096,2,162.36837121212122,91.83202109393869
486,2,21,336.519877675841,93.16558945047096,3,182.2443181818182,115.78960723243594
487,2,21,336.519877675841,93.16558945047096,4,226.03038194444446,146.15027416414708
488,2,21,336.519877675841,93.16558945047096,5,323.92100694444446,246.33677902051735
489,2,21,336.519877675841,93.16558945047096,6,286.8203125,265.2298706379365
490,2,22,382.51851851851853,127.90704936903903,0,137.60850694444446,65.2224852136033
491,2,22,382.51851851851853,127.90704936903903,1,144.7217847769029,80.72956263554678
492,2,22,382.51851851851853,127.90704936903903,2,162.36837121212122,91.83202109393869
493,2,22,382.51851851851853,127.90704936903903,3,182.2443181818182,115.78960723243594
494,2,22,382.51851851851853,127.90704936903903,4,226.03038194444446,146.15027416414708
495,2,22,382.51851851851853,127.90704936903903,5,323.92100694444446,246.33677902051735
496,2,22,382.51851851851853,127.90704936903903,6,286.8203125,265.2298706379365
497,2,23,393.3888888888889,195.3367101713277,0,137.60850694444446,65.2224852136033
498,2,23,393.3888888888889,195.3367101713277,1,144.7217847769029,80.72956263554678
499,2,23,393.3888888888889,195.3367101713277,2,162.36837121212122,91.83202109393869
500,2,23,393.3888888888889,195.3367101713277,3,182.2443181818182,115.78960723243594
501,2,23,393.3888888888889,195.3367101713277,4,226.03038194444446,146.15027416414708
502,2,23,393.3888888888889,195.3367101713277,5,323.92100694444446,246.33677902051735
503,2,23,393.3888888888889,195.3367101713277,6,286.8203125,265.2298706379365
504,3,0,39.353658536585364,29.308804848032427,0,106.04340277777777,67.77569325269054
505,3,0,39.353658536585364,29.308804848032427,1,115.74978127734033,75.21727102973443
506,3,0,39.353658536585364,29.308804848032427,2,121.86742424242425,78.83181112294174
507,3,0,39.353658536585364,29.308804848032427,3,125.97064393939394,78.7389597464599
508,3,0,39.353658536585364,29.308804848032427,4,128.47482638888889,76.41044041206908
509,3,0,39.353658536585364,29.308804848032427,5,108.58506944444444,67.94356568107276
510,3,0,39.353658536585364,29.308804848032427,6,94.61979166666667,59.47670344434389
511,3,1,24.966463414634145,25.958130902115794,0,106.04340277777777,67.77569325269054
512,3,1,24.966463414634145,25.958130902115794,1,115.74978127734033,75.21727102973443
513,3,1,24.966463414634145,25.958130902115794,2,121.86742424242425,78.83181112294174
514,3,1,24.966463414634145,25.958130902115794,3,125.97064393939394,78.7389597464599
515,3,1,24.966463414634145,25.958130902115794,4,128.47482638888889,76.41044041206908
516,3,1,24.966463414634145,25.958130902115794,5,108.58506944444444,67.94356568107276
517,3,1,24.966463414634145,25.958130902115794,6,94.61979166666667,59.47670344434389
518,3,2,16.454268292682926,18.680912597821123,0,106.04340277777777,67.77569325269054
519,3,2,16.454268292682926,18.680912597821123,1,115.74978127734033,75.21727102973443
520,3,2,16.454268292682926,18.680912597821123,2,121.86742424242425,78.83181112294174
521,3,2,16.454268292682926,18.680912597821123,3,125.97064393939394,78.7389597464599
522,3,2,16.454268292682926,18.680912597821123,4,128.47482638888889,76.41044041206908
523,3,2,16.454268292682926,18.680912597821123,5,108.58506944444444,67.94356568107276
524,3,2,16.454268292682926,18.680912597821123,6,94.61979166666667,59.47670344434389
525,3,3,12.53048780487805,11.129443430661905,0,106.04340277777777,67.77569325269054
526,3,3,12.53048780487805,11.129443430661905,1,115.74978127734033,75.21727102973443
527,3,3,12.53048780487805,11.129443430661905,2,121.86742424242425,78.83181112294174
528,3,3,12.53048780487805,11.129443430661905,3,125.97064393939394,78.7389597464599
529,3,3,12.53048780487805,11.129443430661905,4,128.47482638888889,76.41044041206908
530,3,3,12.53048780487805,11.129443430661905,5,108.58506944444444,67.94356568107276
531,3,3,12.53048780487805,11.129443430661905,6,94.61979166666667,59.47670344434389
532,3,4,16.36890243902439,8.084485615064052,0,106.04340277777777,67.77569325269054
533,3,4,16.36890243902439,8.084485615064052,1,115.74978127734033,75.21727102973443
534,3,4,16.36890243902439,8.084485615064052,2,121.86742424242425,78.83181112294174
535,3,4,16.36890243902439,8.084485615064052,3,125.97064393939394,78.7389597464599
536,3,4,16.36890243902439,8.084485615064052,4,128.47482638888889,76.41044041206908
537,3,4,16.36890243902439,8.084485615064052,5,108.58506944444444,67.94356568107276
538,3,4,16.36890243902439,8.084485615064052,6,94.61979166666667,59.47670344434389
539,3,5,34.08841463414634,16.74694147762736,0,106.04340277777777,67.77569325269054
540,3,5,34.08841463414634,16.74694147762736,1,115.74978127734033,75.21727102973443
541,3,5,34.08841463414634,16.74694147762736,2,121.86742424242425,78.83181112294174
542,3,5,34.08841463414634,16.74694147762736,3,125.97064393939394,78.7389597464599
543,3,5,34.08841463414634,16.74694147762736,4,128.47482638888889,76.41044041206908
544,3,5,34.08841463414634,16.74694147762736,5,108.58506944444444,67.94356568107276
545,3,5,34.08841463414634,16.74694147762736,6,94.61979166666667,59.47670344434389
546,3,6,97.77743902439025,53.5187741230628,0,106.04340277777777,67.77569325269054
547,3,6,97.77743902439025,53.5187741230628,1,115.74978127734033,75.21727102973443
548,3,6,97.77743902439025,53.5187741230628,2,121.86742424242425,78.83181112294174
549,3,6,97.77743902439025,53.5187741230628,3,125.97064393939394,78.7389597464599
550,3,6,97.77743902439025,53.5187741230628,4,128.47482638888889,76.41044041206908
551,3,6,97.77743902439025,53.5187741230628,5,108.58506944444444,67.94356568107276
552,3,6,97.77743902439025,53.5187741230628,6,94.61979166666667,59.47670344434389
553,3,7,188.90243902439025,92.77938843073049,0,106.04340277777777,67.77569325269054
554,3,7,188.90243902439025,92.77938843073049,1,115.74978127734033,75.21727102973443
555,3,7,188.90243902439025,92.77938843073049,2,121.86742424242425,78.83181112294174
556,3,7,188.90243902439025,92.77938843073049,3,125.97064393939394,78.7389597464599
557,3,7,188.90243902439025,92.77938843073049,4,128.47482638888889,76.41044041206908
558,3,7,188.90243902439025,92.77938843073049,5,108.58506944444444,67.94356568107276
559,3,7,188.90243902439025,92.77938843073049,6,94.61979166666667,59.47670344434389
560,3,8,197.83841463414635,79.72165714322811,0,106.04340277777777,67.77569325269054
561,3,8,197.83841463414635,79.72165714322811,1,115.74978127734033,75.21727102973443
562,3,8,197.83841463414635,79.72165714322811,2,121.86742424242425,78.83181112294174
563,3,8,197.83841463414635,79.72165714322811,3,125.97064393939394,78.7389597464599
564,3,8,197.83841463414635,79.72165714322811,4,128.47482638888889,76.41044041206908
565,3,8,197.83841463414635,79.72165714322811,5,108.58506944444444,67.94356568107276
566,3,8,197.83841463414635,79.72165714322811,6,94.61979166666667,59.47670344434389
567,3,9,171.27439024390245,43.39405196342499,0,106.04340277777777,67.77569325269054
568,3,9,171.27439024390245,43.39405196342499,1,115.74978127734033,75.21727102973443
569,3,9,171.27439024390245,43.39405196342499,2,121.86742424242425,78.83181112294174
570,3,9,171.27439024390245,43.39405196342499,3,125.97064393939394,78.7389597464599
571,3,9,171.27439024390245,43.39405196342499,4,128.47482638888889,76.41044041206908
572,3,9,171.27439024390245,43.39405196342499,5,108.58506944444444,67.94356568107276
573,3,9,171.27439024390245,43.39405196342499,6,94.61979166666667,59.47670344434389
574,3,10,159.23170731707316,32.32293049227224,0,106.04340277777777,67.77569325269054
575,3,10,159.23170731707316,32.32293049227224,1,115.74978127734033,75.21727102973443
576,3,10,159.23170731707316,32.32293049227224,2,121.86742424242425,78.83181112294174
577,3,10,159.23170731707316,32.32293049227224,3,125.97064393939394,78.7389597464599
578,3,10,159.23170731707316,32.32293049227224,4,128.47482638888889,76.41044041206908
579,3,10,159.23170731707316,32.32293049227224,5,108.58506944444444,67.94356568107276
580,3,10,159.23170731707316,32.32293049227224,6,94.61979166666667,59.47670344434389
581,3,11,155.35060975609755,32.84709641271701,0,106.04340277777777,67.77569325269054
582,3,11,155.35060975609755,32.84709641271701,1,115.74978127734033,75.21727102973443
583,3,11,155.35060975609755,32.84709641271701,2,121.86742424242425,78.83181112294174
584,3,11,155.35060975609755,32.84709641271701,3,125.97064393939394,78.7389597464599
585,3,11,155.35060975609755,32.84709641271701,4,128.47482638888889,76.41044041206908
586,3,11,155.35060975609755,32.84709641271701,5,108.58506944444444,67.94356568107276
587,3,11,155.35060975609755,32.84709641271701,6,94.61979166666667,59.47670344434389
588,3,12,160.10060975609755,30.382358467523208,0,106.04340277777777,67.77569325269054
589,3,12,160.10060975609755,30.382358467523208,1,115.74978127734033,75.21727102973443
590,3,12,160.10060975609755,30.382358467523208,2,121.86742424242425,78.83181112294174
591,3,12,160.10060975609755,30.382358467523208,3,125.97064393939394,78.7389597464599
592,3,12,160.10060975609755,30.382358467523208,4,128.47482638888889,76.41044041206908
593,3,12,160.10060975609755,30.382358467523208,5,108.58506944444444,67.94356568107276
594,3,12,160.10060975609755,30.382358467523208,6,94.61979166666667,59.47670344434389
595,3,13,146.8231707317073,28.7620068746428,0,106.04340277777777,67.77569325269054
596,3,13,146.8231707317073,28.7620068746428,1,115.74978127734033,75.21727102973443
597,3,13,146.8231707317073,28.7620068746428,2,121.86742424242425,78.83181112294174
598,3,13,146.8231707317073,28.7620068746428,3,125.97064393939394,78.7389597464599
599,3,13,146.8231707317073,28.7620068746428,4,128.47482638888889,76.41044041206908
600,3,13,146.8231707317073,28.7620068746428,5,108.58506944444444,67.94356568107276
601,3,13,146.8231707317073,28.7620068746428,6,94.61979166666667,59.47670344434389
602,3,14,152.4878048780488,28.7915609035801,0,106.04340277777777,67.77569325269054
603,3,14,152.4878048780488,28.7915609035801,1,115.74978127734033,75.21727102973443
604,3,14,152.4878048780488,28.7915609035801,2,121.86742424242425,78.83181112294174
605,3,14,152.4878048780488,28.7915609035801,3,125.97064393939394,78.7389597464599
606,3,14,152.4878048780488,28.7915609035801,4,128.47482638888889,76.41044041206908
607,3,14,152.4878048780488,28.7915609035801,5,108.58506944444444,67.94356568107276
608,3,14,152.4878048780488,28.7915609035801,6,94.61979166666667,59.47670344434389
609,3,15,174.9939024390244,45.20277074011865,0,106.04340277777777,67.77569325269054
610,3,15,174.9939024390244,45.20277074011865,1,115.74978127734033,75.21727102973443
611,3,15,174.9939024390244,45.20277074011865,2,121.86742424242425,78.83181112294174
612,3,15,174.9939024390244,45.20277074011865,3,125.97064393939394,78.7389597464599
613,3,15,174.9939024390244,45.20277074011865,4,128.47482638888889,76.41044041206908
614,3,15,174.9939024390244,45.20277074011865,5,108.58506944444444,67.94356568107276
615,3,15,174.9939024390244,45.20277074011865,6,94.61979166666667,59.47670344434389
616,3,16,143.22256097560975,25.92631012550956,0,106.04340277777777,67.77569325269054
617,3,16,143.22256097560975,25.92631012550956,1,115.74978127734033,75.21727102973443
618,3,16,143.22256097560975,25.92631012550956,2,121.86742424242425,78.83181112294174
619,3,16,143.22256097560975,25.92631012550956,3,125.97064393939394,78.7389597464599
620,3,16,143.22256097560975,25.92631012550956,4,128.47482638888889,76.41044041206908
621,3,16,143.22256097560975,25.92631012550956,5,108.58506944444444,67.94356568107276
622,3,16,143.22256097560975,25.92631012550956,6,94.61979166666667,59.47670344434389
623,3,17,167.14634146341464,35.407931850791904,0,106.04340277777777,67.77569325269054
624,3,17,167.14634146341464,35.407931850791904,1,115.74978127734033,75.21727102973443
625,3,17,167.14634146341464,35.407931850791904,2,121.86742424242425,78.83181112294174
626,3,17,167.14634146341464,35.407931850791904,3,125.97064393939394,78.7389597464599
627,3,17,167.14634146341464,35.407931850791904,4,128.47482638888889,76.41044041206908
628,3,17,167.14634146341464,35.407931850791904,5,108.58506944444444,67.94356568107276
629,3,17,167.14634146341464,35.407931850791904,6,94.61979166666667,59.47670344434389
630,3,18,177.8140243902439,37.26463981707928,0,106.04340277777777,67.77569325269054
631,3,18,177.8140243902439,37.26463981707928,1,115.74978127734033,75.21727102973443
632,3,18,177.8140243902439,37.26463981707928,2,121.86742424242425,78.83181112294174
633,3,18,177.8140243902439,37.26463981707928,3,125.97064393939394,78.7389597464599
634,3,18,177.8140243902439,37.26463981707928,4,128.47482638888889,76.41044041206908
635,3,18,177.8140243902439,37.26463981707928,5,108.58506944444444,67.94356568107276
636,3,18,177.8140243902439,37.26463981707928,6,94.61979166666667,59.47670344434389
637,3,19,151.28963414634146,39.47032659114069,0,106.04340277777777,67.77569325269054
638,3,19,151.28963414634146,39.47032659114069,1,115.74978127734033,75.21727102973443
639,3,19,151.28963414634146,39.47032659114069,2,121.86742424242425,78.83181112294174
640,3,19,151.28963414634146,39.47032659114069,3,125.97064393939394,78.7389597464599
641,3,19,151.28963414634146,39.47032659114069,4,128.47482638888889,76.41044041206908
642,3,19,151.28963414634146,39.47032659114069,5,108.58506944444444,67.94356568107276
643,3,19,151.28963414634146,39.47032659114069,6,94.61979166666667,59.47670344434389
644,3,20,113.75,29.512424170646057,0,106.04340277777777,67.77569325269054
645,3,20,113.75,29.512424170646057,1,115.74978127734033,75.21727102973443
646,3,20,113.75,29.512424170646057,2,121.86742424242425,78.83181112294174
647,3,20,113.75,29.512424170646057,3,125.97064393939394,78.7389597464599
648,3,20,113.75,29.512424170646057,4,128.47482638888889,76.41044041206908
649,3,20,113.75,29.512424170646057,5,108.58506944444444,67.94356568107276
650,3,20,113.75,29.512424170646057,6,94.61979166666667,59.47670344434389
651,3,21,98.04892966360856,26.480993133134632,0,106.04340277777777,67.77569325269054
652,3,21,98.04892966360856,26.480993133134632,1,115.74978127734033,75.21727102973443
653,3,21,98.04892966360856,26.480993133134632,2,121.86742424242425,78.83181112294174
654,3,21,98.04892966360856,26.480993133134632,3,125.97064393939394,78.7389597464599
655,3,21,98.04892966360856,26.480993133134632,4,128.47482638888889,76.41044041206908
656,3,21,98.04892966360856,26.480993133134632,5,108.58506944444444,67.94356568107276
657,3,21,98.04892966360856,26.480993133134632,6,94.61979166666667,59.47670344434389
658,3,22,80.72839506172839,31.23198421943557,0,106.04340277777777,67.77569325269054
659,3,22,80.72839506172839,31.23198421943557,1,115.74978127734033,75.21727102973443
660,3,22,80.72839506172839,31.23198421943557,2,121.86742424242425,78.83181112294174
661,3,22,80.72839506172839,31.23198421943557,3,125.97064393939394,78.7389597464599
662,3,22,80.72839506172839,31.23198421943557,4,128.47482638888889,76.41044041206908
663,3,22,80.72839506172839,31.23198421943557,5,108.58506944444444,67.94356568107276
664,3,22,80.72839506172839,31.23198421943557,6,94.61979166666667,59.47670344434389
665,3,23,60.120370370370374,29.715592302166776,0,106.04340277777777,67.77569325269054
666,3,23,60.120370370370374,29.715592302166776,1,115.74978127734033,75.21727102973443
667,3,23,60.120370370370374,29.715592302166776,2,121.86742424242425,78.83181112294174
668,3,23,60.120370370370374,29.715592302166776,3,125.97064393939394,78.7389597464599
669,3,23,60.120370370370374,29.715592302166776,4,128.47482638888889,76.41044041206908
670,3,23,60.120370370370374,29.715592302166776,5,108.58506944444444,67.94356568107276
671,3,23,60.120370370370374,29.715592302166776,6,94.61979166666667,59.47670344434389
672,4,0,18.21951219512195,10.412324372775153,0,5.2890625,4.157492706145223
673,4,0,18.21951219512195,10.412324372775153,1,5.2799650043744535,4.023835637635336
674,4,0,18.21951219512195,10.412324372775153,2,5.888257575757576,4.506216285036203
675,4,0,18.21951219512195,10.412324372775153,3,5.797348484848484,4.578605985802877
676,4,0,18.21951219512195,10.412324372775153,4,8.73263888888889,14.876428529198193
677,4,0,18.21951219512195,10.412324372775153,5,10.491319444444445,10.83731339372371
678,4,0,18.21951219512195,10.412324372775153,6,10.815972222222221,12.043397710767994
679,4,1,18.588414634146343,16.083063819479072,0,5.2890625,4.157492706145223
680,4,1,18.588414634146343,16.083063819479072,1,5.2799650043744535,4.023835637635336
681,4,1,18.588414634146343,16.083063819479072,2,5.888257575757576,4.506216285036203
682,4,1,18.588414634146343,16.083063819479072,3,5.797348484848484,4.578605985802877
683,4,1,18.588414634146343,16.083063819479072,4,8.73263888888889,14.876428529198193
684,4,1,18.588414634146343,16.083063819479072,5,10.491319444444445,10.83731339372371
685,4,1,18.588414634146343,16.083063819479072,6,10.815972222222221,12.043397710767994
686,4,2,15.746951219512194,18.489272611048996,0,5.2890625,4.157492706145223
687,4,2,15.746951219512194,18.489272611048996,1,5.2799650043744535,4.023835637635336
688,4,2,15.746951219512194,18.489272611048996,2,5.888257575757576,4.506216285036203
689,4,2,15.746951219512194,18.489272611048996,3,5.797348484848484,4.578605985802877
690,4,2,15.746951219512194,18.489272611048996,4,8.73263888888889,14.876428529198193
691,4,2,15.746951219512194,18.489272611048996,5,10.491319444444445,10.83731339372371
692,4,2,15.746951219512194,18.489272611048996,6,10.815972222222221,12.043397710767994
693,4,3,13.856707317073171,17.273148740532097,0,5.2890625,4.157492706145223
694,4,3,13.856707317073171,17.273148740532097,1,5.2799650043744535,4.023835637635336
695,4,3,13.856707317073171,17.273148740532097,2,5.888257575757576,4.506216285036203
696,4,3,13.856707317073171,17.273148740532097,3,5.797348484848484,4.578605985802877
697,4,3,13.856707317073171,17.273148740532097,4,8.73263888888889,14.876428529198193
698,4,3,13.856707317073171,17.273148740532097,5,10.491319444444445,10.83731339372371
699,4,3,13.856707317073171,17.273148740532097,6,10.815972222222221,12.043397710767994
700,4,4,11.234756097560975,13.816061629919588,0,5.2890625,4.157492706145223
701,4,4,11.234756097560975,13.816061629919588,1,5.2799650043744535,4.023835637635336
702,4,4,11.234756097560975,13.816061629919588,2,5.888257575757576,4.506216285036203
703,4,4,11.234756097560975,13.816061629919588,3,5.797348484848484,4.578605985802877
704,4,4,11.234756097560975,13.816061629919588,4,8.73263888888889,14.876428529198193
705,4,4,11.234756097560975,13.816061629919588,5,10.491319444444445,10.83731339372371
706,4,4,11.234756097560975,13.816061629919588,6,10.815972222222221,12.043397710767994
707,4,5,6.536585365853658,7.973879562489894,0,5.2890625,4.157492706145223
708,4,5,6.536585365853658,7.973879562489894,1,5.2799650043744535,4.023835637635336
709,4,5,6.536585365853658,7.973879562489894,2,5.888257575757576,4.506216285036203
710,4,5,6.536585365853658,7.973879562489894,3,5.797348484848484,4.578605985802877
711,4,5,6.536585365853658,7.973879562489894,4,8.73263888888889,14.876428529198193
712,4,5,6.536585365853658,7.973879562489894,5,10.491319444444445,10.83731339372371
713,4,5,6.536585365853658,7.973879562489894,6,10.815972222222221,12.043397710767994
714,4,6,4.865853658536586,4.285705406192964,0,5.2890625,4.157492706145223
715,4,6,4.865853658536586,4.285705406192964,1,5.2799650043744535,4.023835637635336
716,4,6,4.865853658536586,4.285705406192964,2,5.888257575757576,4.506216285036203
717,4,6,4.865853658536586,4.285705406192964,3,5.797348484848484,4.578605985802877
718,4,6,4.865853658536586,4.285705406192964,4,8.73263888888889,14.876428529198193
719,4,6,4.865853658536586,4.285705406192964,5,10.491319444444445,10.83731339372371
720,4,6,4.865853658536586,4.285705406192964,6,10.815972222222221,12.043397710767994
721,4,7,4.222560975609756,3.5909983656812847,0,5.2890625,4.157492706145223
722,4,7,4.222560975609756,3.5909983656812847,1,5.2799650043744535,4.023835637635336
723,4,7,4.222560975609756,3.5909983656812847,2,5.888257575757576,4.506216285036203
724,4,7,4.222560975609756,3.5909983656812847,3,5.797348484848484,4.578605985802877
725,4,7,4.222560975609756,3.5909983656812847,4,8.73263888888889,14.876428529198193
726,4,7,4.222560975609756,3.5909983656812847,5,10.491319444444445,10.83731339372371
727,4,7,4.222560975609756,3.5909983656812847,6,10.815972222222221,12.043397710767994
728,4,8,3.7713414634146343,3.2780665824738513,0,5.2890625,4.157492706145223
729,4,8,3.7713414634146343,3.2780665824738513,1,5.2799650043744535,4.023835637635336
730,4,8,3.7713414634146343,3.2780665824738513,2,5.888257575757576,4.506216285036203
731,4,8,3.7713414634146343,3.2780665824738513,3,5.797348484848484,4.578605985802877
732,4,8,3.7713414634146343,3.2780665824738513,4,8.73263888888889,14.876428529198193
733,4,8,3.7713414634146343,3.2780665824738513,5,10.491319444444445,10.83731339372371
734,4,8,3.7713414634146343,3.2780665824738513,6,10.815972222222221,12.043397710767994
735,4,9,4.338414634146342,3.581056160989994,0,5.2890625,4.157492706145223
736,4,9,4.338414634146342,3.581056160989994,1,5.2799650043744535,4.023835637635336
737,4,9,4.338414634146342,3.581056160989994,2,5.888257575757576,4.506216285036203
738,4,9,4.338414634146342,3.581056160989994,3,5.797348484848484,4.578605985802877
739,4,9,4.338414634146342,3.581056160989994,4,8.73263888888889,14.876428529198193
740,4,9,4.338414634146342,3.581056160989994,5,10.491319444444445,10.83731339372371
741,4,9,4.338414634146342,3.581056160989994,6,10.815972222222221,12.043397710767994
742,4,10,4.564024390243903,3.8283728659348935,0,5.2890625,4.157492706145223
743,4,10,4.564024390243903,3.8283728659348935,1,5.2799650043744535,4.023835637635336
744,4,10,4.564024390243903,3.8283728659348935,2,5.888257575757576,4.506216285036203
745,4,10,4.564024390243903,3.8283728659348935,3,5.797348484848484,4.578605985802877
746,4,10,4.564024390243903,3.8283728659348935,4,8.73263888888889,14.876428529198193
747,4,10,4.564024390243903,3.8283728659348935,5,10.491319444444445,10.83731339372371
748,4,10,4.564024390243903,3.8283728659348935,6,10.815972222222221,12.043397710767994
749,4,11,4.771341463414634,3.7725268787964783,0,5.2890625,4.157492706145223
750,4,11,4.771341463414634,3.7725268787964783,1,5.2799650043744535,4.023835637635336
751,4,11,4.771341463414634,3.7725268787964783,2,5.888257575757576,4.506216285036203
752,4,11,4.771341463414634,3.7725268787964783,3,5.797348484848484,4.578605985802877
753,4,11,4.771341463414634,3.7725268787964783,4,8.73263888888889,14.876428529198193
754,4,11,4.771341463414634,3.7725268787964783,5,10.491319444444445,10.83731339372371
755,4,11,4.771341463414634,3.7725268787964783,6,10.815972222222221,12.043397710767994
756,4,12,4.820121951219512,3.8178668953150208,0,5.2890625,4.157492706145223
757,4,12,4.820121951219512,3.8178668953150208,1,5.2799650043744535,4.023835637635336
758,4,12,4.820121951219512,3.8178668953150208,2,5.888257575757576,4.506216285036203
759,4,12,4.820121951219512,3.8178668953150208,3,5.797348484848484,4.578605985802877
760,4,12,4.820121951219512,3.8178668953150208,4,8.73263888888889,14.876428529198193
761,4,12,4.820121951219512,3.8178668953150208,5,10.491319444444445,10.83731339372371
762,4,12,4.820121951219512,3.8178668953150208,6,10.815972222222221,12.043397710767994
763,4,13,3.8841463414634148,3.3517522739211825,0,5.2890625,4.157492706145223
764,4,13,3.8841463414634148,3.3517522739211825,1,5.2799650043744535,4.023835637635336
765,4,13,3.8841463414634148,3.3517522739211825,2,5.888257575757576,4.506216285036203
766,4,13,3.8841463414634148,3.3517522739211825,3,5.797348484848484,4.578605985802877
767,4,13,3.8841463414634148,3.3517522739211825,4,8.73263888888889,14.876428529198193
768,4,13,3.8841463414634148,3.3517522739211825,5,10.491319444444445,10.83731339372371
769,4,13,3.8841463414634148,3.3517522739211825,6,10.815972222222221,12.043397710767994
770,4,14,3.9603658536585367,3.4510490166445136,0,5.2890625,4.157492706145223
771,4,14,3.9603658536585367,3.4510490166445136,1,5.2799650043744535,4.023835637635336
772,4,14,3.9603658536585367,3.4510490166445136,2,5.888257575757576,4.506216285036203
773,4,14,3.9603658536585367,3.4510490166445136,3,5.797348484848484,4.578605985802877
774,4,14,3.9603658536585367,3.4510490166445136,4,8.73263888888889,14.876428529198193
775,4,14,3.9603658536585367,3.4510490166445136,5,10.491319444444445,10.83731339372371
776,4,14,3.9603658536585367,3.4510490166445136,6,10.815972222222221,12.043397710767994
777,4,15,4.234756097560975,3.56543197089868,0,5.2890625,4.157492706145223
778,4,15,4.234756097560975,3.56543197089868,1,5.2799650043744535,4.023835637635336
779,4,15,4.234756097560975,3.56543197089868,2,5.888257575757576,4.506216285036203
780,4,15,4.234756097560975,3.56543197089868,3,5.797348484848484,4.578605985802877
781,4,15,4.234756097560975,3.56543197089868,4,8.73263888888889,14.876428529198193
782,4,15,4.234756097560975,3.56543197089868,5,10.491319444444445,10.83731339372371
783,4,15,4.234756097560975,3.56543197089868,6,10.815972222222221,12.043397710767994
784,4,16,4.161585365853658,3.547164080515181,0,5.2890625,4.157492706145223
785,4,16,4.161585365853658,3.547164080515181,1,5.2799650043744535,4.023835637635336
786,4,16,4.161585365853658,3.547164080515181,2,5.888257575757576,4.506216285036203
787,4,16,4.161585365853658,3.547164080515181,3,5.797348484848484,4.578605985802877
788,4,16,4.161585365853658,3.547164080515181,4,8.73263888888889,14.876428529198193
789,4,16,4.161585365853658,3.547164080515181,5,10.491319444444445,10.83731339372371
790,4,16,4.161585365853658,3.547164080515181,6,10.815972222222221,12.043397710767994
791,4,17,4.079268292682927,3.4241180138025658,0,5.2890625,4.157492706145223
792,4,17,4.079268292682927,3.4241180138025658,1,5.2799650043744535,4.023835637635336
793,4,17,4.079268292682927,3.4241180138025658,2,5.888257575757576,4.506216285036203
794,4,17,4.079268292682927,3.4241180138025658,3,5.797348484848484,4.578605985802877
795,4,17,4.079268292682927,3.4241180138025658,4,8.73263888888889,14.876428529198193
796,4,17,4.079268292682927,3.4241180138025658,5,10.491319444444445,10.83731339372371
797,4,17,4.079268292682927,3.4241180138025658,6,10.815972222222221,12.043397710767994
798,4,18,4.189024390243903,3.1749596004099154,0,5.2890625,4.157492706145223
799,4,18,4.189024390243903,3.1749596004099154,1,5.2799650043744535,4.023835637635336
800,4,18,4.189024390243903,3.1749596004099154,2,5.888257575757576,4.506216285036203
801,4,18,4.189024390243903,3.1749596004099154,3,5.797348484848484,4.578605985802877
802,4,18,4.189024390243903,3.1749596004099154,4,8.73263888888889,14.876428529198193
803,4,18,4.189024390243903,3.1749596004099154,5,10.491319444444445,10.83731339372371
804,4,18,4.189024390243903,3.1749596004099154,6,10.815972222222221,12.043397710767994
805,4,19,5.015243902439025,3.1228289243550313,0,5.2890625,4.157492706145223
806,4,19,5.015243902439025,3.1228289243550313,1,5.2799650043744535,4.023835637635336
807,4,19,5.015243902439025,3.1228289243550313,2,5.888257575757576,4.506216285036203
808,4,19,5.015243902439025,3.1228289243550313,3,5.797348484848484,4.578605985802877
809,4,19,5.015243902439025,3.1228289243550313,4,8.73263888888889,14.876428529198193
810,4,19,5.015243902439025,3.1228289243550313,5,10.491319444444445,10.83731339372371
811,4,19,5.015243902439025,3.1228289243550313,6,10.815972222222221,12.043397710767994
812,4,20,5.115853658536586,2.846532071624663,0,5.2890625,4.157492706145223
813,4,20,5.115853658536586,2.846532071624663,1,5.2799650043744535,4.023835637635336
814,4,20,5.115853658536586,2.846532071624663,2,5.888257575757576,4.506216285036203
815,4,20,5.115853658536586,2.846532071624663,3,5.797348484848484,4.578605985802877
816,4,20,5.115853658536586,2.846532071624663,4,8.73263888888889,14.876428529198193
817,4,20,5.115853658536586,2.846532071624663,5,10.491319444444445,10.83731339372371
818,4,20,5.115853658536586,2.846532071624663,6,10.815972222222221,12.043397710767994
819,4,21,6.6422018348623855,2.953181509257836,0,5.2890625,4.157492706145223
820,4,21,6.6422018348623855,2.953181509257836,1,5.2799650043744535,4.023835637635336
821,4,21,6.6422018348623855,2.953181509257836,2,5.888257575757576,4.506216285036203
822,4,21,6.6422018348623855,2.953181509257836,3,5.797348484848484,4.578605985802877
823,4,21,6.6422018348623855,2.953181509257836,4,8.73263888888889,14.876428529198193
824,4,21,6.6422018348623855,2.953181509257836,5,10.491319444444445,10.83731339372371
825,4,21,6.6422018348623855,2.953181509257836,6,10.815972222222221,12.043397710767994
826,4,22,9.796296296296296,4.914928152867548,0,5.2890625,4.157492706145223
827,4,22,9.796296296296296,4.914928152867548,1,5.2799650043744535,4.023835637635336
828,4,22,9.796296296296296,4.914928152867548,2,5.888257575757576,4.506216285036203
829,4,22,9.796296296296296,4.914928152867548,3,5.797348484848484,4.578605985802877
830,4,22,9.796296296296296,4.914928152867548,4,8.73263888888889,14.876428529198193
831,4,22,9.796296296296296,4.914928152867548,5,10.491319444444445,10.83731339372371
832,4,22,9.796296296296296,4.914928152867548,6,10.815972222222221,12.043397710767994
833,4,23,13.796296296296296,6.812062592667939,0,5.2890625,4.157492706145223
834,4,23,13.796296296296296,6.812062592667939,1,5.2799650043744535,4.023835637635336
835,4,23,13.796296296296296,6.812062592667939,2,5.888257575757576,4.506216285036203
836,4,23,13.796296296296296,6.812062592667939,3,5.797348484848484,4.578605985802877
837,4,23,13.796296296296296,6.812062592667939,4,8.73263888888889,14.876428529198193
838,4,23,13.796296296296296,6.812062592667939,5,10.491319444444445,10.83731339372371
839,4,23,13.796296296296296,6.812062592667939,6,10.815972222222221,12.043397710767994
840,5,0,12.478658536585366,7.170243174802264,0,4.669270833333333,3.3111181198706707
841,5,0,12.478658536585366,7.170243174802264,1,4.405949256342957,3.1464042169669137
842,5,0,12.478658536585366,7.170243174802264,2,4.753787878787879,3.413936429064224
843,5,0,12.478658536585366,7.170243174802264,3,4.978219696969697,3.664676919225433
844,5,0,12.478658536585366,7.170243174802264,4,6.603298611111111,8.888815464924754
845,5,0,12.478658536585366,7.170243174802264,5,7.668402777777778,5.719274791133896
846,5,0,12.478658536585366,7.170243174802264,6,8.410590277777779,6.269975258869724
847,5,1,10.789634146341463,10.07502206402112,0,4.669270833333333,3.3111181198706707
848,5,1,10.789634146341463,10.07502206402112,1,4.405949256342957,3.1464042169669137
849,5,1,10.789634146341463,10.07502206402112,2,4.753787878787879,3.413936429064224
850,5,1,10.789634146341463,10.07502206402112,3,4.978219696969697,3.664676919225433
851,5,1,10.789634146341463,10.07502206402112,4,6.603298611111111,8.888815464924754
852,5,1,10.789634146341463,10.07502206402112,5,7.668402777777778,5.719274791133896
853,5,1,10.789634146341463,10.07502206402112,6,8.410590277777779,6.269975258869724
854,5,2,8.640243902439025,10.807114654590048,0,4.669270833333333,3.3111181198706707
855,5,2,8.640243902439025,10.807114654590048,1,4.405949256342957,3.1464042169669137
856,5,2,8.640243902439025,10.807114654590048,2,4.753787878787879,3.413936429064224
857,5,2,8.640243902439025,10.807114654590048,3,4.978219696969697,3.664676919225433
858,5,2,8.640243902439025,10.807114654590048,4,6.603298611111111,8.888815464924754
859,5,2,8.640243902439025,10.807114654590048,5,7.668402777777778,5.719274791133896
860,5,2,8.640243902439025,10.807114654590048,6,8.410590277777779,6.269975258869724
861,5,3,6.753048780487805,8.691272460129552,0,4.669270833333333,3.3111181198706707
862,5,3,6.753048780487805,8.691272460129552,1,4.405949256342957,3.1464042169669137
863,5,3,6.753048780487805,8.691272460129552,2,4.753787878787879,3.413936429064224
864,5,3,6.753048780487805,8.691272460129552,3,4.978219696969697,3.664676919225433
865,5,3,6.753048780487805,8.691272460129552,4,6.603298611111111,8.888815464924754
866,5,3,6.753048780487805,8.691272460129552,5,7.668402777777778,5.719274791133896
867,5,3,6.753048780487805,8.691272460129552,6,8.410590277777779,6.269975258869724
868,5,4,6.274390243902439,6.597493935773269,0,4.669270833333333,3.3111181198706707
869,5,4,6.274390243902439,6.597493935773269,1,4.405949256342957,3.1464042169669137
870,5,4,6.274390243902439,6.597493935773269,2,4.753787878787879,3.413936429064224
871,5,4,6.274390243902439,6.597493935773269,3,4.978219696969697,3.664676919225433
872,5,4,6.274390243902439,6.597493935773269,4,6.603298611111111,8.888815464924754
873,5,4,6.274390243902439,6.597493935773269,5,7.668402777777778,5.719274791133896
874,5,4,6.274390243902439,6.597493935773269,6,8.410590277777779,6.269975258869724
875,5,5,4.064024390243903,3.5666032838139956,0,4.669270833333333,3.3111181198706707
876,5,5,4.064024390243903,3.5666032838139956,1,4.405949256342957,3.1464042169669137
877,5,5,4.064024390243903,3.5666032838139956,2,4.753787878787879,3.413936429064224
878,5,5,4.064024390243903,3.5666032838139956,3,4.978219696969697,3.664676919225433
879,5,5,4.064024390243903,3.5666032838139956,4,6.603298611111111,8.888815464924754
880,5,5,4.064024390243903,3.5666032838139956,5,7.668402777777778,5.719274791133896
881,5,5,4.064024390243903,3.5666032838139956,6,8.410590277777779,6.269975258869724
882,5,6,4.664634146341464,2.8376616100483845,0,4.669270833333333,3.3111181198706707
883,5,6,4.664634146341464,2.8376616100483845,1,4.405949256342957,3.1464042169669137
884,5,6,4.664634146341464,2.8376616100483845,2,4.753787878787879,3.413936429064224
885,5,6,4.664634146341464,2.8376616100483845,3,4.978219696969697,3.664676919225433
886,5,6,4.664634146341464,2.8376616100483845,4,6.603298611111111,8.888815464924754
887,5,6,4.664634146341464,2.8376616100483845,5,7.668402777777778,5.719274791133896
888,5,6,4.664634146341464,2.8376616100483845,6,8.410590277777779,6.269975258869724
889,5,7,5.823170731707317,3.3123547351168217,0,4.669270833333333,3.3111181198706707
890,5,7,5.823170731707317,3.3123547351168217,1,4.405949256342957,3.1464042169669137
891,5,7,5.823170731707317,3.3123547351168217,2,4.753787878787879,3.413936429064224
892,5,7,5.823170731707317,3.3123547351168217,3,4.978219696969697,3.664676919225433
893,5,7,5.823170731707317,3.3123547351168217,4,6.603298611111111,8.888815464924754
894,5,7,5.823170731707317,3.3123547351168217,5,7.668402777777778,5.719274791133896
895,5,7,5.823170731707317,3.3123547351168217,6,8.410590277777779,6.269975258869724
896,5,8,5.661585365853658,3.1299265634171967,0,4.669270833333333,3.3111181198706707
897,5,8,5.661585365853658,3.1299265634171967,1,4.405949256342957,3.1464042169669137
898,5,8,5.661585365853658,3.1299265634171967,2,4.753787878787879,3.413936429064224
899,5,8,5.661585365853658,3.1299265634171967,3,4.978219696969697,3.664676919225433
900,5,8,5.661585365853658,3.1299265634171967,4,6.603298611111111,8.888815464924754
901,5,8,5.661585365853658,3.1299265634171967,5,7.668402777777778,5.719274791133896
902,5,8,5.661585365853658,3.1299265634171967,6,8.410590277777779,6.269975258869724
903,5,9,4.5,3.0530478079177206,0,4.669270833333333,3.3111181198706707
904,5,9,4.5,3.0530478079177206,1,4.405949256342957,3.1464042169669137
905,5,9,4.5,3.0530478079177206,2,4.753787878787879,3.413936429064224
906,5,9,4.5,3.0530478079177206,3,4.978219696969697,3.664676919225433
907,5,9,4.5,3.0530478079177206,4,6.603298611111111,8.888815464924754
908,5,9,4.5,3.0530478079177206,5,7.668402777777778,5.719274791133896
909,5,9,4.5,3.0530478079177206,6,8.410590277777779,6.269975258869724
910,5,10,4.3567073170731705,3.387901321410649,0,4.669270833333333,3.3111181198706707
911,5,10,4.3567073170731705,3.387901321410649,1,4.405949256342957,3.1464042169669137
912,5,10,4.3567073170731705,3.387901321410649,2,4.753787878787879,3.413936429064224
913,5,10,4.3567073170731705,3.387901321410649,3,4.978219696969697,3.664676919225433
914,5,10,4.3567073170731705,3.387901321410649,4,6.603298611111111,8.888815464924754
915,5,10,4.3567073170731705,3.387901321410649,5,7.668402777777778,5.719274791133896
916,5,10,4.3567073170731705,3.387901321410649,6,8.410590277777779,6.269975258869724
917,5,11,4.140243902439025,3.2825871707544727,0,4.669270833333333,3.3111181198706707
918,5,11,4.140243902439025,3.2825871707544727,1,4.405949256342957,3.1464042169669137
919,5,11,4.140243902439025,3.2825871707544727,2,4.753787878787879,3.413936429064224
920,5,11,4.140243902439025,3.2825871707544727,3,4.978219696969697,3.664676919225433
921,5,11,4.140243902439025,3.2825871707544727,4,6.603298611111111,8.888815464924754
922,5,11,4.140243902439025,3.2825871707544727,5,7.668402777777778,5.719274791133896
923,5,11,4.140243902439025,3.2825871707544727,6,8.410590277777779,6.269975258869724
924,5,12,4.307926829268292,2.985131037260236,0,4.669270833333333,3.3111181198706707
925,5,12,4.307926829268292,2.985131037260236,1,4.405949256342957,3.1464042169669137
926,5,12,4.307926829268292,2.985131037260236,2,4.753787878787879,3.413936429064224
927,5,12,4.307926829268292,2.985131037260236,3,4.978219696969697,3.664676919225433
928,5,12,4.307926829268292,2.985131037260236,4,6.603298611111111,8.888815464924754
929,5,12,4.307926829268292,2.985131037260236,5,7.668402777777778,5.719274791133896
930,5,12,4.307926829268292,2.985131037260236,6,8.410590277777779,6.269975258869724
931,5,13,3.9603658536585367,2.8243614504423533,0,4.669270833333333,3.3111181198706707
932,5,13,3.9603658536585367,2.8243614504423533,1,4.405949256342957,3.1464042169669137
933,5,13,3.9603658536585367,2.8243614504423533,2,4.753787878787879,3.413936429064224
934,5,13,3.9603658536585367,2.8243614504423533,3,4.978219696969697,3.664676919225433
935,5,13,3.9603658536585367,2.8243614504423533,4,6.603298611111111,8.888815464924754
936,5,13,3.9603658536585367,2.8243614504423533,5,7.668402777777778,5.719274791133896
937,5,13,3.9603658536585367,2.8243614504423533,6,8.410590277777779,6.269975258869724
938,5,14,3.902439024390244,2.8148133972081366,0,4.669270833333333,3.3111181198706707
939,5,14,3.902439024390244,2.8148133972081366,1,4.405949256342957,3.1464042169669137
940,5,14,3.902439024390244,2.8148133972081366,2,4.753787878787879,3.413936429064224
941,5,14,3.902439024390244,2.8148133972081366,3,4.978219696969697,3.664676919225433
942,5,14,3.902439024390244,2.8148133972081366,4,6.603298611111111,8.888815464924754
943,5,14,3.902439024390244,2.8148133972081366,5,7.668402777777778,5.719274791133896
944,5,14,3.902439024390244,2.8148133972081366,6,8.410590277777779,6.269975258869724
945,5,15,3.8201219512195124,2.546441538908032,0,4.669270833333333,3.3111181198706707
946,5,15,3.8201219512195124,2.546441538908032,1,4.405949256342957,3.1464042169669137
947,5,15,3.8201219512195124,2.546441538908032,2,4.753787878787879,3.413936429064224
948,5,15,3.8201219512195124,2.546441538908032,3,4.978219696969697,3.664676919225433
949,5,15,3.8201219512195124,2.546441538908032,4,6.603298611111111,8.888815464924754
950,5,15,3.8201219512195124,2.546441538908032,5,7.668402777777778,5.719274791133896
951,5,15,3.8201219512195124,2.546441538908032,6,8.410590277777779,6.269975258869724
952,5,16,3.7195121951219514,2.4433615498856054,0,4.669270833333333,3.3111181198706707
953,5,16,3.7195121951219514,2.4433615498856054,1,4.405949256342957,3.1464042169669137
954,5,16,3.7195121951219514,2.4433615498856054,2,4.753787878787879,3.413936429064224
955,5,16,3.7195121951219514,2.4433615498856054,3,4.978219696969697,3.664676919225433
956,5,16,3.7195121951219514,2.4433615498856054,4,6.603298611111111,8.888815464924754
957,5,16,3.7195121951219514,2.4433615498856054,5,7.668402777777778,5.719274791133896
958,5,16,3.7195121951219514,2.4433615498856054,6,8.410590277777779,6.269975258869724
959,5,17,3.9908536585365852,2.5884786842869656,0,4.669270833333333,3.3111181198706707
960,5,17,3.9908536585365852,2.5884786842869656,1,4.405949256342957,3.1464042169669137
961,5,17,3.9908536585365852,2.5884786842869656,2,4.753787878787879,3.413936429064224
962,5,17,3.9908536585365852,2.5884786842869656,3,4.978219696969697,3.664676919225433
963,5,17,3.9908536585365852,2.5884786842869656,4,6.603298611111111,8.888815464924754
964,5,17,3.9908536585365852,2.5884786842869656,5,7.668402777777778,5.719274791133896
965,5,17,3.9908536585365852,2.5884786842869656,6,8.410590277777779,6.269975258869724
966,5,18,4.658536585365853,3.2499146531070706,0,4.669270833333333,3.3111181198706707
967,5,18,4.658536585365853,3.2499146531070706,1,4.405949256342957,3.1464042169669137
968,5,18,4.658536585365853,3.2499146531070706,2,4.753787878787879,3.413936429064224
969,5,18,4.658536585365853,3.2499146531070706,3,4.978219696969697,3.664676919225433
970,5,18,4.658536585365853,3.2499146531070706,4,6.603298611111111,8.888815464924754
971,5,18,4.658536585365853,3.2499146531070706,5,7.668402777777778,5.719274791133896
972,5,18,4.658536585365853,3.2499146531070706,6,8.410590277777779,6.269975258869724
973,5,19,5.387195121951219,2.8945938323304925,0,4.669270833333333,3.3111181198706707
974,5,19,5.387195121951219,2.8945938323304925,1,4.405949256342957,3.1464042169669137
975,5,19,5.387195121951219,2.8945938323304925,2,4.753787878787879,3.413936429064224
976,5,19,5.387195121951219,2.8945938323304925,3,4.978219696969697,3.664676919225433
977,5,19,5.387195121951219,2.8945938323304925,4,6.603298611111111,8.888815464924754
978,5,19,5.387195121951219,2.8945938323304925,5,7.668402777777778,5.719274791133896
979,5,19,5.387195121951219,2.8945938323304925,6,8.410590277777779,6.269975258869724
980,5,20,5.0823170731707314,2.712964366612441,0,4.669270833333333,3.3111181198706707
981,5,20,5.0823170731707314,2.712964366612441,1,4.405949256342957,3.1464042169669137
982,5,20,5.0823170731707314,2.712964366612441,2,4.753787878787879,3.413936429064224
983,5,20,5.0823170731707314,2.712964366612441,3,4.978219696969697,3.664676919225433
984,5,20,5.0823170731707314,2.712964366612441,4,6.603298611111111,8.888815464924754
985,5,20,5.0823170731707314,2.712964366612441,5,7.668402777777778,5.719274791133896
986,5,20,5.0823170731707314,2.712964366612441,6,8.410590277777779,6.269975258869724
987,5,21,6.08868501529052,2.5992142126380586,0,4.669270833333333,3.3111181198706707
988,5,21,6.08868501529052,2.5992142126380586,1,4.405949256342957,3.1464042169669137
989,5,21,6.08868501529052,2.5992142126380586,2,4.753787878787879,3.413936429064224
990,5,21,6.08868501529052,2.5992142126380586,3,4.978219696969697,3.664676919225433
991,5,21,6.08868501529052,2.5992142126380586,4,6.603298611111111,8.888815464924754
992,5,21,6.08868501529052,2.5992142126380586,5,7.668402777777778,5.719274791133896
993,5,21,6.08868501529052,2.5992142126380586,6,8.410590277777779,6.269975258869724
994,5,22,9.07716049382716,4.61424332343302,0,4.669270833333333,3.3111181198706707
995,5,22,9.07716049382716,4.61424332343302,1,4.405949256342957,3.1464042169669137
996,5,22,9.07716049382716,4.61424332343302,2,4.753787878787879,3.413936429064224
997,5,22,9.07716049382716,4.61424332343302,3,4.978219696969697,3.664676919225433
998,5,22,9.07716049382716,4.61424332343302,4,6.603298611111111,8.888815464924754
999,5,22,9.07716049382716,4.61424332343302,5,7.668402777777778,5.719274791133896
1000,5,22,9.07716049382716,4.61424332343302,6,8.410590277777779,6.269975258869724
1001,5,23,10.87037037037037,5.742286670756721,0,4.669270833333333,3.3111181198706707
1002,5,23,10.87037037037037,5.742286670756721,1,4.405949256342957,3.1464042169669137
1003,5,23,10.87037037037037,5.742286670756721,2,4.753787878787879,3.413936429064224
1004,5,23,10.87037037037037,5.742286670756721,3,4.978219696969697,3.664676919225433
1005,5,23,10.87037037037037,5.742286670756721,4,6.603298611111111,8.888815464924754
1006,5,23,10.87037037037037,5.742286670756721,5,7.668402777777778,5.719274791133896
1007,5,23,10.87037037037037,5.742286670756721,6,8.410590277777779,6.269975258869724
1008,6,0,177.64939024390245,91.65022393331986,0,229.83506944444446,120.36168582842289
1009,6,0,177.64939024390245,91.65022393331986,1,243.7707786526684,125.36727809448023
1010,6,0,177.64939024390245,91.65022393331986,2,247.95738636363637,121.01358304703982
1011,6,0,177.64939024390245,91.65022393331986,3,258.0785984848485,121.59334945459973
1012,6,0,177.64939024390245,91.65022393331986,4,262.60503472222223,118.77689476701285
1013,6,0,177.64939024390245,91.65022393331986,5,236.39670138888889,126.83515679969905
1014,6,0,177.64939024390245,91.65022393331986,6,221.50347222222223,116.34636262327066
1015,6,1,121.8140243902439,78.97380155321754,0,229.83506944444446,120.36168582842289
1016,6,1,121.8140243902439,78.97380155321754,1,243.7707786526684,125.36727809448023
1017,6,1,121.8140243902439,78.97380155321754,2,247.95738636363637,121.01358304703982
1018,6,1,121.8140243902439,78.97380155321754,3,258.0785984848485,121.59334945459973
1019,6,1,121.8140243902439,78.97380155321754,4,262.60503472222223,118.77689476701285
1020,6,1,121.8140243902439,78.97380155321754,5,236.39670138888889,126.83515679969905
1021,6,1,121.8140243902439,78.97380155321754,6,221.50347222222223,116.34636262327066
1022,6,2,83.86585365853658,59.32314702001002,0,229.83506944444446,120.36168582842289
1023,6,2,83.86585365853658,59.32314702001002,1,243.7707786526684,125.36727809448023
1024,6,2,83.86585365853658,59.32314702001002,2,247.95738636363637,121.01358304703982
1025,6,2,83.86585365853658,59.32314702001002,3,258.0785984848485,121.59334945459973
1026,6,2,83.86585365853658,59.32314702001002,4,262.60503472222223,118.77689476701285
1027,6,2,83.86585365853658,59.32314702001002,5,236.39670138888889,126.83515679969905
1028,6,2,83.86585365853658,59.32314702001002,6,221.50347222222223,116.34636262327066
1029,6,3,60.44512195121951,52.74945141373427,0,229.83506944444446,120.36168582842289
1030,6,3,60.44512195121951,52.74945141373427,1,243.7707786526684,125.36727809448023
1031,6,3,60.44512195121951,52.74945141373427,2,247.95738636363637,121.01358304703982
1032,6,3,60.44512195121951,52.74945141373427,3,258.0785984848485,121.59334945459973
1033,6,3,60.44512195121951,52.74945141373427,4,262.60503472222223,118.77689476701285
1034,6,3,60.44512195121951,52.74945141373427,5,236.39670138888889,126.83515679969905
1035,6,3,60.44512195121951,52.74945141373427,6,221.50347222222223,116.34636262327066
1036,6,4,57.573170731707314,40.63495444364899,0,229.83506944444446,120.36168582842289
1037,6,4,57.573170731707314,40.63495444364899,1,243.7707786526684,125.36727809448023
1038,6,4,57.573170731707314,40.63495444364899,2,247.95738636363637,121.01358304703982
1039,6,4,57.573170731707314,40.63495444364899,3,258.0785984848485,121.59334945459973
1040,6,4,57.573170731707314,40.63495444364899,4,262.60503472222223,118.77689476701285
1041,6,4,57.573170731707314,40.63495444364899,5,236.39670138888889,126.83515679969905
1042,6,4,57.573170731707314,40.63495444364899,6,221.50347222222223,116.34636262327066
1043,6,5,66.2560975609756,29.542510075211432,0,229.83506944444446,120.36168582842289
1044,6,5,66.2560975609756,29.542510075211432,1,243.7707786526684,125.36727809448023
1045,6,5,66.2560975609756,29.542510075211432,2,247.95738636363637,121.01358304703982
1046,6,5,66.2560975609756,29.542510075211432,3,258.0785984848485,121.59334945459973
1047,6,5,66.2560975609756,29.542510075211432,4,262.60503472222223,118.77689476701285
1048,6,5,66.2560975609756,29.542510075211432,5,236.39670138888889,126.83515679969905
1049,6,5,66.2560975609756,29.542510075211432,6,221.50347222222223,116.34636262327066
1050,6,6,186.3871951219512,92.28160972277212,0,229.83506944444446,120.36168582842289
1051,6,6,186.3871951219512,92.28160972277212,1,243.7707786526684,125.36727809448023
1052,6,6,186.3871951219512,92.28160972277212,2,247.95738636363637,121.01358304703982
1053,6,6,186.3871951219512,92.28160972277212,3,258.0785984848485,121.59334945459973
1054,6,6,186.3871951219512,92.28160972277212,4,262.60503472222223,118.77689476701285
1055,6,6,186.3871951219512,92.28160972277212,5,236.39670138888889,126.83515679969905
1056,6,6,186.3871951219512,92.28160972277212,6,221.50347222222223,116.34636262327066
1057,6,7,240.71951219512195,115.87294258368912,0,229.83506944444446,120.36168582842289
1058,6,7,240.71951219512195,115.87294258368912,1,243.7707786526684,125.36727809448023
1059,6,7,240.71951219512195,115.87294258368912,2,247.95738636363637,121.01358304703982
1060,6,7,240.71951219512195,115.87294258368912,3,258.0785984848485,121.59334945459973
1061,6,7,240.71951219512195,115.87294258368912,4,262.60503472222223,118.77689476701285
1062,6,7,240.71951219512195,115.87294258368912,5,236.39670138888889,126.83515679969905
1063,6,7,240.71951219512195,115.87294258368912,6,221.50347222222223,116.34636262327066
1064,6,8,251.890243902439,101.71504912996994,0,229.83506944444446,120.36168582842289
1065,6,8,251.890243902439,101.71504912996994,1,243.7707786526684,125.36727809448023
1066,6,8,251.890243902439,101.71504912996994,2,247.95738636363637,121.01358304703982
1067,6,8,251.890243902439,101.71504912996994,3,258.0785984848485,121.59334945459973
1068,6,8,251.890243902439,101.71504912996994,4,262.60503472222223,118.77689476701285
1069,6,8,251.890243902439,101.71504912996994,5,236.39670138888889,126.83515679969905
1070,6,8,251.890243902439,101.71504912996994,6,221.50347222222223,116.34636262327066
1071,6,9,288.8567073170732,102.13342393726721,0,229.83506944444446,120.36168582842289
1072,6,9,288.8567073170732,102.13342393726721,1,243.7707786526684,125.36727809448023
1073,6,9,288.8567073170732,102.13342393726721,2,247.95738636363637,121.01358304703982
1074,6,9,288.8567073170732,102.13342393726721,3,258.0785984848485,121.59334945459973
1075,6,9,288.8567073170732,102.13342393726721,4,262.60503472222223,118.77689476701285
1076,6,9,288.8567073170732,102.13342393726721,5,236.39670138888889,126.83515679969905
1077,6,9,288.8567073170732,102.13342393726721,6,221.50347222222223,116.34636262327066
1078,6,10,283.905487804878,75.1052283231591,0,229.83506944444446,120.36168582842289
1079,6,10,283.905487804878,75.1052283231591,1,243.7707786526684,125.36727809448023
1080,6,10,283.905487804878,75.1052283231591,2,247.95738636363637,121.01358304703982
1081,6,10,283.905487804878,75.1052283231591,3,258.0785984848485,121.59334945459973
1082,6,10,283.905487804878,75.1052283231591,4,262.60503472222223,118.77689476701285
1083,6,10,283.905487804878,75.1052283231591,5,236.39670138888889,126.83515679969905
1084,6,10,283.905487804878,75.1052283231591,6,221.50347222222223,116.34636262327066
1085,6,11,292.5853658536585,61.651323235973436,0,229.83506944444446,120.36168582842289
1086,6,11,292.5853658536585,61.651323235973436,1,243.7707786526684,125.36727809448023
1087,6,11,292.5853658536585,61.651323235973436,2,247.95738636363637,121.01358304703982
1088,6,11,292.5853658536585,61.651323235973436,3,258.0785984848485,121.59334945459973
1089,6,11,292.5853658536585,61.651323235973436,4,262.60503472222223,118.77689476701285
1090,6,11,292.5853658536585,61.651323235973436,5,236.39670138888889,126.83515679969905
1091,6,11,292.5853658536585,61.651323235973436,6,221.50347222222223,116.34636262327066
1092,6,12,305.1585365853659,61.084784816500466,0,229.83506944444446,120.36168582842289
1093,6,12,305.1585365853659,61.084784816500466,1,243.7707786526684,125.36727809448023
1094,6,12,305.1585365853659,61.084784816500466,2,247.95738636363637,121.01358304703982
1095,6,12,305.1585365853659,61.084784816500466,3,258.0785984848485,121.59334945459973
1096,6,12,305.1585365853659,61.084784816500466,4,262.60503472222223,118.77689476701285
1097,6,12,305.1585365853659,61.084784816500466,5,236.39670138888889,126.83515679969905
1098,6,12,305.1585365853659,61.084784816500466,6,221.50347222222223,116.34636262327066
1099,6,13,298.9512195121951,59.29079376098739,0,229.83506944444446,120.36168582842289
1100,6,13,298.9512195121951,59.29079376098739,1,243.7707786526684,125.36727809448023
1101,6,13,298.9512195121951,59.29079376098739,2,247.95738636363637,121.01358304703982
1102,6,13,298.9512195121951,59.29079376098739,3,258.0785984848485,121.59334945459973
1103,6,13,298.9512195121951,59.29079376098739,4,262.60503472222223,118.77689476701285
1104,6,13,298.9512195121951,59.29079376098739,5,236.39670138888889,126.83515679969905
1105,6,13,298.9512195121951,59.29079376098739,6,221.50347222222223,116.34636262327066
1106,6,14,298.8353658536585,62.156237733331025,0,229.83506944444446,120.36168582842289
1107,6,14,298.8353658536585,62.156237733331025,1,243.7707786526684,125.36727809448023
1108,6,14,298.8353658536585,62.156237733331025,2,247.95738636363637,121.01358304703982
1109,6,14,298.8353658536585,62.156237733331025,3,258.0785984848485,121.59334945459973
1110,6,14,298.8353658536585,62.156237733331025,4,262.60503472222223,118.77689476701285
1111,6,14,298.8353658536585,62.156237733331025,5,236.39670138888889,126.83515679969905
1112,6,14,298.8353658536585,62.156237733331025,6,221.50347222222223,116.34636262327066
1113,6,15,288.9817073170732,56.6768804496533,0,229.83506944444446,120.36168582842289
1114,6,15,288.9817073170732,56.6768804496533,1,243.7707786526684,125.36727809448023
1115,6,15,288.9817073170732,56.6768804496533,2,247.95738636363637,121.01358304703982
1116,6,15,288.9817073170732,56.6768804496533,3,258.0785984848485,121.59334945459973
1117,6,15,288.9817073170732,56.6768804496533,4,262.60503472222223,118.77689476701285
1118,6,15,288.9817073170732,56.6768804496533,5,236.39670138888889,126.83515679969905
1119,6,15,288.9817073170732,56.6768804496533,6,221.50347222222223,116.34636262327066
1120,6,16,257.0365853658537,51.0831773890175,0,229.83506944444446,120.36168582842289
1121,6,16,257.0365853658537,51.0831773890175,1,243.7707786526684,125.36727809448023
1122,6,16,257.0365853658537,51.0831773890175,2,247.95738636363637,121.01358304703982
1123,6,16,257.0365853658537,51.0831773890175,3,258.0785984848485,121.59334945459973
1124,6,16,257.0365853658537,51.0831773890175,4,262.60503472222223,118.77689476701285
1125,6,16,257.0365853658537,51.0831773890175,5,236.39670138888889,126.83515679969905
1126,6,16,257.0365853658537,51.0831773890175,6,221.50347222222223,116.34636262327066
1127,6,17,288.4603658536585,57.98369181135065,0,229.83506944444446,120.36168582842289
1128,6,17,288.4603658536585,57.98369181135065,1,243.7707786526684,125.36727809448023
1129,6,17,288.4603658536585,57.98369181135065,2,247.95738636363637,121.01358304703982
1130,6,17,288.4603658536585,57.98369181135065,3,258.0785984848485,121.59334945459973
1131,6,17,288.4603658536585,57.98369181135065,4,262.60503472222223,118.77689476701285
1132,6,17,288.4603658536585,57.98369181135065,5,236.39670138888889,126.83515679969905
1133,6,17,288.4603658536585,57.98369181135065,6,221.50347222222223,116.34636262327066
1134,6,18,355.140243902439,62.30642312990754,0,229.83506944444446,120.36168582842289
1135,6,18,355.140243902439,62.30642312990754,1,243.7707786526684,125.36727809448023
1136,6,18,355.140243902439,62.30642312990754,2,247.95738636363637,121.01358304703982
1137,6,18,355.140243902439,62.30642312990754,3,258.0785984848485,121.59334945459973
1138,6,18,355.140243902439,62.30642312990754,4,262.60503472222223,118.77689476701285
1139,6,18,355.140243902439,62.30642312990754,5,236.39670138888889,126.83515679969905
1140,6,18,355.140243902439,62.30642312990754,6,221.50347222222223,116.34636262327066
1141,6,19,371.155487804878,74.788939927914,0,229.83506944444446,120.36168582842289
1142,6,19,371.155487804878,74.788939927914,1,243.7707786526684,125.36727809448023
1143,6,19,371.155487804878,74.788939927914,2,247.95738636363637,121.01358304703982
1144,6,19,371.155487804878,74.788939927914,3,258.0785984848485,121.59334945459973
1145,6,19,371.155487804878,74.788939927914,4,262.60503472222223,118.77689476701285
1146,6,19,371.155487804878,74.788939927914,5,236.39670138888889,126.83515679969905
1147,6,19,371.155487804878,74.788939927914,6,221.50347222222223,116.34636262327066
1148,6,20,345.2286585365854,75.24000031316211,0,229.83506944444446,120.36168582842289
1149,6,20,345.2286585365854,75.24000031316211,1,243.7707786526684,125.36727809448023
1150,6,20,345.2286585365854,75.24000031316211,2,247.95738636363637,121.01358304703982
1151,6,20,345.2286585365854,75.24000031316211,3,258.0785984848485,121.59334945459973
1152,6,20,345.2286585365854,75.24000031316211,4,262.60503472222223,118.77689476701285
1153,6,20,345.2286585365854,75.24000031316211,5,236.39670138888889,126.83515679969905
1154,6,20,345.2286585365854,75.24000031316211,6,221.50347222222223,116.34636262327066
1155,6,21,341.0703363914373,86.56362924913792,0,229.83506944444446,120.36168582842289
1156,6,21,341.0703363914373,86.56362924913792,1,243.7707786526684,125.36727809448023
1157,6,21,341.0703363914373,86.56362924913792,2,247.95738636363637,121.01358304703982
1158,6,21,341.0703363914373,86.56362924913792,3,258.0785984848485,121.59334945459973
1159,6,21,341.0703363914373,86.56362924913792,4,262.60503472222223,118.77689476701285
1160,6,21,341.0703363914373,86.56362924913792,5,236.39670138888889,126.83515679969905
1161,6,21,341.0703363914373,86.56362924913792,6,221.50347222222223,116.34636262327066
1162,6,22,315.9475308641975,88.92787817723031,0,229.83506944444446,120.36168582842289
1163,6,22,315.9475308641975,88.92787817723031,1,243.7707786526684,125.36727809448023
1164,6,22,315.9475308641975,88.92787817723031,2,247.95738636363637,121.01358304703982
1165,6,22,315.9475308641975,88.92787817723031,3,258.0785984848485,121.59334945459973
1166,6,22,315.9475308641975,88.92787817723031,4,262.60503472222223,118.77689476701285
1167,6,22,315.9475308641975,88.92787817723031,5,236.39670138888889,126.83515679969905
1168,6,22,315.9475308641975,88.92787817723031,6,221.50347222222223,116.34636262327066
1169,6,23,246.4351851851852,104.36382003139089,0,229.83506944444446,120.36168582842289
1170,6,23,246.4351851851852,104.36382003139089,1,243.7707786526684,125.36727809448023
1171,6,23,246.4351851851852,104.36382003139089,2,247.95738636363637,121.01358304703982
1172,6,23,246.4351851851852,104.36382003139089,3,258.0785984848485,121.59334945459973
1173,6,23,246.4351851851852,104.36382003139089,4,262.60503472222223,118.77689476701285
1174,6,23,246.4351851851852,104.36382003139089,5,236.39670138888889,126.83515679969905
1175,6,23,246.4351851851852,104.36382003139089,6,221.50347222222223,116.34636262327066
1176,7,0,28.588414634146343,14.657500191097311,0,29.29079861111111,15.697941075497715
1177,7,0,28.588414634146343,14.657500191097311,1,30.908136482939632,17.950002422830053
1178,7,0,28.588414634146343,14.657500191097311,2,31.839015151515152,18.32452666027127
1179,7,0,28.588414634146343,14.657500191097311,3,33.984848484848484,18.85644841934026
1180,7,0,28.588414634146343,14.657500191097311,4,37.90625,19.89468088563544
1181,7,0,28.588414634146343,14.657500191097311,5,35.744791666666664,18.970848933372057
1182,7,0,28.588414634146343,14.657500191097311,6,34.09722222222222,16.013165497608178
1183,7,1,20.676829268292682,14.078606745604029,0,29.29079861111111,15.697941075497715
1184,7,1,20.676829268292682,14.078606745604029,1,30.908136482939632,17.950002422830053
1185,7,1,20.676829268292682,14.078606745604029,2,31.839015151515152,18.32452666027127
1186,7,1,20.676829268292682,14.078606745604029,3,33.984848484848484,18.85644841934026
1187,7,1,20.676829268292682,14.078606745604029,4,37.90625,19.89468088563544
1188,7,1,20.676829268292682,14.078606745604029,5,35.744791666666664,18.970848933372057
1189,7,1,20.676829268292682,14.078606745604029,6,34.09722222222222,16.013165497608178
1190,7,2,15.054878048780488,12.359919958956466,0,29.29079861111111,15.697941075497715
1191,7,2,15.054878048780488,12.359919958956466,1,30.908136482939632,17.950002422830053
1192,7,2,15.054878048780488,12.359919958956466,2,31.839015151515152,18.32452666027127
1193,7,2,15.054878048780488,12.359919958956466,3,33.984848484848484,18.85644841934026
1194,7,2,15.054878048780488,12.359919958956466,4,37.90625,19.89468088563544
1195,7,2,15.054878048780488,12.359919958956466,5,35.744791666666664,18.970848933372057
1196,7,2,15.054878048780488,12.359919958956466,6,34.09722222222222,16.013165497608178
1197,7,3,12.240853658536585,11.114358644401307,0,29.29079861111111,15.697941075497715
1198,7,3,12.240853658536585,11.114358644401307,1,30.908136482939632,17.950002422830053
1199,7,3,12.240853658536585,11.114358644401307,2,31.839015151515152,18.32452666027127
1200,7,3,12.240853658536585,11.114358644401307,3,33.984848484848484,18.85644841934026
1201,7,3,12.240853658536585,11.114358644401307,4,37.90625,19.89468088563544
1202,7,3,12.240853658536585,11.114358644401307,5,35.744791666666664,18.970848933372057
1203,7,3,12.240853658536585,11.114358644401307,6,34.09722222222222,16.013165497608178
1204,7,4,10.579268292682928,7.799854743489914,0,29.29079861111111,15.697941075497715
1205,7,4,10.579268292682928,7.799854743489914,1,30.908136482939632,17.950002422830053
1206,7,4,10.579268292682928,7.799854743489914,2,31.839015151515152,18.32452666027127
1207,7,4,10.579268292682928,7.799854743489914,3,33.984848484848484,18.85644841934026
1208,7,4,10.579268292682928,7.799854743489914,4,37.90625,19.89468088563544
1209,7,4,10.579268292682928,7.799854743489914,5,35.744791666666664,18.970848933372057
1210,7,4,10.579268292682928,7.799854743489914,6,34.09722222222222,16.013165497608178
1211,7,5,12.085365853658537,5.178055836997403,0,29.29079861111111,15.697941075497715
1212,7,5,12.085365853658537,5.178055836997403,1,30.908136482939632,17.950002422830053
1213,7,5,12.085365853658537,5.178055836997403,2,31.839015151515152,18.32452666027127
1214,7,5,12.085365853658537,5.178055836997403,3,33.984848484848484,18.85644841934026
1215,7,5,12.085365853658537,5.178055836997403,4,37.90625,19.89468088563544
1216,7,5,12.085365853658537,5.178055836997403,5,35.744791666666664,18.970848933372057
1217,7,5,12.085365853658537,5.178055836997403,6,34.09722222222222,16.013165497608178
1218,7,6,23.682926829268293,10.909276190646379,0,29.29079861111111,15.697941075497715
1219,7,6,23.682926829268293,10.909276190646379,1,30.908136482939632,17.950002422830053
1220,7,6,23.682926829268293,10.909276190646379,2,31.839015151515152,18.32452666027127
1221,7,6,23.682926829268293,10.909276190646379,3,33.984848484848484,18.85644841934026
1222,7,6,23.682926829268293,10.909276190646379,4,37.90625,19.89468088563544
1223,7,6,23.682926829268293,10.909276190646379,5,35.744791666666664,18.970848933372057
1224,7,6,23.682926829268293,10.909276190646379,6,34.09722222222222,16.013165497608178
1225,7,7,48.64329268292683,23.710490410068285,0,29.29079861111111,15.697941075497715
1226,7,7,48.64329268292683,23.710490410068285,1,30.908136482939632,17.950002422830053
1227,7,7,48.64329268292683,23.710490410068285,2,31.839015151515152,18.32452666027127
1228,7,7,48.64329268292683,23.710490410068285,3,33.984848484848484,18.85644841934026
1229,7,7,48.64329268292683,23.710490410068285,4,37.90625,19.89468088563544
1230,7,7,48.64329268292683,23.710490410068285,5,35.744791666666664,18.970848933372057
1231,7,7,48.64329268292683,23.710490410068285,6,34.09722222222222,16.013165497608178
1232,7,8,49.08841463414634,18.710447454887586,0,29.29079861111111,15.697941075497715
1233,7,8,49.08841463414634,18.710447454887586,1,30.908136482939632,17.950002422830053
1234,7,8,49.08841463414634,18.710447454887586,2,31.839015151515152,18.32452666027127
1235,7,8,49.08841463414634,18.710447454887586,3,33.984848484848484,18.85644841934026
1236,7,8,49.08841463414634,18.710447454887586,4,37.90625,19.89468088563544
1237,7,8,49.08841463414634,18.710447454887586,5,35.744791666666664,18.970848933372057
1238,7,8,49.08841463414634,18.710447454887586,6,34.09722222222222,16.013165497608178
1239,7,9,36.7469512195122,13.554510736972915,0,29.29079861111111,15.697941075497715
1240,7,9,36.7469512195122,13.554510736972915,1,30.908136482939632,17.950002422830053
1241,7,9,36.7469512195122,13.554510736972915,2,31.839015151515152,18.32452666027127
1242,7,9,36.7469512195122,13.554510736972915,3,33.984848484848484,18.85644841934026
1243,7,9,36.7469512195122,13.554510736972915,4,37.90625,19.89468088563544
1244,7,9,36.7469512195122,13.554510736972915,5,35.744791666666664,18.970848933372057
1245,7,9,36.7469512195122,13.554510736972915,6,34.09722222222222,16.013165497608178
1246,7,10,32.23780487804878,15.122886155975046,0,29.29079861111111,15.697941075497715
1247,7,10,32.23780487804878,15.122886155975046,1,30.908136482939632,17.950002422830053
1248,7,10,32.23780487804878,15.122886155975046,2,31.839015151515152,18.32452666027127
1249,7,10,32.23780487804878,15.122886155975046,3,33.984848484848484,18.85644841934026
1250,7,10,32.23780487804878,15.122886155975046,4,37.90625,19.89468088563544
1251,7,10,32.23780487804878,15.122886155975046,5,35.744791666666664,18.970848933372057
1252,7,10,32.23780487804878,15.122886155975046,6,34.09722222222222,16.013165497608178
1253,7,11,33.292682926829265,12.813398764064306,0,29.29079861111111,15.697941075497715
1254,7,11,33.292682926829265,12.813398764064306,1,30.908136482939632,17.950002422830053
1255,7,11,33.292682926829265,12.813398764064306,2,31.839015151515152,18.32452666027127
1256,7,11,33.292682926829265,12.813398764064306,3,33.984848484848484,18.85644841934026
1257,7,11,33.292682926829265,12.813398764064306,4,37.90625,19.89468088563544
1258,7,11,33.292682926829265,12.813398764064306,5,35.744791666666664,18.970848933372057
1259,7,11,33.292682926829265,12.813398764064306,6,34.09722222222222,16.013165497608178
1260,7,12,39.3780487804878,14.025874075497438,0,29.29079861111111,15.697941075497715
1261,7,12,39.3780487804878,14.025874075497438,1,30.908136482939632,17.950002422830053
1262,7,12,39.3780487804878,14.025874075497438,2,31.839015151515152,18.32452666027127
1263,7,12,39.3780487804878,14.025874075497438,3,33.984848484848484,18.85644841934026
1264,7,12,39.3780487804878,14.025874075497438,4,37.90625,19.89468088563544
1265,7,12,39.3780487804878,14.025874075497438,5,35.744791666666664,18.970848933372057
1266,7,12,39.3780487804878,14.025874075497438,6,34.09722222222222,16.013165497608178
1267,7,13,38.59451219512195,12.568962077768752,0,29.29079861111111,15.697941075497715
1268,7,13,38.59451219512195,12.568962077768752,1,30.908136482939632,17.950002422830053
1269,7,13,38.59451219512195,12.568962077768752,2,31.839015151515152,18.32452666027127
1270,7,13,38.59451219512195,12.568962077768752,3,33.984848484848484,18.85644841934026
1271,7,13,38.59451219512195,12.568962077768752,4,37.90625,19.89468088563544
1272,7,13,38.59451219512195,12.568962077768752,5,35.744791666666664,18.970848933372057
1273,7,13,38.59451219512195,12.568962077768752,6,34.09722222222222,16.013165497608178
1274,7,14,38.63109756097561,10.692871500787275,0,29.29079861111111,15.697941075497715
1275,7,14,38.63109756097561,10.692871500787275,1,30.908136482939632,17.950002422830053
1276,7,14,38.63109756097561,10.692871500787275,2,31.839015151515152,18.32452666027127
1277,7,14,38.63109756097561,10.692871500787275,3,33.984848484848484,18.85644841934026
1278,7,14,38.63109756097561,10.692871500787275,4,37.90625,19.89468088563544
1279,7,14,38.63109756097561,10.692871500787275,5,35.744791666666664,18.970848933372057
1280,7,14,38.63109756097561,10.692871500787275,6,34.09722222222222,16.013165497608178
1281,7,15,41.28048780487805,12.272416937927165,0,29.29079861111111,15.697941075497715
1282,7,15,41.28048780487805,12.272416937927165,1,30.908136482939632,17.950002422830053
1283,7,15,41.28048780487805,12.272416937927165,2,31.839015151515152,18.32452666027127
1284,7,15,41.28048780487805,12.272416937927165,3,33.984848484848484,18.85644841934026
1285,7,15,41.28048780487805,12.272416937927165,4,37.90625,19.89468088563544
1286,7,15,41.28048780487805,12.272416937927165,5,35.744791666666664,18.970848933372057
1287,7,15,41.28048780487805,12.272416937927165,6,34.09722222222222,16.013165497608178
1288,7,16,35.96036585365854,10.812904957836707,0,29.29079861111111,15.697941075497715
1289,7,16,35.96036585365854,10.812904957836707,1,30.908136482939632,17.950002422830053
1290,7,16,35.96036585365854,10.812904957836707,2,31.839015151515152,18.32452666027127
1291,7,16,35.96036585365854,10.812904957836707,3,33.984848484848484,18.85644841934026
1292,7,16,35.96036585365854,10.812904957836707,4,37.90625,19.89468088563544
1293,7,16,35.96036585365854,10.812904957836707,5,35.744791666666664,18.970848933372057
1294,7,16,35.96036585365854,10.812904957836707,6,34.09722222222222,16.013165497608178
1295,7,17,52.25609756097561,15.678584295768053,0,29.29079861111111,15.697941075497715
1296,7,17,52.25609756097561,15.678584295768053,1,30.908136482939632,17.950002422830053
1297,7,17,52.25609756097561,15.678584295768053,2,31.839015151515152,18.32452666027127
1298,7,17,52.25609756097561,15.678584295768053,3,33.984848484848484,18.85644841934026
1299,7,17,52.25609756097561,15.678584295768053,4,37.90625,19.89468088563544
1300,7,17,52.25609756097561,15.678584295768053,5,35.744791666666664,18.970848933372057
1301,7,17,52.25609756097561,15.678584295768053,6,34.09722222222222,16.013165497608178
1302,7,18,52.23170731707317,17.21747833972522,0,29.29079861111111,15.697941075497715
1303,7,18,52.23170731707317,17.21747833972522,1,30.908136482939632,17.950002422830053
1304,7,18,52.23170731707317,17.21747833972522,2,31.839015151515152,18.32452666027127
1305,7,18,52.23170731707317,17.21747833972522,3,33.984848484848484,18.85644841934026
1306,7,18,52.23170731707317,17.21747833972522,4,37.90625,19.89468088563544
1307,7,18,52.23170731707317,17.21747833972522,5,35.744791666666664,18.970848933372057
1308,7,18,52.23170731707317,17.21747833972522,6,34.09722222222222,16.013165497608178
1309,7,19,42.548780487804876,14.902867929172487,0,29.29079861111111,15.697941075497715
1310,7,19,42.548780487804876,14.902867929172487,1,30.908136482939632,17.950002422830053
1311,7,19,42.548780487804876,14.902867929172487,2,31.839015151515152,18.32452666027127
1312,7,19,42.548780487804876,14.902867929172487,3,33.984848484848484,18.85644841934026
1313,7,19,42.548780487804876,14.902867929172487,4,37.90625,19.89468088563544
1314,7,19,42.548780487804876,14.902867929172487,5,35.744791666666664,18.970848933372057
1315,7,19,42.548780487804876,14.902867929172487,6,34.09722222222222,16.013165497608178
1316,7,20,35.83536585365854,11.471958866414852,0,29.29079861111111,15.697941075497715
1317,7,20,35.83536585365854,11.471958866414852,1,30.908136482939632,17.950002422830053
1318,7,20,35.83536585365854,11.471958866414852,2,31.839015151515152,18.32452666027127
1319,7,20,35.83536585365854,11.471958866414852,3,33.984848484848484,18.85644841934026
1320,7,20,35.83536585365854,11.471958866414852,4,37.90625,19.89468088563544
1321,7,20,35.83536585365854,11.471958866414852,5,35.744791666666664,18.970848933372057
1322,7,20,35.83536585365854,11.471958866414852,6,34.09722222222222,16.013165497608178
1323,7,21,37.379204892966364,12.70367544917662,0,29.29079861111111,15.697941075497715
1324,7,21,37.379204892966364,12.70367544917662,1,30.908136482939632,17.950002422830053
1325,7,21,37.379204892966364,12.70367544917662,2,31.839015151515152,18.32452666027127
1326,7,21,37.379204892966364,12.70367544917662,3,33.984848484848484,18.85644841934026
1327,7,21,37.379204892966364,12.70367544917662,4,37.90625,19.89468088563544
1328,7,21,37.379204892966364,12.70367544917662,5,35.744791666666664,18.970848933372057
1329,7,21,37.379204892966364,12.70367544917662,6,34.09722222222222,16.013165497608178
1330,7,22,32.876543209876544,11.21463298406003,0,29.29079861111111,15.697941075497715
1331,7,22,32.876543209876544,11.21463298406003,1,30.908136482939632,17.950002422830053
1332,7,22,32.876543209876544,11.21463298406003,2,31.839015151515152,18.32452666027127
1333,7,22,32.876543209876544,11.21463298406003,3,33.984848484848484,18.85644841934026
1334,7,22,32.876543209876544,11.21463298406003,4,37.90625,19.89468088563544
1335,7,22,32.876543209876544,11.21463298406003,5,35.744791666666664,18.970848933372057
1336,7,22,32.876543209876544,11.21463298406003,6,34.09722222222222,16.013165497608178
1337,7,23,31.950617283950617,12.26705041701428,0,29.29079861111111,15.697941075497715
1338,7,23,31.950617283950617,12.26705041701428,1,30.908136482939632,17.950002422830053
1339,7,23,31.950617283950617,12.26705041701428,2,31.839015151515152,18.32452666027127
1340,7,23,31.950617283950617,12.26705041701428,3,33.984848484848484,18.85644841934026
1341,7,23,31.950617283950617,12.26705041701428,4,37.90625,19.89468088563544
1342,7,23,31.950617283950617,12.26705041701428,5,35.744791666666664,18.970848933372057
1343,7,23,31.950617283950617,12.26705041701428,6,34.09722222222222,16.013165497608178
1344,8,0,30.86280487804878,13.111008776215758,0,23.21267361111111,14.445165647001481
1345,8,0,30.86280487804878,13.111008776215758,1,21.551181102362204,13.080270697828437
1346,8,0,30.86280487804878,13.111008776215758,2,21.800189393939394,12.622962599889897
1347,8,0,30.86280487804878,13.111008776215758,3,23.251893939393938,13.427530473197436
1348,8,0,30.86280487804878,13.111008776215758,4,29.25173611111111,23.05821206885182
1349,8,0,30.86280487804878,13.111008776215758,5,32.625,13.573943967097179
1350,8,0,30.86280487804878,13.111008776215758,6,31.502604166666668,15.093222976977243
1351,8,1,30.420731707317074,21.190120817448733,0,23.21267361111111,14.445165647001481
1352,8,1,30.420731707317074,21.190120817448733,1,21.551181102362204,13.080270697828437
1353,8,1,30.420731707317074,21.190120817448733,2,21.800189393939394,12.622962599889897
1354,8,1,30.420731707317074,21.190120817448733,3,23.251893939393938,13.427530473197436
1355,8,1,30.420731707317074,21.190120817448733,4,29.25173611111111,23.05821206885182
1356,8,1,30.420731707317074,21.190120817448733,5,32.625,13.573943967097179
1357,8,1,30.420731707317074,21.190120817448733,6,31.502604166666668,15.093222976977243
1358,8,2,26.777439024390244,25.11300167961179,0,23.21267361111111,14.445165647001481
1359,8,2,26.777439024390244,25.11300167961179,1,21.551181102362204,13.080270697828437
1360,8,2,26.777439024390244,25.11300167961179,2,21.800189393939394,12.622962599889897
1361,8,2,26.777439024390244,25.11300167961179,3,23.251893939393938,13.427530473197436
1362,8,2,26.777439024390244,25.11300167961179,4,29.25173611111111,23.05821206885182
1363,8,2,26.777439024390244,25.11300167961179,5,32.625,13.573943967097179
1364,8,2,26.777439024390244,25.11300167961179,6,31.502604166666668,15.093222976977243
1365,8,3,22.89329268292683,22.15011788813814,0,23.21267361111111,14.445165647001481
1366,8,3,22.89329268292683,22.15011788813814,1,21.551181102362204,13.080270697828437
1367,8,3,22.89329268292683,22.15011788813814,2,21.800189393939394,12.622962599889897
1368,8,3,22.89329268292683,22.15011788813814,3,23.251893939393938,13.427530473197436
1369,8,3,22.89329268292683,22.15011788813814,4,29.25173611111111,23.05821206885182
1370,8,3,22.89329268292683,22.15011788813814,5,32.625,13.573943967097179
1371,8,3,22.89329268292683,22.15011788813814,6,31.502604166666668,15.093222976977243
1372,8,4,28.515243902439025,21.157334294181354,0,23.21267361111111,14.445165647001481
1373,8,4,28.515243902439025,21.157334294181354,1,21.551181102362204,13.080270697828437
1374,8,4,28.515243902439025,21.157334294181354,2,21.800189393939394,12.622962599889897
1375,8,4,28.515243902439025,21.157334294181354,3,23.251893939393938,13.427530473197436
1376,8,4,28.515243902439025,21.157334294181354,4,29.25173611111111,23.05821206885182
1377,8,4,28.515243902439025,21.157334294181354,5,32.625,13.573943967097179
1378,8,4,28.515243902439025,21.157334294181354,6,31.502604166666668,15.093222976977243
1379,8,5,28.10670731707317,9.42786312970029,0,23.21267361111111,14.445165647001481
1380,8,5,28.10670731707317,9.42786312970029,1,21.551181102362204,13.080270697828437
1381,8,5,28.10670731707317,9.42786312970029,2,21.800189393939394,12.622962599889897
1382,8,5,28.10670731707317,9.42786312970029,3,23.251893939393938,13.427530473197436
1383,8,5,28.10670731707317,9.42786312970029,4,29.25173611111111,23.05821206885182
1384,8,5,28.10670731707317,9.42786312970029,5,32.625,13.573943967097179
1385,8,5,28.10670731707317,9.42786312970029,6,31.502604166666668,15.093222976977243
1386,8,6,43.03963414634146,13.515478130692074,0,23.21267361111111,14.445165647001481
1387,8,6,43.03963414634146,13.515478130692074,1,21.551181102362204,13.080270697828437
1388,8,6,43.03963414634146,13.515478130692074,2,21.800189393939394,12.622962599889897
1389,8,6,43.03963414634146,13.515478130692074,3,23.251893939393938,13.427530473197436
1390,8,6,43.03963414634146,13.515478130692074,4,29.25173611111111,23.05821206885182
1391,8,6,43.03963414634146,13.515478130692074,5,32.625,13.573943967097179
1392,8,6,43.03963414634146,13.515478130692074,6,31.502604166666668,15.093222976977243
1393,8,7,50.521341463414636,16.798850496730022,0,23.21267361111111,14.445165647001481
1394,8,7,50.521341463414636,16.798850496730022,1,21.551181102362204,13.080270697828437
1395,8,7,50.521341463414636,16.798850496730022,2,21.800189393939394,12.622962599889897
1396,8,7,50.521341463414636,16.798850496730022,3,23.251893939393938,13.427530473197436
1397,8,7,50.521341463414636,16.798850496730022,4,29.25173611111111,23.05821206885182
1398,8,7,50.521341463414636,16.798850496730022,5,32.625,13.573943967097179
1399,8,7,50.521341463414636,16.798850496730022,6,31.502604166666668,15.093222976977243
1400,8,8,46.32012195121951,13.986383416952357,0,23.21267361111111,14.445165647001481
1401,8,8,46.32012195121951,13.986383416952357,1,21.551181102362204,13.080270697828437
1402,8,8,46.32012195121951,13.986383416952357,2,21.800189393939394,12.622962599889897
1403,8,8,46.32012195121951,13.986383416952357,3,23.251893939393938,13.427530473197436
1404,8,8,46.32012195121951,13.986383416952357,4,29.25173611111111,23.05821206885182
1405,8,8,46.32012195121951,13.986383416952357,5,32.625,13.573943967097179
1406,8,8,46.32012195121951,13.986383416952357,6,31.502604166666668,15.093222976977243
1407,8,9,32.80792682926829,13.84701243904202,0,23.21267361111111,14.445165647001481
1408,8,9,32.80792682926829,13.84701243904202,1,21.551181102362204,13.080270697828437
1409,8,9,32.80792682926829,13.84701243904202,2,21.800189393939394,12.622962599889897
1410,8,9,32.80792682926829,13.84701243904202,3,23.251893939393938,13.427530473197436
1411,8,9,32.80792682926829,13.84701243904202,4,29.25173611111111,23.05821206885182
1412,8,9,32.80792682926829,13.84701243904202,5,32.625,13.573943967097179
1413,8,9,32.80792682926829,13.84701243904202,6,31.502604166666668,15.093222976977243
1414,8,10,25.070121951219512,13.348010331191539,0,23.21267361111111,14.445165647001481
1415,8,10,25.070121951219512,13.348010331191539,1,21.551181102362204,13.080270697828437
1416,8,10,25.070121951219512,13.348010331191539,2,21.800189393939394,12.622962599889897
1417,8,10,25.070121951219512,13.348010331191539,3,23.251893939393938,13.427530473197436
1418,8,10,25.070121951219512,13.348010331191539,4,29.25173611111111,23.05821206885182
1419,8,10,25.070121951219512,13.348010331191539,5,32.625,13.573943967097179
1420,8,10,25.070121951219512,13.348010331191539,6,31.502604166666668,15.093222976977243
1421,8,11,22.78048780487805,10.852386696438034,0,23.21267361111111,14.445165647001481
1422,8,11,22.78048780487805,10.852386696438034,1,21.551181102362204,13.080270697828437
1423,8,11,22.78048780487805,10.852386696438034,2,21.800189393939394,12.622962599889897
1424,8,11,22.78048780487805,10.852386696438034,3,23.251893939393938,13.427530473197436
1425,8,11,22.78048780487805,10.852386696438034,4,29.25173611111111,23.05821206885182
1426,8,11,22.78048780487805,10.852386696438034,5,32.625,13.573943967097179
1427,8,11,22.78048780487805,10.852386696438034,6,31.502604166666668,15.093222976977243
1428,8,12,21.426829268292682,10.266516327353377,0,23.21267361111111,14.445165647001481
1429,8,12,21.426829268292682,10.266516327353377,1,21.551181102362204,13.080270697828437
1430,8,12,21.426829268292682,10.266516327353377,2,21.800189393939394,12.622962599889897
1431,8,12,21.426829268292682,10.266516327353377,3,23.251893939393938,13.427530473197436
1432,8,12,21.426829268292682,10.266516327353377,4,29.25173611111111,23.05821206885182
1433,8,12,21.426829268292682,10.266516327353377,5,32.625,13.573943967097179
1434,8,12,21.426829268292682,10.266516327353377,6,31.502604166666668,15.093222976977243
1435,8,13,21.085365853658537,6.495260505942289,0,23.21267361111111,14.445165647001481
1436,8,13,21.085365853658537,6.495260505942289,1,21.551181102362204,13.080270697828437
1437,8,13,21.085365853658537,6.495260505942289,2,21.800189393939394,12.622962599889897
1438,8,13,21.085365853658537,6.495260505942289,3,23.251893939393938,13.427530473197436
1439,8,13,21.085365853658537,6.495260505942289,4,29.25173611111111,23.05821206885182
1440,8,13,21.085365853658537,6.495260505942289,5,32.625,13.573943967097179
1441,8,13,21.085365853658537,6.495260505942289,6,31.502604166666668,15.093222976977243
1442,8,14,21.73780487804878,7.138526908300242,0,23.21267361111111,14.445165647001481
1443,8,14,21.73780487804878,7.138526908300242,1,21.551181102362204,13.080270697828437
1444,8,14,21.73780487804878,7.138526908300242,2,21.800189393939394,12.622962599889897
1445,8,14,21.73780487804878,7.138526908300242,3,23.251893939393938,13.427530473197436
1446,8,14,21.73780487804878,7.138526908300242,4,29.25173611111111,23.05821206885182
1447,8,14,21.73780487804878,7.138526908300242,5,32.625,13.573943967097179
1448,8,14,21.73780487804878,7.138526908300242,6,31.502604166666668,15.093222976977243
1449,8,15,19.173780487804876,7.214302501819052,0,23.21267361111111,14.445165647001481
1450,8,15,19.173780487804876,7.214302501819052,1,21.551181102362204,13.080270697828437
1451,8,15,19.173780487804876,7.214302501819052,2,21.800189393939394,12.622962599889897
1452,8,15,19.173780487804876,7.214302501819052,3,23.251893939393938,13.427530473197436
1453,8,15,19.173780487804876,7.214302501819052,4,29.25173611111111,23.05821206885182
1454,8,15,19.173780487804876,7.214302501819052,5,32.625,13.573943967097179
1455,8,15,19.173780487804876,7.214302501819052,6,31.502604166666668,15.093222976977243
1456,8,16,17.036585365853657,6.89713874452239,0,23.21267361111111,14.445165647001481
1457,8,16,17.036585365853657,6.89713874452239,1,21.551181102362204,13.080270697828437
1458,8,16,17.036585365853657,6.89713874452239,2,21.800189393939394,12.622962599889897
1459,8,16,17.036585365853657,6.89713874452239,3,23.251893939393938,13.427530473197436
1460,8,16,17.036585365853657,6.89713874452239,4,29.25173611111111,23.05821206885182
1461,8,16,17.036585365853657,6.89713874452239,5,32.625,13.573943967097179
1462,8,16,17.036585365853657,6.89713874452239,6,31.502604166666668,15.093222976977243
1463,8,17,19.823170731707318,7.863853725769753,0,23.21267361111111,14.445165647001481
1464,8,17,19.823170731707318,7.863853725769753,1,21.551181102362204,13.080270697828437
1465,8,17,19.823170731707318,7.863853725769753,2,21.800189393939394,12.622962599889897
1466,8,17,19.823170731707318,7.863853725769753,3,23.251893939393938,13.427530473197436
1467,8,17,19.823170731707318,7.863853725769753,4,29.25173611111111,23.05821206885182
1468,8,17,19.823170731707318,7.863853725769753,5,32.625,13.573943967097179
1469,8,17,19.823170731707318,7.863853725769753,6,31.502604166666668,15.093222976977243
1470,8,18,18.75,8.3423498621936,0,23.21267361111111,14.445165647001481
1471,8,18,18.75,8.3423498621936,1,21.551181102362204,13.080270697828437
1472,8,18,18.75,8.3423498621936,2,21.800189393939394,12.622962599889897
1473,8,18,18.75,8.3423498621936,3,23.251893939393938,13.427530473197436
1474,8,18,18.75,8.3423498621936,4,29.25173611111111,23.05821206885182
1475,8,18,18.75,8.3423498621936,5,32.625,13.573943967097179
1476,8,18,18.75,8.3423498621936,6,31.502604166666668,15.093222976977243
1477,8,19,17.442073170731707,7.815709771749453,0,23.21267361111111,14.445165647001481
1478,8,19,17.442073170731707,7.815709771749453,1,21.551181102362204,13.080270697828437
1479,8,19,17.442073170731707,7.815709771749453,2,21.800189393939394,12.622962599889897
1480,8,19,17.442073170731707,7.815709771749453,3,23.251893939393938,13.427530473197436
1481,8,19,17.442073170731707,7.815709771749453,4,29.25173611111111,23.05821206885182
1482,8,19,17.442073170731707,7.815709771749453,5,32.625,13.573943967097179
1483,8,19,17.442073170731707,7.815709771749453,6,31.502604166666668,15.093222976977243
1484,8,20,18.036585365853657,10.062429132557217,0,23.21267361111111,14.445165647001481
1485,8,20,18.036585365853657,10.062429132557217,1,21.551181102362204,13.080270697828437
1486,8,20,18.036585365853657,10.062429132557217,2,21.800189393939394,12.622962599889897
1487,8,20,18.036585365853657,10.062429132557217,3,23.251893939393938,13.427530473197436
1488,8,20,18.036585365853657,10.062429132557217,4,29.25173611111111,23.05821206885182
1489,8,20,18.036585365853657,10.062429132557217,5,32.625,13.573943967097179
1490,8,20,18.036585365853657,10.062429132557217,6,31.502604166666668,15.093222976977243
1491,8,21,19.207951070336392,8.197683970251973,0,23.21267361111111,14.445165647001481
1492,8,21,19.207951070336392,8.197683970251973,1,21.551181102362204,13.080270697828437
1493,8,21,19.207951070336392,8.197683970251973,2,21.800189393939394,12.622962599889897
1494,8,21,19.207951070336392,8.197683970251973,3,23.251893939393938,13.427530473197436
1495,8,21,19.207951070336392,8.197683970251973,4,29.25173611111111,23.05821206885182
1496,8,21,19.207951070336392,8.197683970251973,5,32.625,13.573943967097179
1497,8,21,19.207951070336392,8.197683970251973,6,31.502604166666668,15.093222976977243
1498,8,22,22.25925925925926,10.360711425634339,0,23.21267361111111,14.445165647001481
1499,8,22,22.25925925925926,10.360711425634339,1,21.551181102362204,13.080270697828437
1500,8,22,22.25925925925926,10.360711425634339,2,21.800189393939394,12.622962599889897
1501,8,22,22.25925925925926,10.360711425634339,3,23.251893939393938,13.427530473197436
1502,8,22,22.25925925925926,10.360711425634339,4,29.25173611111111,23.05821206885182
1503,8,22,22.25925925925926,10.360711425634339,5,32.625,13.573943967097179
1504,8,22,22.25925925925926,10.360711425634339,6,31.502604166666668,15.093222976977243
1505,8,23,26.194444444444443,11.232519959651206,0,23.21267361111111,14.445165647001481
1506,8,23,26.194444444444443,11.232519959651206,1,21.551181102362204,13.080270697828437
1507,8,23,26.194444444444443,11.232519959651206,2,21.800189393939394,12.622962599889897
1508,8,23,26.194444444444443,11.232519959651206,3,23.251893939393938,13.427530473197436
1509,8,23,26.194444444444443,11.232519959651206,4,29.25173611111111,23.05821206885182
1510,8,23,26.194444444444443,11.232519959651206,5,32.625,13.573943967097179
1511,8,23,26.194444444444443,11.232519959651206,6,31.502604166666668,15.093222976977243
1512,9,0,98.875,61.33853209751333,0,154.20138888888889,88.76889076017663
1513,9,0,98.875,61.33853209751333,1,167.60367454068242,96.07201155929768
1514,9,0,98.875,61.33853209751333,2,175.40530303030303,98.69413006022246
1515,9,0,98.875,61.33853209751333,3,180.2755681818182,101.3003081249862
1516,9,0,98.875,61.33853209751333,4,182.19618055555554,97.28087570408508
1517,9,0,98.875,61.33853209751333,5,175.33940972222223,115.18349464096462
1518,9,0,98.875,61.33853209751333,6,151.36371527777777,94.45661783451457
1519,9,1,56.13109756097561,47.14203156500661,0,154.20138888888889,88.76889076017663
1520,9,1,56.13109756097561,47.14203156500661,1,167.60367454068242,96.07201155929768
1521,9,1,56.13109756097561,47.14203156500661,2,175.40530303030303,98.69413006022246
1522,9,1,56.13109756097561,47.14203156500661,3,180.2755681818182,101.3003081249862
1523,9,1,56.13109756097561,47.14203156500661,4,182.19618055555554,97.28087570408508
1524,9,1,56.13109756097561,47.14203156500661,5,175.33940972222223,115.18349464096462
1525,9,1,56.13109756097561,47.14203156500661,6,151.36371527777777,94.45661783451457
1526,9,2,27.817073170731707,30.407378007303315,0,154.20138888888889,88.76889076017663
1527,9,2,27.817073170731707,30.407378007303315,1,167.60367454068242,96.07201155929768
1528,9,2,27.817073170731707,30.407378007303315,2,175.40530303030303,98.69413006022246
1529,9,2,27.817073170731707,30.407378007303315,3,180.2755681818182,101.3003081249862
1530,9,2,27.817073170731707,30.407378007303315,4,182.19618055555554,97.28087570408508
1531,9,2,27.817073170731707,30.407378007303315,5,175.33940972222223,115.18349464096462
1532,9,2,27.817073170731707,30.407378007303315,6,151.36371527777777,94.45661783451457
1533,9,3,16.524390243902438,21.694980667689077,0,154.20138888888889,88.76889076017663
1534,9,3,16.524390243902438,21.694980667689077,1,167.60367454068242,96.07201155929768
1535,9,3,16.524390243902438,21.694980667689077,2,175.40530303030303,98.69413006022246
1536,9,3,16.524390243902438,21.694980667689077,3,180.2755681818182,101.3003081249862
1537,9,3,16.524390243902438,21.694980667689077,4,182.19618055555554,97.28087570408508
1538,9,3,16.524390243902438,21.694980667689077,5,175.33940972222223,115.18349464096462
1539,9,3,16.524390243902438,21.694980667689077,6,151.36371527777777,94.45661783451457
1540,9,4,16.621951219512194,11.972333288746109,0,154.20138888888889,88.76889076017663
1541,9,4,16.621951219512194,11.972333288746109,1,167.60367454068242,96.07201155929768
1542,9,4,16.621951219512194,11.972333288746109,2,175.40530303030303,98.69413006022246
1543,9,4,16.621951219512194,11.972333288746109,3,180.2755681818182,101.3003081249862
1544,9,4,16.621951219512194,11.972333288746109,4,182.19618055555554,97.28087570408508
1545,9,4,16.621951219512194,11.972333288746109,5,175.33940972222223,115.18349464096462
1546,9,4,16.621951219512194,11.972333288746109,6,151.36371527777777,94.45661783451457
1547,9,5,28.317073170731707,12.692436090645446,0,154.20138888888889,88.76889076017663
1548,9,5,28.317073170731707,12.692436090645446,1,167.60367454068242,96.07201155929768
1549,9,5,28.317073170731707,12.692436090645446,2,175.40530303030303,98.69413006022246
1550,9,5,28.317073170731707,12.692436090645446,3,180.2755681818182,101.3003081249862
1551,9,5,28.317073170731707,12.692436090645446,4,182.19618055555554,97.28087570408508
1552,9,5,28.317073170731707,12.692436090645446,5,175.33940972222223,115.18349464096462
1553,9,5,28.317073170731707,12.692436090645446,6,151.36371527777777,94.45661783451457
1554,9,6,81.6798780487805,49.32409783775085,0,154.20138888888889,88.76889076017663
1555,9,6,81.6798780487805,49.32409783775085,1,167.60367454068242,96.07201155929768
1556,9,6,81.6798780487805,49.32409783775085,2,175.40530303030303,98.69413006022246
1557,9,6,81.6798780487805,49.32409783775085,3,180.2755681818182,101.3003081249862
1558,9,6,81.6798780487805,49.32409783775085,4,182.19618055555554,97.28087570408508
1559,9,6,81.6798780487805,49.32409783775085,5,175.33940972222223,115.18349464096462
1560,9,6,81.6798780487805,49.32409783775085,6,151.36371527777777,94.45661783451457
1561,9,7,163.7530487804878,82.26560617959046,0,154.20138888888889,88.76889076017663
1562,9,7,163.7530487804878,82.26560617959046,1,167.60367454068242,96.07201155929768
1563,9,7,163.7530487804878,82.26560617959046,2,175.40530303030303,98.69413006022246
1564,9,7,163.7530487804878,82.26560617959046,3,180.2755681818182,101.3003081249862
1565,9,7,163.7530487804878,82.26560617959046,4,182.19618055555554,97.28087570408508
1566,9,7,163.7530487804878,82.26560617959046,5,175.33940972222223,115.18349464096462
1567,9,7,163.7530487804878,82.26560617959046,6,151.36371527777777,94.45661783451457
1568,9,8,204.6920731707317,78.73720272486523,0,154.20138888888889,88.76889076017663
1569,9,8,204.6920731707317,78.73720272486523,1,167.60367454068242,96.07201155929768
1570,9,8,204.6920731707317,78.73720272486523,2,175.40530303030303,98.69413006022246
1571,9,8,204.6920731707317,78.73720272486523,3,180.2755681818182,101.3003081249862
1572,9,8,204.6920731707317,78.73720272486523,4,182.19618055555554,97.28087570408508
1573,9,8,204.6920731707317,78.73720272486523,5,175.33940972222223,115.18349464096462
1574,9,8,204.6920731707317,78.73720272486523,6,151.36371527777777,94.45661783451457
1575,9,9,207.97865853658536,52.33837362343862,0,154.20138888888889,88.76889076017663
1576,9,9,207.97865853658536,52.33837362343862,1,167.60367454068242,96.07201155929768
1577,9,9,207.97865853658536,52.33837362343862,2,175.40530303030303,98.69413006022246
1578,9,9,207.97865853658536,52.33837362343862,3,180.2755681818182,101.3003081249862
1579,9,9,207.97865853658536,52.33837362343862,4,182.19618055555554,97.28087570408508
1580,9,9,207.97865853658536,52.33837362343862,5,175.33940972222223,115.18349464096462
1581,9,9,207.97865853658536,52.33837362343862,6,151.36371527777777,94.45661783451457
1582,9,10,201.6219512195122,37.653868706907154,0,154.20138888888889,88.76889076017663
1583,9,10,201.6219512195122,37.653868706907154,1,167.60367454068242,96.07201155929768
1584,9,10,201.6219512195122,37.653868706907154,2,175.40530303030303,98.69413006022246
1585,9,10,201.6219512195122,37.653868706907154,3,180.2755681818182,101.3003081249862
1586,9,10,201.6219512195122,37.653868706907154,4,182.19618055555554,97.28087570408508
1587,9,10,201.6219512195122,37.653868706907154,5,175.33940972222223,115.18349464096462
1588,9,10,201.6219512195122,37.653868706907154,6,151.36371527777777,94.45661783451457
1589,9,11,210.1371951219512,40.0696956354369,0,154.20138888888889,88.76889076017663
1590,9,11,210.1371951219512,40.0696956354369,1,167.60367454068242,96.07201155929768
1591,9,11,210.1371951219512,40.0696956354369,2,175.40530303030303,98.69413006022246
1592,9,11,210.1371951219512,40.0696956354369,3,180.2755681818182,101.3003081249862
1593,9,11,210.1371951219512,40.0696956354369,4,182.19618055555554,97.28087570408508
1594,9,11,210.1371951219512,40.0696956354369,5,175.33940972222223,115.18349464096462
1595,9,11,210.1371951219512,40.0696956354369,6,151.36371527777777,94.45661783451457
1596,9,12,223.29268292682926,45.67100480875874,0,154.20138888888889,88.76889076017663
1597,9,12,223.29268292682926,45.67100480875874,1,167.60367454068242,96.07201155929768
1598,9,12,223.29268292682926,45.67100480875874,2,175.40530303030303,98.69413006022246
1599,9,12,223.29268292682926,45.67100480875874,3,180.2755681818182,101.3003081249862
1600,9,12,223.29268292682926,45.67100480875874,4,182.19618055555554,97.28087570408508
1601,9,12,223.29268292682926,45.67100480875874,5,175.33940972222223,115.18349464096462
1602,9,12,223.29268292682926,45.67100480875874,6,151.36371527777777,94.45661783451457
1603,9,13,222.40548780487805,46.432914026152794,0,154.20138888888889,88.76889076017663
1604,9,13,222.40548780487805,46.432914026152794,1,167.60367454068242,96.07201155929768
1605,9,13,222.40548780487805,46.432914026152794,2,175.40530303030303,98.69413006022246
1606,9,13,222.40548780487805,46.432914026152794,3,180.2755681818182,101.3003081249862
1607,9,13,222.40548780487805,46.432914026152794,4,182.19618055555554,97.28087570408508
1608,9,13,222.40548780487805,46.432914026152794,5,175.33940972222223,115.18349464096462
1609,9,13,222.40548780487805,46.432914026152794,6,151.36371527777777,94.45661783451457
1610,9,14,229.10060975609755,43.75060261281962,0,154.20138888888889,88.76889076017663
1611,9,14,229.10060975609755,43.75060261281962,1,167.60367454068242,96.07201155929768
1612,9,14,229.10060975609755,43.75060261281962,2,175.40530303030303,98.69413006022246
1613,9,14,229.10060975609755,43.75060261281962,3,180.2755681818182,101.3003081249862
1614,9,14,229.10060975609755,43.75060261281962,4,182.19618055555554,97.28087570408508
1615,9,14,229.10060975609755,43.75060261281962,5,175.33940972222223,115.18349464096462
1616,9,14,229.10060975609755,43.75060261281962,6,151.36371527777777,94.45661783451457
1617,9,15,227.515243902439,43.30179717370218,0,154.20138888888889,88.76889076017663
1618,9,15,227.515243902439,43.30179717370218,1,167.60367454068242,96.07201155929768
1619,9,15,227.515243902439,43.30179717370218,2,175.40530303030303,98.69413006022246
1620,9,15,227.515243902439,43.30179717370218,3,180.2755681818182,101.3003081249862
1621,9,15,227.515243902439,43.30179717370218,4,182.19618055555554,97.28087570408508
1622,9,15,227.515243902439,43.30179717370218,5,175.33940972222223,115.18349464096462
1623,9,15,227.515243902439,43.30179717370218,6,151.36371527777777,94.45661783451457
1624,9,16,206.1158536585366,41.047358251811104,0,154.20138888888889,88.76889076017663
1625,9,16,206.1158536585366,41.047358251811104,1,167.60367454068242,96.07201155929768
1626,9,16,206.1158536585366,41.047358251811104,2,175.40530303030303,98.69413006022246
1627,9,16,206.1158536585366,41.047358251811104,3,180.2755681818182,101.3003081249862
1628,9,16,206.1158536585366,41.047358251811104,4,182.19618055555554,97.28087570408508
1629,9,16,206.1158536585366,41.047358251811104,5,175.33940972222223,115.18349464096462
1630,9,16,206.1158536585366,41.047358251811104,6,151.36371527777777,94.45661783451457
1631,9,17,238.6890243902439,44.55756955389134,0,154.20138888888889,88.76889076017663
1632,9,17,238.6890243902439,44.55756955389134,1,167.60367454068242,96.07201155929768
1633,9,17,238.6890243902439,44.55756955389134,2,175.40530303030303,98.69413006022246
1634,9,17,238.6890243902439,44.55756955389134,3,180.2755681818182,101.3003081249862
1635,9,17,238.6890243902439,44.55756955389134,4,182.19618055555554,97.28087570408508
1636,9,17,238.6890243902439,44.55756955389134,5,175.33940972222223,115.18349464096462
1637,9,17,238.6890243902439,44.55756955389134,6,151.36371527777777,94.45661783451457
1638,9,18,281.0335365853659,49.82257913572582,0,154.20138888888889,88.76889076017663
1639,9,18,281.0335365853659,49.82257913572582,1,167.60367454068242,96.07201155929768
1640,9,18,281.0335365853659,49.82257913572582,2,175.40530303030303,98.69413006022246
1641,9,18,281.0335365853659,49.82257913572582,3,180.2755681818182,101.3003081249862
1642,9,18,281.0335365853659,49.82257913572582,4,182.19618055555554,97.28087570408508
1643,9,18,281.0335365853659,49.82257913572582,5,175.33940972222223,115.18349464096462
1644,9,18,281.0335365853659,49.82257913572582,6,151.36371527777777,94.45661783451457
1645,9,19,261.8963414634146,54.99942939959109,0,154.20138888888889,88.76889076017663
1646,9,19,261.8963414634146,54.99942939959109,1,167.60367454068242,96.07201155929768
1647,9,19,261.8963414634146,54.99942939959109,2,175.40530303030303,98.69413006022246
1648,9,19,261.8963414634146,54.99942939959109,3,180.2755681818182,101.3003081249862
1649,9,19,261.8963414634146,54.99942939959109,4,182.19618055555554,97.28087570408508
1650,9,19,261.8963414634146,54.99942939959109,5,175.33940972222223,115.18349464096462
1651,9,19,261.8963414634146,54.99942939959109,6,151.36371527777777,94.45661783451457
1652,9,20,218.8719512195122,45.763473207058354,0,154.20138888888889,88.76889076017663
1653,9,20,218.8719512195122,45.763473207058354,1,167.60367454068242,96.07201155929768
1654,9,20,218.8719512195122,45.763473207058354,2,175.40530303030303,98.69413006022246
1655,9,20,218.8719512195122,45.763473207058354,3,180.2755681818182,101.3003081249862
1656,9,20,218.8719512195122,45.763473207058354,4,182.19618055555554,97.28087570408508
1657,9,20,218.8719512195122,45.763473207058354,5,175.33940972222223,115.18349464096462
1658,9,20,218.8719512195122,45.763473207058354,6,151.36371527777777,94.45661783451457
1659,9,21,231.21406727828747,64.27588674966367,0,154.20138888888889,88.76889076017663
1660,9,21,231.21406727828747,64.27588674966367,1,167.60367454068242,96.07201155929768
1661,9,21,231.21406727828747,64.27588674966367,2,175.40530303030303,98.69413006022246
1662,9,21,231.21406727828747,64.27588674966367,3,180.2755681818182,101.3003081249862
1663,9,21,231.21406727828747,64.27588674966367,4,182.19618055555554,97.28087570408508
1664,9,21,231.21406727828747,64.27588674966367,5,175.33940972222223,115.18349464096462
1665,9,21,231.21406727828747,64.27588674966367,6,151.36371527777777,94.45661783451457
1666,9,22,234.74074074074073,90.77741672731659,0,154.20138888888889,88.76889076017663
1667,9,22,234.74074074074073,90.77741672731659,1,167.60367454068242,96.07201155929768
1668,9,22,234.74074074074073,90.77741672731659,2,175.40530303030303,98.69413006022246
1669,9,22,234.74074074074073,90.77741672731659,3,180.2755681818182,101.3003081249862
1670,9,22,234.74074074074073,90.77741672731659,4,182.19618055555554,97.28087570408508
1671,9,22,234.74074074074073,90.77741672731659,5,175.33940972222223,115.18349464096462
1672,9,22,234.74074074074073,90.77741672731659,6,151.36371527777777,94.45661783451457
1673,9,23,174.79012345679013,101.70347428843152,0,154.20138888888889,88.76889076017663
1674,9,23,174.79012345679013,101.70347428843152,1,167.60367454068242,96.07201155929768
1675,9,23,174.79012345679013,101.70347428843152,2,175.40530303030303,98.69413006022246
1676,9,23,174.79012345679013,101.70347428843152,3,180.2755681818182,101.3003081249862
1677,9,23,174.79012345679013,101.70347428843152,4,182.19618055555554,97.28087570408508
1678,9,23,174.79012345679013,101.70347428843152,5,175.33940972222223,115.18349464096462
1679,9,23,174.79012345679013,101.70347428843152,6,151.36371527777777,94.45661783451457
1680,10,0,54.28353658536585,37.5846702067361,0,27.653645833333332,19.799402458041058
1681,10,0,54.28353658536585,37.5846702067361,1,27.665791776027998,20.46192338546433
1682,10,0,54.28353658536585,37.5846702067361,2,30.165719696969695,22.621174475420634
1683,10,0,54.28353658536585,37.5846702067361,3,31.961174242424242,22.573175544545602
1684,10,0,54.28353658536585,37.5846702067361,4,37.869791666666664,28.856733938792335
1685,10,0,54.28353658536585,37.5846702067361,5,39.09027777777778,25.678873173565087
1686,10,0,54.28353658536585,37.5846702067361,6,37.43315972222222,24.74647915348797
1687,10,1,36.58841463414634,32.530645912321084,0,27.653645833333332,19.799402458041058
1688,10,1,36.58841463414634,32.530645912321084,1,27.665791776027998,20.46192338546433
1689,10,1,36.58841463414634,32.530645912321084,2,30.165719696969695,22.621174475420634
1690,10,1,36.58841463414634,32.530645912321084,3,31.961174242424242,22.573175544545602
1691,10,1,36.58841463414634,32.530645912321084,4,37.869791666666664,28.856733938792335
1692,10,1,36.58841463414634,32.530645912321084,5,39.09027777777778,25.678873173565087
1693,10,1,36.58841463414634,32.530645912321084,6,37.43315972222222,24.74647915348797
1694,10,2,24.024390243902438,28.91513496783476,0,27.653645833333332,19.799402458041058
1695,10,2,24.024390243902438,28.91513496783476,1,27.665791776027998,20.46192338546433
1696,10,2,24.024390243902438,28.91513496783476,2,30.165719696969695,22.621174475420634
1697,10,2,24.024390243902438,28.91513496783476,3,31.961174242424242,22.573175544545602
1698,10,2,24.024390243902438,28.91513496783476,4,37.869791666666664,28.856733938792335
1699,10,2,24.024390243902438,28.91513496783476,5,39.09027777777778,25.678873173565087
1700,10,2,24.024390243902438,28.91513496783476,6,37.43315972222222,24.74647915348797
1701,10,3,16.286585365853657,22.06974356364766,0,27.653645833333332,19.799402458041058
1702,10,3,16.286585365853657,22.06974356364766,1,27.665791776027998,20.46192338546433
1703,10,3,16.286585365853657,22.06974356364766,2,30.165719696969695,22.621174475420634
1704,10,3,16.286585365853657,22.06974356364766,3,31.961174242424242,22.573175544545602
1705,10,3,16.286585365853657,22.06974356364766,4,37.869791666666664,28.856733938792335
1706,10,3,16.286585365853657,22.06974356364766,5,39.09027777777778,25.678873173565087
1707,10,3,16.286585365853657,22.06974356364766,6,37.43315972222222,24.74647915348797
1708,10,4,12.362804878048781,11.849699181914803,0,27.653645833333332,19.799402458041058
1709,10,4,12.362804878048781,11.849699181914803,1,27.665791776027998,20.46192338546433
1710,10,4,12.362804878048781,11.849699181914803,2,30.165719696969695,22.621174475420634
1711,10,4,12.362804878048781,11.849699181914803,3,31.961174242424242,22.573175544545602
1712,10,4,12.362804878048781,11.849699181914803,4,37.869791666666664,28.856733938792335
1713,10,4,12.362804878048781,11.849699181914803,5,39.09027777777778,25.678873173565087
1714,10,4,12.362804878048781,11.849699181914803,6,37.43315972222222,24.74647915348797
1715,10,5,13.954268292682928,7.330618212493419,0,27.653645833333332,19.799402458041058
1716,10,5,13.954268292682928,7.330618212493419,1,27.665791776027998,20.46192338546433
1717,10,5,13.954268292682928,7.330618212493419,2,30.165719696969695,22.621174475420634
1718,10,5,13.954268292682928,7.330618212493419,3,31.961174242424242,22.573175544545602
1719,10,5,13.954268292682928,7.330618212493419,4,37.869791666666664,28.856733938792335
1720,10,5,13.954268292682928,7.330618212493419,5,39.09027777777778,25.678873173565087
1721,10,5,13.954268292682928,7.330618212493419,6,37.43315972222222,24.74647915348797
1722,10,6,33.65853658536585,18.131001050000254,0,27.653645833333332,19.799402458041058
1723,10,6,33.65853658536585,18.131001050000254,1,27.665791776027998,20.46192338546433
1724,10,6,33.65853658536585,18.131001050000254,2,30.165719696969695,22.621174475420634
1725,10,6,33.65853658536585,18.131001050000254,3,31.961174242424242,22.573175544545602
1726,10,6,33.65853658536585,18.131001050000254,4,37.869791666666664,28.856733938792335
1727,10,6,33.65853658536585,18.131001050000254,5,39.09027777777778,25.678873173565087
1728,10,6,33.65853658536585,18.131001050000254,6,37.43315972222222,24.74647915348797
1729,10,7,49.667682926829265,24.08577799549753,0,27.653645833333332,19.799402458041058
1730,10,7,49.667682926829265,24.08577799549753,1,27.665791776027998,20.46192338546433
1731,10,7,49.667682926829265,24.08577799549753,2,30.165719696969695,22.621174475420634
1732,10,7,49.667682926829265,24.08577799549753,3,31.961174242424242,22.573175544545602
1733,10,7,49.667682926829265,24.08577799549753,4,37.869791666666664,28.856733938792335
1734,10,7,49.667682926829265,24.08577799549753,5,39.09027777777778,25.678873173565087
1735,10,7,49.667682926829265,24.08577799549753,6,37.43315972222222,24.74647915348797
1736,10,8,58.49390243902439,25.785517816536196,0,27.653645833333332,19.799402458041058
1737,10,8,58.49390243902439,25.785517816536196,1,27.665791776027998,20.46192338546433
1738,10,8,58.49390243902439,25.785517816536196,2,30.165719696969695,22.621174475420634
1739,10,8,58.49390243902439,25.785517816536196,3,31.961174242424242,22.573175544545602
1740,10,8,58.49390243902439,25.785517816536196,4,37.869791666666664,28.856733938792335
1741,10,8,58.49390243902439,25.785517816536196,5,39.09027777777778,25.678873173565087
1742,10,8,58.49390243902439,25.785517816536196,6,37.43315972222222,24.74647915348797
1743,10,9,36.92987804878049,13.727735624178719,0,27.653645833333332,19.799402458041058
1744,10,9,36.92987804878049,13.727735624178719,1,27.665791776027998,20.46192338546433
1745,10,9,36.92987804878049,13.727735624178719,2,30.165719696969695,22.621174475420634
1746,10,9,36.92987804878049,13.727735624178719,3,31.961174242424242,22.573175544545602
1747,10,9,36.92987804878049,13.727735624178719,4,37.869791666666664,28.856733938792335
1748,10,9,36.92987804878049,13.727735624178719,5,39.09027777777778,25.678873173565087
1749,10,9,36.92987804878049,13.727735624178719,6,37.43315972222222,24.74647915348797
1750,10,10,23.786585365853657,14.143115265228321,0,27.653645833333332,19.799402458041058
1751,10,10,23.786585365853657,14.143115265228321,1,27.665791776027998,20.46192338546433
1752,10,10,23.786585365853657,14.143115265228321,2,30.165719696969695,22.621174475420634
1753,10,10,23.786585365853657,14.143115265228321,3,31.961174242424242,22.573175544545602
1754,10,10,23.786585365853657,14.143115265228321,4,37.869791666666664,28.856733938792335
1755,10,10,23.786585365853657,14.143115265228321,5,39.09027777777778,25.678873173565087
1756,10,10,23.786585365853657,14.143115265228321,6,37.43315972222222,24.74647915348797
1757,10,11,21.63109756097561,12.761079350599134,0,27.653645833333332,19.799402458041058
1758,10,11,21.63109756097561,12.761079350599134,1,27.665791776027998,20.46192338546433
1759,10,11,21.63109756097561,12.761079350599134,2,30.165719696969695,22.621174475420634
1760,10,11,21.63109756097561,12.761079350599134,3,31.961174242424242,22.573175544545602
1761,10,11,21.63109756097561,12.761079350599134,4,37.869791666666664,28.856733938792335
1762,10,11,21.63109756097561,12.761079350599134,5,39.09027777777778,25.678873173565087
1763,10,11,21.63109756097561,12.761079350599134,6,37.43315972222222,24.74647915348797
1764,10,12,23.692073170731707,12.784248166920353,0,27.653645833333332,19.799402458041058
1765,10,12,23.692073170731707,12.784248166920353,1,27.665791776027998,20.46192338546433
1766,10,12,23.692073170731707,12.784248166920353,2,30.165719696969695,22.621174475420634
1767,10,12,23.692073170731707,12.784248166920353,3,31.961174242424242,22.573175544545602
1768,10,12,23.692073170731707,12.784248166920353,4,37.869791666666664,28.856733938792335
1769,10,12,23.692073170731707,12.784248166920353,5,39.09027777777778,25.678873173565087
1770,10,12,23.692073170731707,12.784248166920353,6,37.43315972222222,24.74647915348797
1771,10,13,23.0609756097561,12.313536531796723,0,27.653645833333332,19.799402458041058
1772,10,13,23.0609756097561,12.313536531796723,1,27.665791776027998,20.46192338546433
1773,10,13,23.0609756097561,12.313536531796723,2,30.165719696969695,22.621174475420634
1774,10,13,23.0609756097561,12.313536531796723,3,31.961174242424242,22.573175544545602
1775,10,13,23.0609756097561,12.313536531796723,4,37.869791666666664,28.856733938792335
1776,10,13,23.0609756097561,12.313536531796723,5,39.09027777777778,25.678873173565087
1777,10,13,23.0609756097561,12.313536531796723,6,37.43315972222222,24.74647915348797
1778,10,14,22.353658536585368,9.977800375616134,0,27.653645833333332,19.799402458041058
1779,10,14,22.353658536585368,9.977800375616134,1,27.665791776027998,20.46192338546433
1780,10,14,22.353658536585368,9.977800375616134,2,30.165719696969695,22.621174475420634
1781,10,14,22.353658536585368,9.977800375616134,3,31.961174242424242,22.573175544545602
1782,10,14,22.353658536585368,9.977800375616134,4,37.869791666666664,28.856733938792335
1783,10,14,22.353658536585368,9.977800375616134,5,39.09027777777778,25.678873173565087
1784,10,14,22.353658536585368,9.977800375616134,6,37.43315972222222,24.74647915348797
1785,10,15,22.216463414634145,10.13571984676536,0,27.653645833333332,19.799402458041058
1786,10,15,22.216463414634145,10.13571984676536,1,27.665791776027998,20.46192338546433
1787,10,15,22.216463414634145,10.13571984676536,2,30.165719696969695,22.621174475420634
1788,10,15,22.216463414634145,10.13571984676536,3,31.961174242424242,22.573175544545602
1789,10,15,22.216463414634145,10.13571984676536,4,37.869791666666664,28.856733938792335
1790,10,15,22.216463414634145,10.13571984676536,5,39.09027777777778,25.678873173565087
1791,10,15,22.216463414634145,10.13571984676536,6,37.43315972222222,24.74647915348797
1792,10,16,19.091463414634145,9.839888878558963,0,27.653645833333332,19.799402458041058
1793,10,16,19.091463414634145,9.839888878558963,1,27.665791776027998,20.46192338546433
1794,10,16,19.091463414634145,9.839888878558963,2,30.165719696969695,22.621174475420634
1795,10,16,19.091463414634145,9.839888878558963,3,31.961174242424242,22.573175544545602
1796,10,16,19.091463414634145,9.839888878558963,4,37.869791666666664,28.856733938792335
1797,10,16,19.091463414634145,9.839888878558963,5,39.09027777777778,25.678873173565087
1798,10,16,19.091463414634145,9.839888878558963,6,37.43315972222222,24.74647915348797
1799,10,17,28.10670731707317,14.099609082561372,0,27.653645833333332,19.799402458041058
1800,10,17,28.10670731707317,14.099609082561372,1,27.665791776027998,20.46192338546433
1801,10,17,28.10670731707317,14.099609082561372,2,30.165719696969695,22.621174475420634
1802,10,17,28.10670731707317,14.099609082561372,3,31.961174242424242,22.573175544545602
1803,10,17,28.10670731707317,14.099609082561372,4,37.869791666666664,28.856733938792335
1804,10,17,28.10670731707317,14.099609082561372,5,39.09027777777778,25.678873173565087
1805,10,17,28.10670731707317,14.099609082561372,6,37.43315972222222,24.74647915348797
1806,10,18,41.176829268292686,17.36122290807096,0,27.653645833333332,19.799402458041058
1807,10,18,41.176829268292686,17.36122290807096,1,27.665791776027998,20.46192338546433
1808,10,18,41.176829268292686,17.36122290807096,2,30.165719696969695,22.621174475420634
1809,10,18,41.176829268292686,17.36122290807096,3,31.961174242424242,22.573175544545602
1810,10,18,41.176829268292686,17.36122290807096,4,37.869791666666664,28.856733938792335
1811,10,18,41.176829268292686,17.36122290807096,5,39.09027777777778,25.678873173565087
1812,10,18,41.176829268292686,17.36122290807096,6,37.43315972222222,24.74647915348797
1813,10,19,41.90548780487805,15.231553251071205,0,27.653645833333332,19.799402458041058
1814,10,19,41.90548780487805,15.231553251071205,1,27.665791776027998,20.46192338546433
1815,10,19,41.90548780487805,15.231553251071205,2,30.165719696969695,22.621174475420634
1816,10,19,41.90548780487805,15.231553251071205,3,31.961174242424242,22.573175544545602
1817,10,19,41.90548780487805,15.231553251071205,4,37.869791666666664,28.856733938792335
1818,10,19,41.90548780487805,15.231553251071205,5,39.09027777777778,25.678873173565087
1819,10,19,41.90548780487805,15.231553251071205,6,37.43315972222222,24.74647915348797
1820,10,20,35.60670731707317,10.664506458040393,0,27.653645833333332,19.799402458041058
1821,10,20,35.60670731707317,10.664506458040393,1,27.665791776027998,20.46192338546433
1822,10,20,35.60670731707317,10.664506458040393,2,30.165719696969695,22.621174475420634
1823,10,20,35.60670731707317,10.664506458040393,3,31.961174242424242,22.573175544545602
1824,10,20,35.60670731707317,10.664506458040393,4,37.869791666666664,28.856733938792335
1825,10,20,35.60670731707317,10.664506458040393,5,39.09027777777778,25.678873173565087
1826,10,20,35.60670731707317,10.664506458040393,6,37.43315972222222,24.74647915348797
1827,10,21,44.45871559633027,16.970309028691734,0,27.653645833333332,19.799402458041058
1828,10,21,44.45871559633027,16.970309028691734,1,27.665791776027998,20.46192338546433
1829,10,21,44.45871559633027,16.970309028691734,2,30.165719696969695,22.621174475420634
1830,10,21,44.45871559633027,16.970309028691734,3,31.961174242424242,22.573175544545602
1831,10,21,44.45871559633027,16.970309028691734,4,37.869791666666664,28.856733938792335
1832,10,21,44.45871559633027,16.970309028691734,5,39.09027777777778,25.678873173565087
1833,10,21,44.45871559633027,16.970309028691734,6,37.43315972222222,24.74647915348797
1834,10,22,55.23456790123457,22.36733664809294,0,27.653645833333332,19.799402458041058
1835,10,22,55.23456790123457,22.36733664809294,1,27.665791776027998,20.46192338546433
1836,10,22,55.23456790123457,22.36733664809294,2,30.165719696969695,22.621174475420634
1837,10,22,55.23456790123457,22.36733664809294,3,31.961174242424242,22.573175544545602
1838,10,22,55.23456790123457,22.36733664809294,4,37.869791666666664,28.856733938792335
1839,10,22,55.23456790123457,22.36733664809294,5,39.09027777777778,25.678873173565087
1840,10,22,55.23456790123457,22.36733664809294,6,37.43315972222222,24.74647915348797
1841,10,23,58.27160493827161,29.857665379870575,0,27.653645833333332,19.799402458041058
1842,10,23,58.27160493827161,29.857665379870575,1,27.665791776027998,20.46192338546433
1843,10,23,58.27160493827161,29.857665379870575,2,30.165719696969695,22.621174475420634
1844,10,23,58.27160493827161,29.857665379870575,3,31.961174242424242,22.573175544545602
1845,10,23,58.27160493827161,29.857665379870575,4,37.869791666666664,28.856733938792335
1846,10,23,58.27160493827161,29.857665379870575,5,39.09027777777778,25.678873173565087
1847,10,23,58.27160493827161,29.857665379870575,6,37.43315972222222,24.74647915348797
1848,11,0,89.67073170731707,48.12771106067722,0,121.94010416666667,73.62720375120855
1849,11,0,89.67073170731707,48.12771106067722,1,139.1846019247594,79.26062690960262
1850,11,0,89.67073170731707,48.12771106067722,2,147.80587121212122,81.31784927090709
1851,11,0,89.67073170731707,48.12771106067722,3,155.64204545454547,82.9811529631384
1852,11,0,89.67073170731707,48.12771106067722,4,151.90625,75.76469056380658
1853,11,0,89.67073170731707,48.12771106067722,5,133.85329861111111,81.64959889922451
1854,11,0,89.67073170731707,48.12771106067722,6,106.76649305555556,67.99236034812861
1855,11,1,54.832317073170735,40.15694658637218,0,121.94010416666667,73.62720375120855
1856,11,1,54.832317073170735,40.15694658637218,1,139.1846019247594,79.26062690960262
1857,11,1,54.832317073170735,40.15694658637218,2,147.80587121212122,81.31784927090709
1858,11,1,54.832317073170735,40.15694658637218,3,155.64204545454547,82.9811529631384
1859,11,1,54.832317073170735,40.15694658637218,4,151.90625,75.76469056380658
1860,11,1,54.832317073170735,40.15694658637218,5,133.85329861111111,81.64959889922451
1861,11,1,54.832317073170735,40.15694658637218,6,106.76649305555556,67.99236034812861
1862,11,2,33.78658536585366,31.04928808274497,0,121.94010416666667,73.62720375120855
1863,11,2,33.78658536585366,31.04928808274497,1,139.1846019247594,79.26062690960262
1864,11,2,33.78658536585366,31.04928808274497,2,147.80587121212122,81.31784927090709
1865,11,2,33.78658536585366,31.04928808274497,3,155.64204545454547,82.9811529631384
1866,11,2,33.78658536585366,31.04928808274497,4,151.90625,75.76469056380658
1867,11,2,33.78658536585366,31.04928808274497,5,133.85329861111111,81.64959889922451
1868,11,2,33.78658536585366,31.04928808274497,6,106.76649305555556,67.99236034812861
1869,11,3,22.359756097560975,20.827495116924855,0,121.94010416666667,73.62720375120855
1870,11,3,22.359756097560975,20.827495116924855,1,139.1846019247594,79.26062690960262
1871,11,3,22.359756097560975,20.827495116924855,2,147.80587121212122,81.31784927090709
1872,11,3,22.359756097560975,20.827495116924855,3,155.64204545454547,82.9811529631384
1873,11,3,22.359756097560975,20.827495116924855,4,151.90625,75.76469056380658
1874,11,3,22.359756097560975,20.827495116924855,5,133.85329861111111,81.64959889922451
1875,11,3,22.359756097560975,20.827495116924855,6,106.76649305555556,67.99236034812861
1876,11,4,21.009146341463413,13.550333460240655,0,121.94010416666667,73.62720375120855
1877,11,4,21.009146341463413,13.550333460240655,1,139.1846019247594,79.26062690960262
1878,11,4,21.009146341463413,13.550333460240655,2,147.80587121212122,81.31784927090709
1879,11,4,21.009146341463413,13.550333460240655,3,155.64204545454547,82.9811529631384
1880,11,4,21.009146341463413,13.550333460240655,4,151.90625,75.76469056380658
1881,11,4,21.009146341463413,13.550333460240655,5,133.85329861111111,81.64959889922451
1882,11,4,21.009146341463413,13.550333460240655,6,106.76649305555556,67.99236034812861
1883,11,5,25.475609756097562,9.638068772199205,0,121.94010416666667,73.62720375120855
1884,11,5,25.475609756097562,9.638068772199205,1,139.1846019247594,79.26062690960262
1885,11,5,25.475609756097562,9.638068772199205,2,147.80587121212122,81.31784927090709
1886,11,5,25.475609756097562,9.638068772199205,3,155.64204545454547,82.9811529631384
1887,11,5,25.475609756097562,9.638068772199205,4,151.90625,75.76469056380658
1888,11,5,25.475609756097562,9.638068772199205,5,133.85329861111111,81.64959889922451
1889,11,5,25.475609756097562,9.638068772199205,6,106.76649305555556,67.99236034812861
1890,11,6,67.64329268292683,42.5499621867217,0,121.94010416666667,73.62720375120855
1891,11,6,67.64329268292683,42.5499621867217,1,139.1846019247594,79.26062690960262
1892,11,6,67.64329268292683,42.5499621867217,2,147.80587121212122,81.31784927090709
1893,11,6,67.64329268292683,42.5499621867217,3,155.64204545454547,82.9811529631384
1894,11,6,67.64329268292683,42.5499621867217,4,151.90625,75.76469056380658
1895,11,6,67.64329268292683,42.5499621867217,5,133.85329861111111,81.64959889922451
1896,11,6,67.64329268292683,42.5499621867217,6,106.76649305555556,67.99236034812861
1897,11,7,121.51829268292683,65.06467942279541,0,121.94010416666667,73.62720375120855
1898,11,7,121.51829268292683,65.06467942279541,1,139.1846019247594,79.26062690960262
1899,11,7,121.51829268292683,65.06467942279541,2,147.80587121212122,81.31784927090709
1900,11,7,121.51829268292683,65.06467942279541,3,155.64204545454547,82.9811529631384
1901,11,7,121.51829268292683,65.06467942279541,4,151.90625,75.76469056380658
1902,11,7,121.51829268292683,65.06467942279541,5,133.85329861111111,81.64959889922451
1903,11,7,121.51829268292683,65.06467942279541,6,106.76649305555556,67.99236034812861
1904,11,8,173.58231707317074,80.93505112010205,0,121.94010416666667,73.62720375120855
1905,11,8,173.58231707317074,80.93505112010205,1,139.1846019247594,79.26062690960262
1906,11,8,173.58231707317074,80.93505112010205,2,147.80587121212122,81.31784927090709
1907,11,8,173.58231707317074,80.93505112010205,3,155.64204545454547,82.9811529631384
1908,11,8,173.58231707317074,80.93505112010205,4,151.90625,75.76469056380658
1909,11,8,173.58231707317074,80.93505112010205,5,133.85329861111111,81.64959889922451
1910,11,8,173.58231707317074,80.93505112010205,6,106.76649305555556,67.99236034812861
1911,11,9,160.77439024390245,54.85096028023353,0,121.94010416666667,73.62720375120855
1912,11,9,160.77439024390245,54.85096028023353,1,139.1846019247594,79.26062690960262
1913,11,9,160.77439024390245,54.85096028023353,2,147.80587121212122,81.31784927090709
1914,11,9,160.77439024390245,54.85096028023353,3,155.64204545454547,82.9811529631384
1915,11,9,160.77439024390245,54.85096028023353,4,151.90625,75.76469056380658
1916,11,9,160.77439024390245,54.85096028023353,5,133.85329861111111,81.64959889922451
1917,11,9,160.77439024390245,54.85096028023353,6,106.76649305555556,67.99236034812861
1918,11,10,146.8018292682927,32.75953155889946,0,121.94010416666667,73.62720375120855
1919,11,10,146.8018292682927,32.75953155889946,1,139.1846019247594,79.26062690960262
1920,11,10,146.8018292682927,32.75953155889946,2,147.80587121212122,81.31784927090709
1921,11,10,146.8018292682927,32.75953155889946,3,155.64204545454547,82.9811529631384
1922,11,10,146.8018292682927,32.75953155889946,4,151.90625,75.76469056380658
1923,11,10,146.8018292682927,32.75953155889946,5,133.85329861111111,81.64959889922451
1924,11,10,146.8018292682927,32.75953155889946,6,106.76649305555556,67.99236034812861
1925,11,11,166.9512195121951,36.568197756975344,0,121.94010416666667,73.62720375120855
1926,11,11,166.9512195121951,36.568197756975344,1,139.1846019247594,79.26062690960262
1927,11,11,166.9512195121951,36.568197756975344,2,147.80587121212122,81.31784927090709
1928,11,11,166.9512195121951,36.568197756975344,3,155.64204545454547,82.9811529631384
1929,11,11,166.9512195121951,36.568197756975344,4,151.90625,75.76469056380658
1930,11,11,166.9512195121951,36.568197756975344,5,133.85329861111111,81.64959889922451
1931,11,11,166.9512195121951,36.568197756975344,6,106.76649305555556,67.99236034812861
1932,11,12,181.40548780487805,38.19317830286539,0,121.94010416666667,73.62720375120855
1933,11,12,181.40548780487805,38.19317830286539,1,139.1846019247594,79.26062690960262
1934,11,12,181.40548780487805,38.19317830286539,2,147.80587121212122,81.31784927090709
1935,11,12,181.40548780487805,38.19317830286539,3,155.64204545454547,82.9811529631384
1936,11,12,181.40548780487805,38.19317830286539,4,151.90625,75.76469056380658
1937,11,12,181.40548780487805,38.19317830286539,5,133.85329861111111,81.64959889922451
1938,11,12,181.40548780487805,38.19317830286539,6,106.76649305555556,67.99236034812861
1939,11,13,184.47560975609755,37.10287396560803,0,121.94010416666667,73.62720375120855
1940,11,13,184.47560975609755,37.10287396560803,1,139.1846019247594,79.26062690960262
1941,11,13,184.47560975609755,37.10287396560803,2,147.80587121212122,81.31784927090709
1942,11,13,184.47560975609755,37.10287396560803,3,155.64204545454547,82.9811529631384
1943,11,13,184.47560975609755,37.10287396560803,4,151.90625,75.76469056380658
1944,11,13,184.47560975609755,37.10287396560803,5,133.85329861111111,81.64959889922451
1945,11,13,184.47560975609755,37.10287396560803,6,106.76649305555556,67.99236034812861
1946,11,14,190.6890243902439,35.88174088180344,0,121.94010416666667,73.62720375120855
1947,11,14,190.6890243902439,35.88174088180344,1,139.1846019247594,79.26062690960262
1948,11,14,190.6890243902439,35.88174088180344,2,147.80587121212122,81.31784927090709
1949,11,14,190.6890243902439,35.88174088180344,3,155.64204545454547,82.9811529631384
1950,11,14,190.6890243902439,35.88174088180344,4,151.90625,75.76469056380658
1951,11,14,190.6890243902439,35.88174088180344,5,133.85329861111111,81.64959889922451
1952,11,14,190.6890243902439,35.88174088180344,6,106.76649305555556,67.99236034812861
1953,11,15,176.64939024390245,34.72868540329634,0,121.94010416666667,73.62720375120855
1954,11,15,176.64939024390245,34.72868540329634,1,139.1846019247594,79.26062690960262
1955,11,15,176.64939024390245,34.72868540329634,2,147.80587121212122,81.31784927090709
1956,11,15,176.64939024390245,34.72868540329634,3,155.64204545454547,82.9811529631384
1957,11,15,176.64939024390245,34.72868540329634,4,151.90625,75.76469056380658
1958,11,15,176.64939024390245,34.72868540329634,5,133.85329861111111,81.64959889922451
1959,11,15,176.64939024390245,34.72868540329634,6,106.76649305555556,67.99236034812861
1960,11,16,153.9390243902439,31.4313377430463,0,121.94010416666667,73.62720375120855
1961,11,16,153.9390243902439,31.4313377430463,1,139.1846019247594,79.26062690960262
1962,11,16,153.9390243902439,31.4313377430463,2,147.80587121212122,81.31784927090709
1963,11,16,153.9390243902439,31.4313377430463,3,155.64204545454547,82.9811529631384
1964,11,16,153.9390243902439,31.4313377430463,4,151.90625,75.76469056380658
1965,11,16,153.9390243902439,31.4313377430463,5,133.85329861111111,81.64959889922451
1966,11,16,153.9390243902439,31.4313377430463,6,106.76649305555556,67.99236034812861
1967,11,17,188.890243902439,37.09802078437201,0,121.94010416666667,73.62720375120855
1968,11,17,188.890243902439,37.09802078437201,1,139.1846019247594,79.26062690960262
1969,11,17,188.890243902439,37.09802078437201,2,147.80587121212122,81.31784927090709
1970,11,17,188.890243902439,37.09802078437201,3,155.64204545454547,82.9811529631384
1971,11,17,188.890243902439,37.09802078437201,4,151.90625,75.76469056380658
1972,11,17,188.890243902439,37.09802078437201,5,133.85329861111111,81.64959889922451
1973,11,17,188.890243902439,37.09802078437201,6,106.76649305555556,67.99236034812861
1974,11,18,222.1189024390244,45.49928126612081,0,121.94010416666667,73.62720375120855
1975,11,18,222.1189024390244,45.49928126612081,1,139.1846019247594,79.26062690960262
1976,11,18,222.1189024390244,45.49928126612081,2,147.80587121212122,81.31784927090709
1977,11,18,222.1189024390244,45.49928126612081,3,155.64204545454547,82.9811529631384
1978,11,18,222.1189024390244,45.49928126612081,4,151.90625,75.76469056380658
1979,11,18,222.1189024390244,45.49928126612081,5,133.85329861111111,81.64959889922451
1980,11,18,222.1189024390244,45.49928126612081,6,106.76649305555556,67.99236034812861
1981,11,19,220.5701219512195,55.64820658944161,0,121.94010416666667,73.62720375120855
1982,11,19,220.5701219512195,55.64820658944161,1,139.1846019247594,79.26062690960262
1983,11,19,220.5701219512195,55.64820658944161,2,147.80587121212122,81.31784927090709
1984,11,19,220.5701219512195,55.64820658944161,3,155.64204545454547,82.9811529631384
1985,11,19,220.5701219512195,55.64820658944161,4,151.90625,75.76469056380658
1986,11,19,220.5701219512195,55.64820658944161,5,133.85329861111111,81.64959889922451
1987,11,19,220.5701219512195,55.64820658944161,6,106.76649305555556,67.99236034812861
1988,11,20,205.3719512195122,63.23323705903385,0,121.94010416666667,73.62720375120855
1989,11,20,205.3719512195122,63.23323705903385,1,139.1846019247594,79.26062690960262
1990,11,20,205.3719512195122,63.23323705903385,2,147.80587121212122,81.31784927090709
1991,11,20,205.3719512195122,63.23323705903385,3,155.64204545454547,82.9811529631384
1992,11,20,205.3719512195122,63.23323705903385,4,151.90625,75.76469056380658
1993,11,20,205.3719512195122,63.23323705903385,5,133.85329861111111,81.64959889922451
1994,11,20,205.3719512195122,63.23323705903385,6,106.76649305555556,67.99236034812861
1995,11,21,184.96636085626912,64.34246539158201,0,121.94010416666667,73.62720375120855
1996,11,21,184.96636085626912,64.34246539158201,1,139.1846019247594,79.26062690960262
1997,11,21,184.96636085626912,64.34246539158201,2,147.80587121212122,81.31784927090709
1998,11,21,184.96636085626912,64.34246539158201,3,155.64204545454547,82.9811529631384
1999,11,21,184.96636085626912,64.34246539158201,4,151.90625,75.76469056380658
2000,11,21,184.96636085626912,64.34246539158201,5,133.85329861111111,81.64959889922451
2001,11,21,184.96636085626912,64.34246539158201,6,106.76649305555556,67.99236034812861
2002,11,22,158.33641975308643,56.505522627896696,0,121.94010416666667,73.62720375120855
2003,11,22,158.33641975308643,56.505522627896696,1,139.1846019247594,79.26062690960262
2004,11,22,158.33641975308643,56.505522627896696,2,147.80587121212122,81.31784927090709
2005,11,22,158.33641975308643,56.505522627896696,3,155.64204545454547,82.9811529631384
2006,11,22,158.33641975308643,56.505522627896696,4,151.90625,75.76469056380658
2007,11,22,158.33641975308643,56.505522627896696,5,133.85329861111111,81.64959889922451
2008,11,22,158.33641975308643,56.505522627896696,6,106.76649305555556,67.99236034812861
2009,11,23,121.03703703703704,51.50555458805169,0,121.94010416666667,73.62720375120855
2010,11,23,121.03703703703704,51.50555458805169,1,139.1846019247594,79.26062690960262
2011,11,23,121.03703703703704,51.50555458805169,2,147.80587121212122,81.31784927090709
2012,11,23,121.03703703703704,51.50555458805169,3,155.64204545454547,82.9811529631384
2013,11,23,121.03703703703704,51.50555458805169,4,151.90625,75.76469056380658
2014,11,23,121.03703703703704,51.50555458805169,5,133.85329861111111,81.64959889922451
2015,11,23,121.03703703703704,51.50555458805169,6,106.76649305555556,67.99236034812861
2016,12,0,228.92073170731706,141.6772178732162,0,132.77517361111111,62.21643767734656
2017,12,0,228.92073170731706,141.6772178732162,1,143.10761154855643,73.68888879984898
2018,12,0,228.92073170731706,141.6772178732162,2,156.83238636363637,78.94687956931006
2019,12,0,228.92073170731706,141.6772178732162,3,169.1373106060606,87.60932825942893
2020,12,0,228.92073170731706,141.6772178732162,4,185.32378472222223,97.82475256286936
2021,12,0,228.92073170731706,141.6772178732162,5,226.96354166666666,138.497769050367
2022,12,0,228.92073170731706,141.6772178732162,6,186.05815972222223,116.31775550676946
2023,12,1,185.64634146341464,155.9403259151173,0,132.77517361111111,62.21643767734656
2024,12,1,185.64634146341464,155.9403259151173,1,143.10761154855643,73.68888879984898
2025,12,1,185.64634146341464,155.9403259151173,2,156.83238636363637,78.94687956931006
2026,12,1,185.64634146341464,155.9403259151173,3,169.1373106060606,87.60932825942893
2027,12,1,185.64634146341464,155.9403259151173,4,185.32378472222223,97.82475256286936
2028,12,1,185.64634146341464,155.9403259151173,5,226.96354166666666,138.497769050367
2029,12,1,185.64634146341464,155.9403259151173,6,186.05815972222223,116.31775550676946
2030,12,2,139.29268292682926,137.25595971908396,0,132.77517361111111,62.21643767734656
2031,12,2,139.29268292682926,137.25595971908396,1,143.10761154855643,73.68888879984898
2032,12,2,139.29268292682926,137.25595971908396,2,156.83238636363637,78.94687956931006
2033,12,2,139.29268292682926,137.25595971908396,3,169.1373106060606,87.60932825942893
2034,12,2,139.29268292682926,137.25595971908396,4,185.32378472222223,97.82475256286936
2035,12,2,139.29268292682926,137.25595971908396,5,226.96354166666666,138.497769050367
2036,12,2,139.29268292682926,137.25595971908396,6,186.05815972222223,116.31775550676946
2037,12,3,96.3170731707317,96.65723392325549,0,132.77517361111111,62.21643767734656
2038,12,3,96.3170731707317,96.65723392325549,1,143.10761154855643,73.68888879984898
2039,12,3,96.3170731707317,96.65723392325549,2,156.83238636363637,78.94687956931006
2040,12,3,96.3170731707317,96.65723392325549,3,169.1373106060606,87.60932825942893
2041,12,3,96.3170731707317,96.65723392325549,4,185.32378472222223,97.82475256286936
2042,12,3,96.3170731707317,96.65723392325549,5,226.96354166666666,138.497769050367
2043,12,3,96.3170731707317,96.65723392325549,6,186.05815972222223,116.31775550676946
2044,12,4,57.042682926829265,53.13117465290049,0,132.77517361111111,62.21643767734656
2045,12,4,57.042682926829265,53.13117465290049,1,143.10761154855643,73.68888879984898
2046,12,4,57.042682926829265,53.13117465290049,2,156.83238636363637,78.94687956931006
2047,12,4,57.042682926829265,53.13117465290049,3,169.1373106060606,87.60932825942893
2048,12,4,57.042682926829265,53.13117465290049,4,185.32378472222223,97.82475256286936
2049,12,4,57.042682926829265,53.13117465290049,5,226.96354166666666,138.497769050367
2050,12,4,57.042682926829265,53.13117465290049,6,186.05815972222223,116.31775550676946
2051,12,5,38.832317073170735,15.986976488527246,0,132.77517361111111,62.21643767734656
2052,12,5,38.832317073170735,15.986976488527246,1,143.10761154855643,73.68888879984898
2053,12,5,38.832317073170735,15.986976488527246,2,156.83238636363637,78.94687956931006
2054,12,5,38.832317073170735,15.986976488527246,3,169.1373106060606,87.60932825942893
2055,12,5,38.832317073170735,15.986976488527246,4,185.32378472222223,97.82475256286936
2056,12,5,38.832317073170735,15.986976488527246,5,226.96354166666666,138.497769050367
2057,12,5,38.832317073170735,15.986976488527246,6,186.05815972222223,116.31775550676946
2058,12,6,76.60060975609755,43.9768732618641,0,132.77517361111111,62.21643767734656
2059,12,6,76.60060975609755,43.9768732618641,1,143.10761154855643,73.68888879984898
2060,12,6,76.60060975609755,43.9768732618641,2,156.83238636363637,78.94687956931006
2061,12,6,76.60060975609755,43.9768732618641,3,169.1373106060606,87.60932825942893
2062,12,6,76.60060975609755,43.9768732618641,4,185.32378472222223,97.82475256286936
2063,12,6,76.60060975609755,43.9768732618641,5,226.96354166666666,138.497769050367
2064,12,6,76.60060975609755,43.9768732618641,6,186.05815972222223,116.31775550676946
2065,12,7,130.52439024390245,68.36634105933365,0,132.77517361111111,62.21643767734656
2066,12,7,130.52439024390245,68.36634105933365,1,143.10761154855643,73.68888879984898
2067,12,7,130.52439024390245,68.36634105933365,2,156.83238636363637,78.94687956931006
2068,12,7,130.52439024390245,68.36634105933365,3,169.1373106060606,87.60932825942893
2069,12,7,130.52439024390245,68.36634105933365,4,185.32378472222223,97.82475256286936
2070,12,7,130.52439024390245,68.36634105933365,5,226.96354166666666,138.497769050367
2071,12,7,130.52439024390245,68.36634105933365,6,186.05815972222223,116.31775550676946
2072,12,8,176.3140243902439,80.24966118780702,0,132.77517361111111,62.21643767734656
2073,12,8,176.3140243902439,80.24966118780702,1,143.10761154855643,73.68888879984898
2074,12,8,176.3140243902439,80.24966118780702,2,156.83238636363637,78.94687956931006
2075,12,8,176.3140243902439,80.24966118780702,3,169.1373106060606,87.60932825942893
2076,12,8,176.3140243902439,80.24966118780702,4,185.32378472222223,97.82475256286936
2077,12,8,176.3140243902439,80.24966118780702,5,226.96354166666666,138.497769050367
2078,12,8,176.3140243902439,80.24966118780702,6,186.05815972222223,116.31775550676946
2079,12,9,190.359756097561,63.765854867908224,0,132.77517361111111,62.21643767734656
2080,12,9,190.359756097561,63.765854867908224,1,143.10761154855643,73.68888879984898
2081,12,9,190.359756097561,63.765854867908224,2,156.83238636363637,78.94687956931006
2082,12,9,190.359756097561,63.765854867908224,3,169.1373106060606,87.60932825942893
2083,12,9,190.359756097561,63.765854867908224,4,185.32378472222223,97.82475256286936
2084,12,9,190.359756097561,63.765854867908224,5,226.96354166666666,138.497769050367
2085,12,9,190.359756097561,63.765854867908224,6,186.05815972222223,116.31775550676946
2086,12,10,157.625,35.10538415887075,0,132.77517361111111,62.21643767734656
2087,12,10,157.625,35.10538415887075,1,143.10761154855643,73.68888879984898
2088,12,10,157.625,35.10538415887075,2,156.83238636363637,78.94687956931006
2089,12,10,157.625,35.10538415887075,3,169.1373106060606,87.60932825942893
2090,12,10,157.625,35.10538415887075,4,185.32378472222223,97.82475256286936
2091,12,10,157.625,35.10538415887075,5,226.96354166666666,138.497769050367
2092,12,10,157.625,35.10538415887075,6,186.05815972222223,116.31775550676946
2093,12,11,150.1219512195122,40.521716983013384,0,132.77517361111111,62.21643767734656
2094,12,11,150.1219512195122,40.521716983013384,1,143.10761154855643,73.68888879984898
2095,12,11,150.1219512195122,40.521716983013384,2,156.83238636363637,78.94687956931006
2096,12,11,150.1219512195122,40.521716983013384,3,169.1373106060606,87.60932825942893
2097,12,11,150.1219512195122,40.521716983013384,4,185.32378472222223,97.82475256286936
2098,12,11,150.1219512195122,40.521716983013384,5,226.96354166666666,138.497769050367
2099,12,11,150.1219512195122,40.521716983013384,6,186.05815972222223,116.31775550676946
2100,12,12,159.015243902439,46.48563369473944,0,132.77517361111111,62.21643767734656
2101,12,12,159.015243902439,46.48563369473944,1,143.10761154855643,73.68888879984898
2102,12,12,159.015243902439,46.48563369473944,2,156.83238636363637,78.94687956931006
2103,12,12,159.015243902439,46.48563369473944,3,169.1373106060606,87.60932825942893
2104,12,12,159.015243902439,46.48563369473944,4,185.32378472222223,97.82475256286936
2105,12,12,159.015243902439,46.48563369473944,5,226.96354166666666,138.497769050367
2106,12,12,159.015243902439,46.48563369473944,6,186.05815972222223,116.31775550676946
2107,12,13,161.54268292682926,49.43582014358805,0,132.77517361111111,62.21643767734656
2108,12,13,161.54268292682926,49.43582014358805,1,143.10761154855643,73.68888879984898
2109,12,13,161.54268292682926,49.43582014358805,2,156.83238636363637,78.94687956931006
2110,12,13,161.54268292682926,49.43582014358805,3,169.1373106060606,87.60932825942893
2111,12,13,161.54268292682926,49.43582014358805,4,185.32378472222223,97.82475256286936
2112,12,13,161.54268292682926,49.43582014358805,5,226.96354166666666,138.497769050367
2113,12,13,161.54268292682926,49.43582014358805,6,186.05815972222223,116.31775550676946
2114,12,14,166.29268292682926,43.00145443948829,0,132.77517361111111,62.21643767734656
2115,12,14,166.29268292682926,43.00145443948829,1,143.10761154855643,73.68888879984898
2116,12,14,166.29268292682926,43.00145443948829,2,156.83238636363637,78.94687956931006
2117,12,14,166.29268292682926,43.00145443948829,3,169.1373106060606,87.60932825942893
2118,12,14,166.29268292682926,43.00145443948829,4,185.32378472222223,97.82475256286936
2119,12,14,166.29268292682926,43.00145443948829,5,226.96354166666666,138.497769050367
2120,12,14,166.29268292682926,43.00145443948829,6,186.05815972222223,116.31775550676946
2121,12,15,163.46951219512195,43.71389100077898,0,132.77517361111111,62.21643767734656
2122,12,15,163.46951219512195,43.71389100077898,1,143.10761154855643,73.68888879984898
2123,12,15,163.46951219512195,43.71389100077898,2,156.83238636363637,78.94687956931006
2124,12,15,163.46951219512195,43.71389100077898,3,169.1373106060606,87.60932825942893
2125,12,15,163.46951219512195,43.71389100077898,4,185.32378472222223,97.82475256286936
2126,12,15,163.46951219512195,43.71389100077898,5,226.96354166666666,138.497769050367
2127,12,15,163.46951219512195,43.71389100077898,6,186.05815972222223,116.31775550676946
2128,12,16,141.77134146341464,42.52762551011173,0,132.77517361111111,62.21643767734656
2129,12,16,141.77134146341464,42.52762551011173,1,143.10761154855643,73.68888879984898
2130,12,16,141.77134146341464,42.52762551011173,2,156.83238636363637,78.94687956931006
2131,12,16,141.77134146341464,42.52762551011173,3,169.1373106060606,87.60932825942893
2132,12,16,141.77134146341464,42.52762551011173,4,185.32378472222223,97.82475256286936
2133,12,16,141.77134146341464,42.52762551011173,5,226.96354166666666,138.497769050367
2134,12,16,141.77134146341464,42.52762551011173,6,186.05815972222223,116.31775550676946
2135,12,17,165.4298780487805,46.12674956098181,0,132.77517361111111,62.21643767734656
2136,12,17,165.4298780487805,46.12674956098181,1,143.10761154855643,73.68888879984898
2137,12,17,165.4298780487805,46.12674956098181,2,156.83238636363637,78.94687956931006
2138,12,17,165.4298780487805,46.12674956098181,3,169.1373106060606,87.60932825942893
2139,12,17,165.4298780487805,46.12674956098181,4,185.32378472222223,97.82475256286936
2140,12,17,165.4298780487805,46.12674956098181,5,226.96354166666666,138.497769050367
2141,12,17,165.4298780487805,46.12674956098181,6,186.05815972222223,116.31775550676946
2142,12,18,215.6280487804878,56.02807896830258,0,132.77517361111111,62.21643767734656
2143,12,18,215.6280487804878,56.02807896830258,1,143.10761154855643,73.68888879984898
2144,12,18,215.6280487804878,56.02807896830258,2,156.83238636363637,78.94687956931006
2145,12,18,215.6280487804878,56.02807896830258,3,169.1373106060606,87.60932825942893
2146,12,18,215.6280487804878,56.02807896830258,4,185.32378472222223,97.82475256286936
2147,12,18,215.6280487804878,56.02807896830258,5,226.96354166666666,138.497769050367
2148,12,18,215.6280487804878,56.02807896830258,6,186.05815972222223,116.31775550676946
2149,12,19,245.34146341463415,68.37899770774271,0,132.77517361111111,62.21643767734656
2150,12,19,245.34146341463415,68.37899770774271,1,143.10761154855643,73.68888879984898
2151,12,19,245.34146341463415,68.37899770774271,2,156.83238636363637,78.94687956931006
2152,12,19,245.34146341463415,68.37899770774271,3,169.1373106060606,87.60932825942893
2153,12,19,245.34146341463415,68.37899770774271,4,185.32378472222223,97.82475256286936
2154,12,19,245.34146341463415,68.37899770774271,5,226.96354166666666,138.497769050367
2155,12,19,245.34146341463415,68.37899770774271,6,186.05815972222223,116.31775550676946
2156,12,20,250.8048780487805,64.16186317129508,0,132.77517361111111,62.21643767734656
2157,12,20,250.8048780487805,64.16186317129508,1,143.10761154855643,73.68888879984898
2158,12,20,250.8048780487805,64.16186317129508,2,156.83238636363637,78.94687956931006
2159,12,20,250.8048780487805,64.16186317129508,3,169.1373106060606,87.60932825942893
2160,12,20,250.8048780487805,64.16186317129508,4,185.32378472222223,97.82475256286936
2161,12,20,250.8048780487805,64.16186317129508,5,226.96354166666666,138.497769050367
2162,12,20,250.8048780487805,64.16186317129508,6,186.05815972222223,116.31775550676946
2163,12,21,279.04587155963304,72.56700546380188,0,132.77517361111111,62.21643767734656
2164,12,21,279.04587155963304,72.56700546380188,1,143.10761154855643,73.68888879984898
2165,12,21,279.04587155963304,72.56700546380188,2,156.83238636363637,78.94687956931006
2166,12,21,279.04587155963304,72.56700546380188,3,169.1373106060606,87.60932825942893
2167,12,21,279.04587155963304,72.56700546380188,4,185.32378472222223,97.82475256286936
2168,12,21,279.04587155963304,72.56700546380188,5,226.96354166666666,138.497769050367
2169,12,21,279.04587155963304,72.56700546380188,6,186.05815972222223,116.31775550676946
2170,12,22,285.1388888888889,92.28262467733272,0,132.77517361111111,62.21643767734656
2171,12,22,285.1388888888889,92.28262467733272,1,143.10761154855643,73.68888879984898
2172,12,22,285.1388888888889,92.28262467733272,2,156.83238636363637,78.94687956931006
2173,12,22,285.1388888888889,92.28262467733272,3,169.1373106060606,87.60932825942893
2174,12,22,285.1388888888889,92.28262467733272,4,185.32378472222223,97.82475256286936
2175,12,22,285.1388888888889,92.28262467733272,5,226.96354166666666,138.497769050367
2176,12,22,285.1388888888889,92.28262467733272,6,186.05815972222223,116.31775550676946
2177,12,23,262.4475308641975,116.90977320687895,0,132.77517361111111,62.21643767734656
2178,12,23,262.4475308641975,116.90977320687895,1,143.10761154855643,73.68888879984898
2179,12,23,262.4475308641975,116.90977320687895,2,156.83238636363637,78.94687956931006
2180,12,23,262.4475308641975,116.90977320687895,3,169.1373106060606,87.60932825942893
2181,12,23,262.4475308641975,116.90977320687895,4,185.32378472222223,97.82475256286936
2182,12,23,262.4475308641975,116.90977320687895,5,226.96354166666666,138.497769050367
2183,12,23,262.4475308641975,116.90977320687895,6,186.05815972222223,116.31775550676946
2184,13,0,7.490853658536586,3.5140489384499807,0,5.422743055555555,3.518490826951744
2185,13,0,7.490853658536586,3.5140489384499807,1,4.673665791776028,3.0352969283701747
2186,13,0,7.490853658536586,3.5140489384499807,2,4.75094696969697,2.9461999065114792
2187,13,0,7.490853658536586,3.5140489384499807,3,4.797348484848484,2.840905098374332
2188,13,0,7.490853658536586,3.5140489384499807,4,6.328993055555555,6.564411304190655
2189,13,0,7.490853658536586,3.5140489384499807,5,6.734375,3.7842233599353112
2190,13,0,7.490853658536586,3.5140489384499807,6,7.121527777777778,4.384732427773913
2191,13,1,8.414634146341463,5.391013520392685,0,5.422743055555555,3.518490826951744
2192,13,1,8.414634146341463,5.391013520392685,1,4.673665791776028,3.0352969283701747
2193,13,1,8.414634146341463,5.391013520392685,2,4.75094696969697,2.9461999065114792
2194,13,1,8.414634146341463,5.391013520392685,3,4.797348484848484,2.840905098374332
2195,13,1,8.414634146341463,5.391013520392685,4,6.328993055555555,6.564411304190655
2196,13,1,8.414634146341463,5.391013520392685,5,6.734375,3.7842233599353112
2197,13,1,8.414634146341463,5.391013520392685,6,7.121527777777778,4.384732427773913
2198,13,2,7.673780487804878,6.8277394524965365,0,5.422743055555555,3.518490826951744
2199,13,2,7.673780487804878,6.8277394524965365,1,4.673665791776028,3.0352969283701747
2200,13,2,7.673780487804878,6.8277394524965365,2,4.75094696969697,2.9461999065114792
2201,13,2,7.673780487804878,6.8277394524965365,3,4.797348484848484,2.840905098374332
2202,13,2,7.673780487804878,6.8277394524965365,4,6.328993055555555,6.564411304190655
2203,13,2,7.673780487804878,6.8277394524965365,5,6.734375,3.7842233599353112
2204,13,2,7.673780487804878,6.8277394524965365,6,7.121527777777778,4.384732427773913
2205,13,3,7.271341463414634,6.104806000107477,0,5.422743055555555,3.518490826951744
2206,13,3,7.271341463414634,6.104806000107477,1,4.673665791776028,3.0352969283701747
2207,13,3,7.271341463414634,6.104806000107477,2,4.75094696969697,2.9461999065114792
2208,13,3,7.271341463414634,6.104806000107477,3,4.797348484848484,2.840905098374332
2209,13,3,7.271341463414634,6.104806000107477,4,6.328993055555555,6.564411304190655
2210,13,3,7.271341463414634,6.104806000107477,5,6.734375,3.7842233599353112
2211,13,3,7.271341463414634,6.104806000107477,6,7.121527777777778,4.384732427773913
2212,13,4,8.978658536585366,6.973267129838492,0,5.422743055555555,3.518490826951744
2213,13,4,8.978658536585366,6.973267129838492,1,4.673665791776028,3.0352969283701747
2214,13,4,8.978658536585366,6.973267129838492,2,4.75094696969697,2.9461999065114792
2215,13,4,8.978658536585366,6.973267129838492,3,4.797348484848484,2.840905098374332
2216,13,4,8.978658536585366,6.973267129838492,4,6.328993055555555,6.564411304190655
2217,13,4,8.978658536585366,6.973267129838492,5,6.734375,3.7842233599353112
2218,13,4,8.978658536585366,6.973267129838492,6,7.121527777777778,4.384732427773913
2219,13,5,6.676829268292683,4.015163880348106,0,5.422743055555555,3.518490826951744
2220,13,5,6.676829268292683,4.015163880348106,1,4.673665791776028,3.0352969283701747
2221,13,5,6.676829268292683,4.015163880348106,2,4.75094696969697,2.9461999065114792
2222,13,5,6.676829268292683,4.015163880348106,3,4.797348484848484,2.840905098374332
2223,13,5,6.676829268292683,4.015163880348106,4,6.328993055555555,6.564411304190655
2224,13,5,6.676829268292683,4.015163880348106,5,6.734375,3.7842233599353112
2225,13,5,6.676829268292683,4.015163880348106,6,7.121527777777778,4.384732427773913
2226,13,6,8.207317073170731,3.7644329547785285,0,5.422743055555555,3.518490826951744
2227,13,6,8.207317073170731,3.7644329547785285,1,4.673665791776028,3.0352969283701747
2228,13,6,8.207317073170731,3.7644329547785285,2,4.75094696969697,2.9461999065114792
2229,13,6,8.207317073170731,3.7644329547785285,3,4.797348484848484,2.840905098374332
2230,13,6,8.207317073170731,3.7644329547785285,4,6.328993055555555,6.564411304190655
2231,13,6,8.207317073170731,3.7644329547785285,5,6.734375,3.7842233599353112
2232,13,6,8.207317073170731,3.7644329547785285,6,7.121527777777778,4.384732427773913
2233,13,7,8.682926829268293,4.253088243052615,0,5.422743055555555,3.518490826951744
2234,13,7,8.682926829268293,4.253088243052615,1,4.673665791776028,3.0352969283701747
2235,13,7,8.682926829268293,4.253088243052615,2,4.75094696969697,2.9461999065114792
2236,13,7,8.682926829268293,4.253088243052615,3,4.797348484848484,2.840905098374332
2237,13,7,8.682926829268293,4.253088243052615,4,6.328993055555555,6.564411304190655
2238,13,7,8.682926829268293,4.253088243052615,5,6.734375,3.7842233599353112
2239,13,7,8.682926829268293,4.253088243052615,6,7.121527777777778,4.384732427773913
2240,13,8,7.4817073170731705,3.524440764584584,0,5.422743055555555,3.518490826951744
2241,13,8,7.4817073170731705,3.524440764584584,1,4.673665791776028,3.0352969283701747
2242,13,8,7.4817073170731705,3.524440764584584,2,4.75094696969697,2.9461999065114792
2243,13,8,7.4817073170731705,3.524440764584584,3,4.797348484848484,2.840905098374332
2244,13,8,7.4817073170731705,3.524440764584584,4,6.328993055555555,6.564411304190655
2245,13,8,7.4817073170731705,3.524440764584584,5,6.734375,3.7842233599353112
2246,13,8,7.4817073170731705,3.524440764584584,6,7.121527777777778,4.384732427773913
2247,13,9,5.411585365853658,3.5458706550254355,0,5.422743055555555,3.518490826951744
2248,13,9,5.411585365853658,3.5458706550254355,1,4.673665791776028,3.0352969283701747
2249,13,9,5.411585365853658,3.5458706550254355,2,4.75094696969697,2.9461999065114792
2250,13,9,5.411585365853658,3.5458706550254355,3,4.797348484848484,2.840905098374332
2251,13,9,5.411585365853658,3.5458706550254355,4,6.328993055555555,6.564411304190655
2252,13,9,5.411585365853658,3.5458706550254355,5,6.734375,3.7842233599353112
2253,13,9,5.411585365853658,3.5458706550254355,6,7.121527777777778,4.384732427773913
2254,13,10,4.762195121951219,3.269472934691384,0,5.422743055555555,3.518490826951744
2255,13,10,4.762195121951219,3.269472934691384,1,4.673665791776028,3.0352969283701747
2256,13,10,4.762195121951219,3.269472934691384,2,4.75094696969697,2.9461999065114792
2257,13,10,4.762195121951219,3.269472934691384,3,4.797348484848484,2.840905098374332
2258,13,10,4.762195121951219,3.269472934691384,4,6.328993055555555,6.564411304190655
2259,13,10,4.762195121951219,3.269472934691384,5,6.734375,3.7842233599353112
2260,13,10,4.762195121951219,3.269472934691384,6,7.121527777777778,4.384732427773913
2261,13,11,3.966463414634146,2.692514880920535,0,5.422743055555555,3.518490826951744
2262,13,11,3.966463414634146,2.692514880920535,1,4.673665791776028,3.0352969283701747
2263,13,11,3.966463414634146,2.692514880920535,2,4.75094696969697,2.9461999065114792
2264,13,11,3.966463414634146,2.692514880920535,3,4.797348484848484,2.840905098374332
2265,13,11,3.966463414634146,2.692514880920535,4,6.328993055555555,6.564411304190655
2266,13,11,3.966463414634146,2.692514880920535,5,6.734375,3.7842233599353112
2267,13,11,3.966463414634146,2.692514880920535,6,7.121527777777778,4.384732427773913
2268,13,12,4.320121951219512,2.9143676540551477,0,5.422743055555555,3.518490826951744
2269,13,12,4.320121951219512,2.9143676540551477,1,4.673665791776028,3.0352969283701747
2270,13,12,4.320121951219512,2.9143676540551477,2,4.75094696969697,2.9461999065114792
2271,13,12,4.320121951219512,2.9143676540551477,3,4.797348484848484,2.840905098374332
2272,13,12,4.320121951219512,2.9143676540551477,4,6.328993055555555,6.564411304190655
2273,13,12,4.320121951219512,2.9143676540551477,5,6.734375,3.7842233599353112
2274,13,12,4.320121951219512,2.9143676540551477,6,7.121527777777778,4.384732427773913
2275,13,13,3.817073170731707,2.383059728682991,0,5.422743055555555,3.518490826951744
2276,13,13,3.817073170731707,2.383059728682991,1,4.673665791776028,3.0352969283701747
2277,13,13,3.817073170731707,2.383059728682991,2,4.75094696969697,2.9461999065114792
2278,13,13,3.817073170731707,2.383059728682991,3,4.797348484848484,2.840905098374332
2279,13,13,3.817073170731707,2.383059728682991,4,6.328993055555555,6.564411304190655
2280,13,13,3.817073170731707,2.383059728682991,5,6.734375,3.7842233599353112
2281,13,13,3.817073170731707,2.383059728682991,6,7.121527777777778,4.384732427773913
2282,13,14,4.259146341463414,2.427525993571788,0,5.422743055555555,3.518490826951744
2283,13,14,4.259146341463414,2.427525993571788,1,4.673665791776028,3.0352969283701747
2284,13,14,4.259146341463414,2.427525993571788,2,4.75094696969697,2.9461999065114792
2285,13,14,4.259146341463414,2.427525993571788,3,4.797348484848484,2.840905098374332
2286,13,14,4.259146341463414,2.427525993571788,4,6.328993055555555,6.564411304190655
2287,13,14,4.259146341463414,2.427525993571788,5,6.734375,3.7842233599353112
2288,13,14,4.259146341463414,2.427525993571788,6,7.121527777777778,4.384732427773913
2289,13,15,4.253048780487805,2.30144014958877,0,5.422743055555555,3.518490826951744
2290,13,15,4.253048780487805,2.30144014958877,1,4.673665791776028,3.0352969283701747
2291,13,15,4.253048780487805,2.30144014958877,2,4.75094696969697,2.9461999065114792
2292,13,15,4.253048780487805,2.30144014958877,3,4.797348484848484,2.840905098374332
2293,13,15,4.253048780487805,2.30144014958877,4,6.328993055555555,6.564411304190655
2294,13,15,4.253048780487805,2.30144014958877,5,6.734375,3.7842233599353112
2295,13,15,4.253048780487805,2.30144014958877,6,7.121527777777778,4.384732427773913
2296,13,16,4.951219512195122,3.1170928156524007,0,5.422743055555555,3.518490826951744
2297,13,16,4.951219512195122,3.1170928156524007,1,4.673665791776028,3.0352969283701747
2298,13,16,4.951219512195122,3.1170928156524007,2,4.75094696969697,2.9461999065114792
2299,13,16,4.951219512195122,3.1170928156524007,3,4.797348484848484,2.840905098374332
2300,13,16,4.951219512195122,3.1170928156524007,4,6.328993055555555,6.564411304190655
2301,13,16,4.951219512195122,3.1170928156524007,5,6.734375,3.7842233599353112
2302,13,16,4.951219512195122,3.1170928156524007,6,7.121527777777778,4.384732427773913
2303,13,17,4.384146341463414,2.504795132823794,0,5.422743055555555,3.518490826951744
2304,13,17,4.384146341463414,2.504795132823794,1,4.673665791776028,3.0352969283701747
2305,13,17,4.384146341463414,2.504795132823794,2,4.75094696969697,2.9461999065114792
2306,13,17,4.384146341463414,2.504795132823794,3,4.797348484848484,2.840905098374332
2307,13,17,4.384146341463414,2.504795132823794,4,6.328993055555555,6.564411304190655
2308,13,17,4.384146341463414,2.504795132823794,5,6.734375,3.7842233599353112
2309,13,17,4.384146341463414,2.504795132823794,6,7.121527777777778,4.384732427773913
2310,13,18,3.9908536585365852,2.5056343608723375,0,5.422743055555555,3.518490826951744
2311,13,18,3.9908536585365852,2.5056343608723375,1,4.673665791776028,3.0352969283701747
2312,13,18,3.9908536585365852,2.5056343608723375,2,4.75094696969697,2.9461999065114792
2313,13,18,3.9908536585365852,2.5056343608723375,3,4.797348484848484,2.840905098374332
2314,13,18,3.9908536585365852,2.5056343608723375,4,6.328993055555555,6.564411304190655
2315,13,18,3.9908536585365852,2.5056343608723375,5,6.734375,3.7842233599353112
2316,13,18,3.9908536585365852,2.5056343608723375,6,7.121527777777778,4.384732427773913
2317,13,19,4.015243902439025,2.4872296346164706,0,5.422743055555555,3.518490826951744
2318,13,19,4.015243902439025,2.4872296346164706,1,4.673665791776028,3.0352969283701747
2319,13,19,4.015243902439025,2.4872296346164706,2,4.75094696969697,2.9461999065114792
2320,13,19,4.015243902439025,2.4872296346164706,3,4.797348484848484,2.840905098374332
2321,13,19,4.015243902439025,2.4872296346164706,4,6.328993055555555,6.564411304190655
2322,13,19,4.015243902439025,2.4872296346164706,5,6.734375,3.7842233599353112
2323,13,19,4.015243902439025,2.4872296346164706,6,7.121527777777778,4.384732427773913
2324,13,20,3.8810975609756095,2.450964239435364,0,5.422743055555555,3.518490826951744
2325,13,20,3.8810975609756095,2.450964239435364,1,4.673665791776028,3.0352969283701747
2326,13,20,3.8810975609756095,2.450964239435364,2,4.75094696969697,2.9461999065114792
2327,13,20,3.8810975609756095,2.450964239435364,3,4.797348484848484,2.840905098374332
2328,13,20,3.8810975609756095,2.450964239435364,4,6.328993055555555,6.564411304190655
2329,13,20,3.8810975609756095,2.450964239435364,5,6.734375,3.7842233599353112
2330,13,20,3.8810975609756095,2.450964239435364,6,7.121527777777778,4.384732427773913
2331,13,21,4.103975535168196,2.2798563294285055,0,5.422743055555555,3.518490826951744
2332,13,21,4.103975535168196,2.2798563294285055,1,4.673665791776028,3.0352969283701747
2333,13,21,4.103975535168196,2.2798563294285055,2,4.75094696969697,2.9461999065114792
2334,13,21,4.103975535168196,2.2798563294285055,3,4.797348484848484,2.840905098374332
2335,13,21,4.103975535168196,2.2798563294285055,4,6.328993055555555,6.564411304190655
2336,13,21,4.103975535168196,2.2798563294285055,5,6.734375,3.7842233599353112
2337,13,21,4.103975535168196,2.2798563294285055,6,7.121527777777778,4.384732427773913
2338,13,22,4.515432098765432,2.544296626486095,0,5.422743055555555,3.518490826951744
2339,13,22,4.515432098765432,2.544296626486095,1,4.673665791776028,3.0352969283701747
2340,13,22,4.515432098765432,2.544296626486095,2,4.75094696969697,2.9461999065114792
2341,13,22,4.515432098765432,2.544296626486095,3,4.797348484848484,2.840905098374332
2342,13,22,4.515432098765432,2.544296626486095,4,6.328993055555555,6.564411304190655
2343,13,22,4.515432098765432,2.544296626486095,5,6.734375,3.7842233599353112
2344,13,22,4.515432098765432,2.544296626486095,6,7.121527777777778,4.384732427773913
2345,13,23,5.592592592592593,2.944387651898242,0,5.422743055555555,3.518490826951744
2346,13,23,5.592592592592593,2.944387651898242,1,4.673665791776028,3.0352969283701747
2347,13,23,5.592592592592593,2.944387651898242,2,4.75094696969697,2.9461999065114792
2348,13,23,5.592592592592593,2.944387651898242,3,4.797348484848484,2.840905098374332
2349,13,23,5.592592592592593,2.944387651898242,4,6.328993055555555,6.564411304190655
2350,13,23,5.592592592592593,2.944387651898242,5,6.734375,3.7842233599353112
2351,13,23,5.592592592592593,2.944387651898242,6,7.121527777777778,4.384732427773913
2352,14,0,154.03048780487805,73.70558207570932,0,264.07378472222223,161.7509555288868
2353,14,0,154.03048780487805,73.70558207570932,1,293.4925634295713,175.1395832790631
2354,14,0,154.03048780487805,73.70558207570932,2,307.9176136363636,178.3060041634757
2355,14,0,154.03048780487805,73.70558207570932,3,316.9318181818182,178.63593491391322
2356,14,0,154.03048780487805,73.70558207570932,4,299.1423611111111,155.41925768180974
2357,14,0,154.03048780487805,73.70558207570932,5,241.49652777777777,147.3763658502179
2358,14,0,154.03048780487805,73.70558207570932,6,195.25086805555554,111.95931563382939
2359,14,1,99.34451219512195,62.90228503120246,0,264.07378472222223,161.7509555288868
2360,14,1,99.34451219512195,62.90228503120246,1,293.4925634295713,175.1395832790631
2361,14,1,99.34451219512195,62.90228503120246,2,307.9176136363636,178.3060041634757
2362,14,1,99.34451219512195,62.90228503120246,3,316.9318181818182,178.63593491391322
2363,14,1,99.34451219512195,62.90228503120246,4,299.1423611111111,155.41925768180974
2364,14,1,99.34451219512195,62.90228503120246,5,241.49652777777777,147.3763658502179
2365,14,1,99.34451219512195,62.90228503120246,6,195.25086805555554,111.95931563382939
2366,14,2,67.67682926829268,51.59432868053642,0,264.07378472222223,161.7509555288868
2367,14,2,67.67682926829268,51.59432868053642,1,293.4925634295713,175.1395832790631
2368,14,2,67.67682926829268,51.59432868053642,2,307.9176136363636,178.3060041634757
2369,14,2,67.67682926829268,51.59432868053642,3,316.9318181818182,178.63593491391322
2370,14,2,67.67682926829268,51.59432868053642,4,299.1423611111111,155.41925768180974
2371,14,2,67.67682926829268,51.59432868053642,5,241.49652777777777,147.3763658502179
2372,14,2,67.67682926829268,51.59432868053642,6,195.25086805555554,111.95931563382939
2373,14,3,51.76219512195122,38.905651233708944,0,264.07378472222223,161.7509555288868
2374,14,3,51.76219512195122,38.905651233708944,1,293.4925634295713,175.1395832790631
2375,14,3,51.76219512195122,38.905651233708944,2,307.9176136363636,178.3060041634757
2376,14,3,51.76219512195122,38.905651233708944,3,316.9318181818182,178.63593491391322
2377,14,3,51.76219512195122,38.905651233708944,4,299.1423611111111,155.41925768180974
2378,14,3,51.76219512195122,38.905651233708944,5,241.49652777777777,147.3763658502179
2379,14,3,51.76219512195122,38.905651233708944,6,195.25086805555554,111.95931563382939
2380,14,4,43.27743902439025,27.090952993465002,0,264.07378472222223,161.7509555288868
2381,14,4,43.27743902439025,27.090952993465002,1,293.4925634295713,175.1395832790631
2382,14,4,43.27743902439025,27.090952993465002,2,307.9176136363636,178.3060041634757
2383,14,4,43.27743902439025,27.090952993465002,3,316.9318181818182,178.63593491391322
2384,14,4,43.27743902439025,27.090952993465002,4,299.1423611111111,155.41925768180974
2385,14,4,43.27743902439025,27.090952993465002,5,241.49652777777777,147.3763658502179
2386,14,4,43.27743902439025,27.090952993465002,6,195.25086805555554,111.95931563382939
2387,14,5,40.125,14.878496171254767,0,264.07378472222223,161.7509555288868
2388,14,5,40.125,14.878496171254767,1,293.4925634295713,175.1395832790631
2389,14,5,40.125,14.878496171254767,2,307.9176136363636,178.3060041634757
2390,14,5,40.125,14.878496171254767,3,316.9318181818182,178.63593491391322
2391,14,5,40.125,14.878496171254767,4,299.1423611111111,155.41925768180974
2392,14,5,40.125,14.878496171254767,5,241.49652777777777,147.3763658502179
2393,14,5,40.125,14.878496171254767,6,195.25086805555554,111.95931563382939
2394,14,6,105.34756097560975,60.279024454116744,0,264.07378472222223,161.7509555288868
2395,14,6,105.34756097560975,60.279024454116744,1,293.4925634295713,175.1395832790631
2396,14,6,105.34756097560975,60.279024454116744,2,307.9176136363636,178.3060041634757
2397,14,6,105.34756097560975,60.279024454116744,3,316.9318181818182,178.63593491391322
2398,14,6,105.34756097560975,60.279024454116744,4,299.1423611111111,155.41925768180974
2399,14,6,105.34756097560975,60.279024454116744,5,241.49652777777777,147.3763658502179
2400,14,6,105.34756097560975,60.279024454116744,6,195.25086805555554,111.95931563382939
2401,14,7,230.60060975609755,126.61988529180162,0,264.07378472222223,161.7509555288868
2402,14,7,230.60060975609755,126.61988529180162,1,293.4925634295713,175.1395832790631
2403,14,7,230.60060975609755,126.61988529180162,2,307.9176136363636,178.3060041634757
2404,14,7,230.60060975609755,126.61988529180162,3,316.9318181818182,178.63593491391322
2405,14,7,230.60060975609755,126.61988529180162,4,299.1423611111111,155.41925768180974
2406,14,7,230.60060975609755,126.61988529180162,5,241.49652777777777,147.3763658502179
2407,14,7,230.60060975609755,126.61988529180162,6,195.25086805555554,111.95931563382939
2408,14,8,296.3109756097561,133.6742157814831,0,264.07378472222223,161.7509555288868
2409,14,8,296.3109756097561,133.6742157814831,1,293.4925634295713,175.1395832790631
2410,14,8,296.3109756097561,133.6742157814831,2,307.9176136363636,178.3060041634757
2411,14,8,296.3109756097561,133.6742157814831,3,316.9318181818182,178.63593491391322
2412,14,8,296.3109756097561,133.6742157814831,4,299.1423611111111,155.41925768180974
2413,14,8,296.3109756097561,133.6742157814831,5,241.49652777777777,147.3763658502179
2414,14,8,296.3109756097561,133.6742157814831,6,195.25086805555554,111.95931563382939
2415,14,9,288.844512195122,92.32582693058184,0,264.07378472222223,161.7509555288868
2416,14,9,288.844512195122,92.32582693058184,1,293.4925634295713,175.1395832790631
2417,14,9,288.844512195122,92.32582693058184,2,307.9176136363636,178.3060041634757
2418,14,9,288.844512195122,92.32582693058184,3,316.9318181818182,178.63593491391322
2419,14,9,288.844512195122,92.32582693058184,4,299.1423611111111,155.41925768180974
2420,14,9,288.844512195122,92.32582693058184,5,241.49652777777777,147.3763658502179
2421,14,9,288.844512195122,92.32582693058184,6,195.25086805555554,111.95931563382939
2422,14,10,295.8810975609756,66.90132317239141,0,264.07378472222223,161.7509555288868
2423,14,10,295.8810975609756,66.90132317239141,1,293.4925634295713,175.1395832790631
2424,14,10,295.8810975609756,66.90132317239141,2,307.9176136363636,178.3060041634757
2425,14,10,295.8810975609756,66.90132317239141,3,316.9318181818182,178.63593491391322
2426,14,10,295.8810975609756,66.90132317239141,4,299.1423611111111,155.41925768180974
2427,14,10,295.8810975609756,66.90132317239141,5,241.49652777777777,147.3763658502179
2428,14,10,295.8810975609756,66.90132317239141,6,195.25086805555554,111.95931563382939
2429,14,11,327.9237804878049,65.75157338176756,0,264.07378472222223,161.7509555288868
2430,14,11,327.9237804878049,65.75157338176756,1,293.4925634295713,175.1395832790631
2431,14,11,327.9237804878049,65.75157338176756,2,307.9176136363636,178.3060041634757
2432,14,11,327.9237804878049,65.75157338176756,3,316.9318181818182,178.63593491391322
2433,14,11,327.9237804878049,65.75157338176756,4,299.1423611111111,155.41925768180974
2434,14,11,327.9237804878049,65.75157338176756,5,241.49652777777777,147.3763658502179
2435,14,11,327.9237804878049,65.75157338176756,6,195.25086805555554,111.95931563382939
2436,14,12,362.2530487804878,64.05564278765385,0,264.07378472222223,161.7509555288868
2437,14,12,362.2530487804878,64.05564278765385,1,293.4925634295713,175.1395832790631
2438,14,12,362.2530487804878,64.05564278765385,2,307.9176136363636,178.3060041634757
2439,14,12,362.2530487804878,64.05564278765385,3,316.9318181818182,178.63593491391322
2440,14,12,362.2530487804878,64.05564278765385,4,299.1423611111111,155.41925768180974
2441,14,12,362.2530487804878,64.05564278765385,5,241.49652777777777,147.3763658502179
2442,14,12,362.2530487804878,64.05564278765385,6,195.25086805555554,111.95931563382939
2443,14,13,370.719512195122,64.33024017984224,0,264.07378472222223,161.7509555288868
2444,14,13,370.719512195122,64.33024017984224,1,293.4925634295713,175.1395832790631
2445,14,13,370.719512195122,64.33024017984224,2,307.9176136363636,178.3060041634757
2446,14,13,370.719512195122,64.33024017984224,3,316.9318181818182,178.63593491391322
2447,14,13,370.719512195122,64.33024017984224,4,299.1423611111111,155.41925768180974
2448,14,13,370.719512195122,64.33024017984224,5,241.49652777777777,147.3763658502179
2449,14,13,370.719512195122,64.33024017984224,6,195.25086805555554,111.95931563382939
2450,14,14,397.734756097561,69.33996212828903,0,264.07378472222223,161.7509555288868
2451,14,14,397.734756097561,69.33996212828903,1,293.4925634295713,175.1395832790631
2452,14,14,397.734756097561,69.33996212828903,2,307.9176136363636,178.3060041634757
2453,14,14,397.734756097561,69.33996212828903,3,316.9318181818182,178.63593491391322
2454,14,14,397.734756097561,69.33996212828903,4,299.1423611111111,155.41925768180974
2455,14,14,397.734756097561,69.33996212828903,5,241.49652777777777,147.3763658502179
2456,14,14,397.734756097561,69.33996212828903,6,195.25086805555554,111.95931563382939
2457,14,15,374.6737804878049,66.54404842486848,0,264.07378472222223,161.7509555288868
2458,14,15,374.6737804878049,66.54404842486848,1,293.4925634295713,175.1395832790631
2459,14,15,374.6737804878049,66.54404842486848,2,307.9176136363636,178.3060041634757
2460,14,15,374.6737804878049,66.54404842486848,3,316.9318181818182,178.63593491391322
2461,14,15,374.6737804878049,66.54404842486848,4,299.1423611111111,155.41925768180974
2462,14,15,374.6737804878049,66.54404842486848,5,241.49652777777777,147.3763658502179
2463,14,15,374.6737804878049,66.54404842486848,6,195.25086805555554,111.95931563382939
2464,14,16,336.1524390243902,60.72951959803317,0,264.07378472222223,161.7509555288868
2465,14,16,336.1524390243902,60.72951959803317,1,293.4925634295713,175.1395832790631
2466,14,16,336.1524390243902,60.72951959803317,2,307.9176136363636,178.3060041634757
2467,14,16,336.1524390243902,60.72951959803317,3,316.9318181818182,178.63593491391322
2468,14,16,336.1524390243902,60.72951959803317,4,299.1423611111111,155.41925768180974
2469,14,16,336.1524390243902,60.72951959803317,5,241.49652777777777,147.3763658502179
2470,14,16,336.1524390243902,60.72951959803317,6,195.25086805555554,111.95931563382939
2471,14,17,418.0731707317073,81.79358378458244,0,264.07378472222223,161.7509555288868
2472,14,17,418.0731707317073,81.79358378458244,1,293.4925634295713,175.1395832790631
2473,14,17,418.0731707317073,81.79358378458244,2,307.9176136363636,178.3060041634757
2474,14,17,418.0731707317073,81.79358378458244,3,316.9318181818182,178.63593491391322
2475,14,17,418.0731707317073,81.79358378458244,4,299.1423611111111,155.41925768180974
2476,14,17,418.0731707317073,81.79358378458244,5,241.49652777777777,147.3763658502179
2477,14,17,418.0731707317073,81.79358378458244,6,195.25086805555554,111.95931563382939
2478,14,18,492.1646341463415,110.24841438257452,0,264.07378472222223,161.7509555288868
2479,14,18,492.1646341463415,110.24841438257452,1,293.4925634295713,175.1395832790631
2480,14,18,492.1646341463415,110.24841438257452,2,307.9176136363636,178.3060041634757
2481,14,18,492.1646341463415,110.24841438257452,3,316.9318181818182,178.63593491391322
2482,14,18,492.1646341463415,110.24841438257452,4,299.1423611111111,155.41925768180974
2483,14,18,492.1646341463415,110.24841438257452,5,241.49652777777777,147.3763658502179
2484,14,18,492.1646341463415,110.24841438257452,6,195.25086805555554,111.95931563382939
2485,14,19,465.4512195121951,127.62245087729355,0,264.07378472222223,161.7509555288868
2486,14,19,465.4512195121951,127.62245087729355,1,293.4925634295713,175.1395832790631
2487,14,19,465.4512195121951,127.62245087729355,2,307.9176136363636,178.3060041634757
2488,14,19,465.4512195121951,127.62245087729355,3,316.9318181818182,178.63593491391322
2489,14,19,465.4512195121951,127.62245087729355,4,299.1423611111111,155.41925768180974
2490,14,19,465.4512195121951,127.62245087729355,5,241.49652777777777,147.3763658502179
2491,14,19,465.4512195121951,127.62245087729355,6,195.25086805555554,111.95931563382939
2492,14,20,423.7865853658537,140.23114449641912,0,264.07378472222223,161.7509555288868
2493,14,20,423.7865853658537,140.23114449641912,1,293.4925634295713,175.1395832790631
2494,14,20,423.7865853658537,140.23114449641912,2,307.9176136363636,178.3060041634757
2495,14,20,423.7865853658537,140.23114449641912,3,316.9318181818182,178.63593491391322
2496,14,20,423.7865853658537,140.23114449641912,4,299.1423611111111,155.41925768180974
2497,14,20,423.7865853658537,140.23114449641912,5,241.49652777777777,147.3763658502179
2498,14,20,423.7865853658537,140.23114449641912,6,195.25086805555554,111.95931563382939
2499,14,21,380.25688073394497,132.3413556805626,0,264.07378472222223,161.7509555288868
2500,14,21,380.25688073394497,132.3413556805626,1,293.4925634295713,175.1395832790631
2501,14,21,380.25688073394497,132.3413556805626,2,307.9176136363636,178.3060041634757
2502,14,21,380.25688073394497,132.3413556805626,3,316.9318181818182,178.63593491391322
2503,14,21,380.25688073394497,132.3413556805626,4,299.1423611111111,155.41925768180974
2504,14,21,380.25688073394497,132.3413556805626,5,241.49652777777777,147.3763658502179
2505,14,21,380.25688073394497,132.3413556805626,6,195.25086805555554,111.95931563382939
2506,14,22,309.25,103.68090410563074,0,264.07378472222223,161.7509555288868
2507,14,22,309.25,103.68090410563074,1,293.4925634295713,175.1395832790631
2508,14,22,309.25,103.68090410563074,2,307.9176136363636,178.3060041634757
2509,14,22,309.25,103.68090410563074,3,316.9318181818182,178.63593491391322
2510,14,22,309.25,103.68090410563074,4,299.1423611111111,155.41925768180974
2511,14,22,309.25,103.68090410563074,5,241.49652777777777,147.3763658502179
2512,14,22,309.25,103.68090410563074,6,195.25086805555554,111.95931563382939
2513,14,23,222.53086419753086,80.5749980688919,0,264.07378472222223,161.7509555288868
2514,14,23,222.53086419753086,80.5749980688919,1,293.4925634295713,175.1395832790631
2515,14,23,222.53086419753086,80.5749980688919,2,307.9176136363636,178.3060041634757
2516,14,23,222.53086419753086,80.5749980688919,3,316.9318181818182,178.63593491391322
2517,14,23,222.53086419753086,80.5749980688919,4,299.1423611111111,155.41925768180974
2518,14,23,222.53086419753086,80.5749980688919,5,241.49652777777777,147.3763658502179
2519,14,23,222.53086419753086,80.5749980688919,6,195.25086805555554,111.95931563382939
2520,15,0,40.02743902439025,27.625319295968723,0,78.65104166666667,46.64833890725647
2521,15,0,40.02743902439025,27.625319295968723,1,83.98862642169729,51.25769219231595
2522,15,0,40.02743902439025,27.625319295968723,2,88.15530303030303,53.226588252204316
2523,15,0,40.02743902439025,27.625319295968723,3,91.28030303030303,52.923794183793696
2524,15,0,40.02743902439025,27.625319295968723,4,96.09375,52.12624082574733
2525,15,0,40.02743902439025,27.625319295968723,5,91.85069444444444,56.702343818207666
2526,15,0,40.02743902439025,27.625319295968723,6,85.17708333333333,51.281034128983464
2527,15,1,27.625,24.510303331843133,0,78.65104166666667,46.64833890725647
2528,15,1,27.625,24.510303331843133,1,83.98862642169729,51.25769219231595
2529,15,1,27.625,24.510303331843133,2,88.15530303030303,53.226588252204316
2530,15,1,27.625,24.510303331843133,3,91.28030303030303,52.923794183793696
2531,15,1,27.625,24.510303331843133,4,96.09375,52.12624082574733
2532,15,1,27.625,24.510303331843133,5,91.85069444444444,56.702343818207666
2533,15,1,27.625,24.510303331843133,6,85.17708333333333,51.281034128983464
2534,15,2,18.86890243902439,16.77512382129594,0,78.65104166666667,46.64833890725647
2535,15,2,18.86890243902439,16.77512382129594,1,83.98862642169729,51.25769219231595
2536,15,2,18.86890243902439,16.77512382129594,2,88.15530303030303,53.226588252204316
2537,15,2,18.86890243902439,16.77512382129594,3,91.28030303030303,52.923794183793696
2538,15,2,18.86890243902439,16.77512382129594,4,96.09375,52.12624082574733
2539,15,2,18.86890243902439,16.77512382129594,5,91.85069444444444,56.702343818207666
2540,15,2,18.86890243902439,16.77512382129594,6,85.17708333333333,51.281034128983464
2541,15,3,13.201219512195122,11.685836524042768,0,78.65104166666667,46.64833890725647
2542,15,3,13.201219512195122,11.685836524042768,1,83.98862642169729,51.25769219231595
2543,15,3,13.201219512195122,11.685836524042768,2,88.15530303030303,53.226588252204316
2544,15,3,13.201219512195122,11.685836524042768,3,91.28030303030303,52.923794183793696
2545,15,3,13.201219512195122,11.685836524042768,4,96.09375,52.12624082574733
2546,15,3,13.201219512195122,11.685836524042768,5,91.85069444444444,56.702343818207666
2547,15,3,13.201219512195122,11.685836524042768,6,85.17708333333333,51.281034128983464
2548,15,4,13.548780487804878,7.3295555001202395,0,78.65104166666667,46.64833890725647
2549,15,4,13.548780487804878,7.3295555001202395,1,83.98862642169729,51.25769219231595
2550,15,4,13.548780487804878,7.3295555001202395,2,88.15530303030303,53.226588252204316
2551,15,4,13.548780487804878,7.3295555001202395,3,91.28030303030303,52.923794183793696
2552,15,4,13.548780487804878,7.3295555001202395,4,96.09375,52.12624082574733
2553,15,4,13.548780487804878,7.3295555001202395,5,91.85069444444444,56.702343818207666
2554,15,4,13.548780487804878,7.3295555001202395,6,85.17708333333333,51.281034128983464
2555,15,5,25.4390243902439,10.34404798465685,0,78.65104166666667,46.64833890725647
2556,15,5,25.4390243902439,10.34404798465685,1,83.98862642169729,51.25769219231595
2557,15,5,25.4390243902439,10.34404798465685,2,88.15530303030303,53.226588252204316
2558,15,5,25.4390243902439,10.34404798465685,3,91.28030303030303,52.923794183793696
2559,15,5,25.4390243902439,10.34404798465685,4,96.09375,52.12624082574733
2560,15,5,25.4390243902439,10.34404798465685,5,91.85069444444444,56.702343818207666
2561,15,5,25.4390243902439,10.34404798465685,6,85.17708333333333,51.281034128983464
2562,15,6,55.46951219512195,26.284941510683154,0,78.65104166666667,46.64833890725647
2563,15,6,55.46951219512195,26.284941510683154,1,83.98862642169729,51.25769219231595
2564,15,6,55.46951219512195,26.284941510683154,2,88.15530303030303,53.226588252204316
2565,15,6,55.46951219512195,26.284941510683154,3,91.28030303030303,52.923794183793696
2566,15,6,55.46951219512195,26.284941510683154,4,96.09375,52.12624082574733
2567,15,6,55.46951219512195,26.284941510683154,5,91.85069444444444,56.702343818207666
2568,15,6,55.46951219512195,26.284941510683154,6,85.17708333333333,51.281034128983464
2569,15,7,113.29878048780488,53.01989469984118,0,78.65104166666667,46.64833890725647
2570,15,7,113.29878048780488,53.01989469984118,1,83.98862642169729,51.25769219231595
2571,15,7,113.29878048780488,53.01989469984118,2,88.15530303030303,53.226588252204316
2572,15,7,113.29878048780488,53.01989469984118,3,91.28030303030303,52.923794183793696
2573,15,7,113.29878048780488,53.01989469984118,4,96.09375,52.12624082574733
2574,15,7,113.29878048780488,53.01989469984118,5,91.85069444444444,56.702343818207666
2575,15,7,113.29878048780488,53.01989469984118,6,85.17708333333333,51.281034128983464
2576,15,8,141.4359756097561,49.637729049812954,0,78.65104166666667,46.64833890725647
2577,15,8,141.4359756097561,49.637729049812954,1,83.98862642169729,51.25769219231595
2578,15,8,141.4359756097561,49.637729049812954,2,88.15530303030303,53.226588252204316
2579,15,8,141.4359756097561,49.637729049812954,3,91.28030303030303,52.923794183793696
2580,15,8,141.4359756097561,49.637729049812954,4,96.09375,52.12624082574733
2581,15,8,141.4359756097561,49.637729049812954,5,91.85069444444444,56.702343818207666
2582,15,8,141.4359756097561,49.637729049812954,6,85.17708333333333,51.281034128983464
2583,15,9,128.8780487804878,28.299572724063964,0,78.65104166666667,46.64833890725647
2584,15,9,128.8780487804878,28.299572724063964,1,83.98862642169729,51.25769219231595
2585,15,9,128.8780487804878,28.299572724063964,2,88.15530303030303,53.226588252204316
2586,15,9,128.8780487804878,28.299572724063964,3,91.28030303030303,52.923794183793696
2587,15,9,128.8780487804878,28.299572724063964,4,96.09375,52.12624082574733
2588,15,9,128.8780487804878,28.299572724063964,5,91.85069444444444,56.702343818207666
2589,15,9,128.8780487804878,28.299572724063964,6,85.17708333333333,51.281034128983464
2590,15,10,120.9390243902439,28.802330674031985,0,78.65104166666667,46.64833890725647
2591,15,10,120.9390243902439,28.802330674031985,1,83.98862642169729,51.25769219231595
2592,15,10,120.9390243902439,28.802330674031985,2,88.15530303030303,53.226588252204316
2593,15,10,120.9390243902439,28.802330674031985,3,91.28030303030303,52.923794183793696
2594,15,10,120.9390243902439,28.802330674031985,4,96.09375,52.12624082574733
2595,15,10,120.9390243902439,28.802330674031985,5,91.85069444444444,56.702343818207666
2596,15,10,120.9390243902439,28.802330674031985,6,85.17708333333333,51.281034128983464
2597,15,11,116.4298780487805,29.12875494268639,0,78.65104166666667,46.64833890725647
2598,15,11,116.4298780487805,29.12875494268639,1,83.98862642169729,51.25769219231595
2599,15,11,116.4298780487805,29.12875494268639,2,88.15530303030303,53.226588252204316
2600,15,11,116.4298780487805,29.12875494268639,3,91.28030303030303,52.923794183793696
2601,15,11,116.4298780487805,29.12875494268639,4,96.09375,52.12624082574733
2602,15,11,116.4298780487805,29.12875494268639,5,91.85069444444444,56.702343818207666
2603,15,11,116.4298780487805,29.12875494268639,6,85.17708333333333,51.281034128983464
2604,15,12,118.4359756097561,29.097361371791536,0,78.65104166666667,46.64833890725647
2605,15,12,118.4359756097561,29.097361371791536,1,83.98862642169729,51.25769219231595
2606,15,12,118.4359756097561,29.097361371791536,2,88.15530303030303,53.226588252204316
2607,15,12,118.4359756097561,29.097361371791536,3,91.28030303030303,52.923794183793696
2608,15,12,118.4359756097561,29.097361371791536,4,96.09375,52.12624082574733
2609,15,12,118.4359756097561,29.097361371791536,5,91.85069444444444,56.702343818207666
2610,15,12,118.4359756097561,29.097361371791536,6,85.17708333333333,51.281034128983464
2611,15,13,112.20426829268293,28.234671575452587,0,78.65104166666667,46.64833890725647
2612,15,13,112.20426829268293,28.234671575452587,1,83.98862642169729,51.25769219231595
2613,15,13,112.20426829268293,28.234671575452587,2,88.15530303030303,53.226588252204316
2614,15,13,112.20426829268293,28.234671575452587,3,91.28030303030303,52.923794183793696
2615,15,13,112.20426829268293,28.234671575452587,4,96.09375,52.12624082574733
2616,15,13,112.20426829268293,28.234671575452587,5,91.85069444444444,56.702343818207666
2617,15,13,112.20426829268293,28.234671575452587,6,85.17708333333333,51.281034128983464
2618,15,14,121.57621951219512,26.23687057774106,0,78.65104166666667,46.64833890725647
2619,15,14,121.57621951219512,26.23687057774106,1,83.98862642169729,51.25769219231595
2620,15,14,121.57621951219512,26.23687057774106,2,88.15530303030303,53.226588252204316
2621,15,14,121.57621951219512,26.23687057774106,3,91.28030303030303,52.923794183793696
2622,15,14,121.57621951219512,26.23687057774106,4,96.09375,52.12624082574733
2623,15,14,121.57621951219512,26.23687057774106,5,91.85069444444444,56.702343818207666
2624,15,14,121.57621951219512,26.23687057774106,6,85.17708333333333,51.281034128983464
2625,15,15,130.6158536585366,28.307377798043195,0,78.65104166666667,46.64833890725647
2626,15,15,130.6158536585366,28.307377798043195,1,83.98862642169729,51.25769219231595
2627,15,15,130.6158536585366,28.307377798043195,2,88.15530303030303,53.226588252204316
2628,15,15,130.6158536585366,28.307377798043195,3,91.28030303030303,52.923794183793696
2629,15,15,130.6158536585366,28.307377798043195,4,96.09375,52.12624082574733
2630,15,15,130.6158536585366,28.307377798043195,5,91.85069444444444,56.702343818207666
2631,15,15,130.6158536585366,28.307377798043195,6,85.17708333333333,51.281034128983464
2632,15,16,115.84756097560975,21.04504983299718,0,78.65104166666667,46.64833890725647
2633,15,16,115.84756097560975,21.04504983299718,1,83.98862642169729,51.25769219231595
2634,15,16,115.84756097560975,21.04504983299718,2,88.15530303030303,53.226588252204316
2635,15,16,115.84756097560975,21.04504983299718,3,91.28030303030303,52.923794183793696
2636,15,16,115.84756097560975,21.04504983299718,4,96.09375,52.12624082574733
2637,15,16,115.84756097560975,21.04504983299718,5,91.85069444444444,56.702343818207666
2638,15,16,115.84756097560975,21.04504983299718,6,85.17708333333333,51.281034128983464
2639,15,17,130.9329268292683,26.705239174337017,0,78.65104166666667,46.64833890725647
2640,15,17,130.9329268292683,26.705239174337017,1,83.98862642169729,51.25769219231595
2641,15,17,130.9329268292683,26.705239174337017,2,88.15530303030303,53.226588252204316
2642,15,17,130.9329268292683,26.705239174337017,3,91.28030303030303,52.923794183793696
2643,15,17,130.9329268292683,26.705239174337017,4,96.09375,52.12624082574733
2644,15,17,130.9329268292683,26.705239174337017,5,91.85069444444444,56.702343818207666
2645,15,17,130.9329268292683,26.705239174337017,6,85.17708333333333,51.281034128983464
2646,15,18,143.7439024390244,29.89474337338395,0,78.65104166666667,46.64833890725647
2647,15,18,143.7439024390244,29.89474337338395,1,83.98862642169729,51.25769219231595
2648,15,18,143.7439024390244,29.89474337338395,2,88.15530303030303,53.226588252204316
2649,15,18,143.7439024390244,29.89474337338395,3,91.28030303030303,52.923794183793696
2650,15,18,143.7439024390244,29.89474337338395,4,96.09375,52.12624082574733
2651,15,18,143.7439024390244,29.89474337338395,5,91.85069444444444,56.702343818207666
2652,15,18,143.7439024390244,29.89474337338395,6,85.17708333333333,51.281034128983464
2653,15,19,123.23170731707317,30.59263719078765,0,78.65104166666667,46.64833890725647
2654,15,19,123.23170731707317,30.59263719078765,1,83.98862642169729,51.25769219231595
2655,15,19,123.23170731707317,30.59263719078765,2,88.15530303030303,53.226588252204316
2656,15,19,123.23170731707317,30.59263719078765,3,91.28030303030303,52.923794183793696
2657,15,19,123.23170731707317,30.59263719078765,4,96.09375,52.12624082574733
2658,15,19,123.23170731707317,30.59263719078765,5,91.85069444444444,56.702343818207666
2659,15,19,123.23170731707317,30.59263719078765,6,85.17708333333333,51.281034128983464
2660,15,20,93.98170731707317,23.105124088731156,0,78.65104166666667,46.64833890725647
2661,15,20,93.98170731707317,23.105124088731156,1,83.98862642169729,51.25769219231595
2662,15,20,93.98170731707317,23.105124088731156,2,88.15530303030303,53.226588252204316
2663,15,20,93.98170731707317,23.105124088731156,3,91.28030303030303,52.923794183793696
2664,15,20,93.98170731707317,23.105124088731156,4,96.09375,52.12624082574733
2665,15,20,93.98170731707317,23.105124088731156,5,91.85069444444444,56.702343818207666
2666,15,20,93.98170731707317,23.105124088731156,6,85.17708333333333,51.281034128983464
2667,15,21,79.6697247706422,22.07754947969341,0,78.65104166666667,46.64833890725647
2668,15,21,79.6697247706422,22.07754947969341,1,83.98862642169729,51.25769219231595
2669,15,21,79.6697247706422,22.07754947969341,2,88.15530303030303,53.226588252204316
2670,15,21,79.6697247706422,22.07754947969341,3,91.28030303030303,52.923794183793696
2671,15,21,79.6697247706422,22.07754947969341,4,96.09375,52.12624082574733
2672,15,21,79.6697247706422,22.07754947969341,5,91.85069444444444,56.702343818207666
2673,15,21,79.6697247706422,22.07754947969341,6,85.17708333333333,51.281034128983464
2674,15,22,69.84567901234568,24.66495514350296,0,78.65104166666667,46.64833890725647
2675,15,22,69.84567901234568,24.66495514350296,1,83.98862642169729,51.25769219231595
2676,15,22,69.84567901234568,24.66495514350296,2,88.15530303030303,53.226588252204316
2677,15,22,69.84567901234568,24.66495514350296,3,91.28030303030303,52.923794183793696
2678,15,22,69.84567901234568,24.66495514350296,4,96.09375,52.12624082574733
2679,15,22,69.84567901234568,24.66495514350296,5,91.85069444444444,56.702343818207666
2680,15,22,69.84567901234568,24.66495514350296,6,85.17708333333333,51.281034128983464
2681,15,23,52.35493827160494,24.326989566290486,0,78.65104166666667,46.64833890725647
2682,15,23,52.35493827160494,24.326989566290486,1,83.98862642169729,51.25769219231595
2683,15,23,52.35493827160494,24.326989566290486,2,88.15530303030303,53.226588252204316
2684,15,23,52.35493827160494,24.326989566290486,3,91.28030303030303,52.923794183793696
2685,15,23,52.35493827160494,24.326989566290486,4,96.09375,52.12624082574733
2686,15,23,52.35493827160494,24.326989566290486,5,91.85069444444444,56.702343818207666
2687,15,23,52.35493827160494,24.326989566290486,6,85.17708333333333,51.281034128983464
2688,16,0,187.15548780487805,93.04694599713815,0,184.43576388888889,85.63390267898907
2689,16,0,187.15548780487805,93.04694599713815,1,196.13298337707786,93.80157442566941
2690,16,0,187.15548780487805,93.04694599713815,2,194.8314393939394,90.7221579825801
2691,16,0,187.15548780487805,93.04694599713815,3,200.6410984848485,93.42848838558265
2692,16,0,187.15548780487805,93.04694599713815,4,212.3984375,86.16088298077823
2693,16,0,187.15548780487805,93.04694599713815,5,214.24739583333334,98.47811742177116
2694,16,0,187.15548780487805,93.04694599713815,6,208.15711805555554,87.83273615770311
2695,16,1,133.23170731707316,85.24116516846772,0,184.43576388888889,85.63390267898907
2696,16,1,133.23170731707316,85.24116516846772,1,196.13298337707786,93.80157442566941
2697,16,1,133.23170731707316,85.24116516846772,2,194.8314393939394,90.7221579825801
2698,16,1,133.23170731707316,85.24116516846772,3,200.6410984848485,93.42848838558265
2699,16,1,133.23170731707316,85.24116516846772,4,212.3984375,86.16088298077823
2700,16,1,133.23170731707316,85.24116516846772,5,214.24739583333334,98.47811742177116
2701,16,1,133.23170731707316,85.24116516846772,6,208.15711805555554,87.83273615770311
2702,16,2,98.90243902439025,78.63531896373523,0,184.43576388888889,85.63390267898907
2703,16,2,98.90243902439025,78.63531896373523,1,196.13298337707786,93.80157442566941
2704,16,2,98.90243902439025,78.63531896373523,2,194.8314393939394,90.7221579825801
2705,16,2,98.90243902439025,78.63531896373523,3,200.6410984848485,93.42848838558265
2706,16,2,98.90243902439025,78.63531896373523,4,212.3984375,86.16088298077823
2707,16,2,98.90243902439025,78.63531896373523,5,214.24739583333334,98.47811742177116
2708,16,2,98.90243902439025,78.63531896373523,6,208.15711805555554,87.83273615770311
2709,16,3,84.28658536585365,70.69218844802212,0,184.43576388888889,85.63390267898907
2710,16,3,84.28658536585365,70.69218844802212,1,196.13298337707786,93.80157442566941
2711,16,3,84.28658536585365,70.69218844802212,2,194.8314393939394,90.7221579825801
2712,16,3,84.28658536585365,70.69218844802212,3,200.6410984848485,93.42848838558265
2713,16,3,84.28658536585365,70.69218844802212,4,212.3984375,86.16088298077823
2714,16,3,84.28658536585365,70.69218844802212,5,214.24739583333334,98.47811742177116
2715,16,3,84.28658536585365,70.69218844802212,6,208.15711805555554,87.83273615770311
2716,16,4,74.10670731707317,57.281088810378364,0,184.43576388888889,85.63390267898907
2717,16,4,74.10670731707317,57.281088810378364,1,196.13298337707786,93.80157442566941
2718,16,4,74.10670731707317,57.281088810378364,2,194.8314393939394,90.7221579825801
2719,16,4,74.10670731707317,57.281088810378364,3,200.6410984848485,93.42848838558265
2720,16,4,74.10670731707317,57.281088810378364,4,212.3984375,86.16088298077823
2721,16,4,74.10670731707317,57.281088810378364,5,214.24739583333334,98.47811742177116
2722,16,4,74.10670731707317,57.281088810378364,6,208.15711805555554,87.83273615770311
2723,16,5,81.7439024390244,39.61197452030359,0,184.43576388888889,85.63390267898907
2724,16,5,81.7439024390244,39.61197452030359,1,196.13298337707786,93.80157442566941
2725,16,5,81.7439024390244,39.61197452030359,2,194.8314393939394,90.7221579825801
2726,16,5,81.7439024390244,39.61197452030359,3,200.6410984848485,93.42848838558265
2727,16,5,81.7439024390244,39.61197452030359,4,212.3984375,86.16088298077823
2728,16,5,81.7439024390244,39.61197452030359,5,214.24739583333334,98.47811742177116
2729,16,5,81.7439024390244,39.61197452030359,6,208.15711805555554,87.83273615770311
2730,16,6,184.8689024390244,90.46835935991575,0,184.43576388888889,85.63390267898907
2731,16,6,184.8689024390244,90.46835935991575,1,196.13298337707786,93.80157442566941
2732,16,6,184.8689024390244,90.46835935991575,2,194.8314393939394,90.7221579825801
2733,16,6,184.8689024390244,90.46835935991575,3,200.6410984848485,93.42848838558265
2734,16,6,184.8689024390244,90.46835935991575,4,212.3984375,86.16088298077823
2735,16,6,184.8689024390244,90.46835935991575,5,214.24739583333334,98.47811742177116
2736,16,6,184.8689024390244,90.46835935991575,6,208.15711805555554,87.83273615770311
2737,16,7,228.70731707317074,99.81174791951752,0,184.43576388888889,85.63390267898907
2738,16,7,228.70731707317074,99.81174791951752,1,196.13298337707786,93.80157442566941
2739,16,7,228.70731707317074,99.81174791951752,2,194.8314393939394,90.7221579825801
2740,16,7,228.70731707317074,99.81174791951752,3,200.6410984848485,93.42848838558265
2741,16,7,228.70731707317074,99.81174791951752,4,212.3984375,86.16088298077823
2742,16,7,228.70731707317074,99.81174791951752,5,214.24739583333334,98.47811742177116
2743,16,7,228.70731707317074,99.81174791951752,6,208.15711805555554,87.83273615770311
2744,16,8,238.97256097560975,78.13214621601297,0,184.43576388888889,85.63390267898907
2745,16,8,238.97256097560975,78.13214621601297,1,196.13298337707786,93.80157442566941
2746,16,8,238.97256097560975,78.13214621601297,2,194.8314393939394,90.7221579825801
2747,16,8,238.97256097560975,78.13214621601297,3,200.6410984848485,93.42848838558265
2748,16,8,238.97256097560975,78.13214621601297,4,212.3984375,86.16088298077823
2749,16,8,238.97256097560975,78.13214621601297,5,214.24739583333334,98.47811742177116
2750,16,8,238.97256097560975,78.13214621601297,6,208.15711805555554,87.83273615770311
2751,16,9,244.20426829268294,62.298318364323436,0,184.43576388888889,85.63390267898907
2752,16,9,244.20426829268294,62.298318364323436,1,196.13298337707786,93.80157442566941
2753,16,9,244.20426829268294,62.298318364323436,2,194.8314393939394,90.7221579825801
2754,16,9,244.20426829268294,62.298318364323436,3,200.6410984848485,93.42848838558265
2755,16,9,244.20426829268294,62.298318364323436,4,212.3984375,86.16088298077823
2756,16,9,244.20426829268294,62.298318364323436,5,214.24739583333334,98.47811742177116
2757,16,9,244.20426829268294,62.298318364323436,6,208.15711805555554,87.83273615770311
2758,16,10,220.8841463414634,45.42021258421898,0,184.43576388888889,85.63390267898907
2759,16,10,220.8841463414634,45.42021258421898,1,196.13298337707786,93.80157442566941
2760,16,10,220.8841463414634,45.42021258421898,2,194.8314393939394,90.7221579825801
2761,16,10,220.8841463414634,45.42021258421898,3,200.6410984848485,93.42848838558265
2762,16,10,220.8841463414634,45.42021258421898,4,212.3984375,86.16088298077823
2763,16,10,220.8841463414634,45.42021258421898,5,214.24739583333334,98.47811742177116
2764,16,10,220.8841463414634,45.42021258421898,6,208.15711805555554,87.83273615770311
2765,16,11,217.5518292682927,51.36959437255996,0,184.43576388888889,85.63390267898907
2766,16,11,217.5518292682927,51.36959437255996,1,196.13298337707786,93.80157442566941
2767,16,11,217.5518292682927,51.36959437255996,2,194.8314393939394,90.7221579825801
2768,16,11,217.5518292682927,51.36959437255996,3,200.6410984848485,93.42848838558265
2769,16,11,217.5518292682927,51.36959437255996,4,212.3984375,86.16088298077823
2770,16,11,217.5518292682927,51.36959437255996,5,214.24739583333334,98.47811742177116
2771,16,11,217.5518292682927,51.36959437255996,6,208.15711805555554,87.83273615770311
2772,16,12,217.9390243902439,57.3688313890689,0,184.43576388888889,85.63390267898907
2773,16,12,217.9390243902439,57.3688313890689,1,196.13298337707786,93.80157442566941
2774,16,12,217.9390243902439,57.3688313890689,2,194.8314393939394,90.7221579825801
2775,16,12,217.9390243902439,57.3688313890689,3,200.6410984848485,93.42848838558265
2776,16,12,217.9390243902439,57.3688313890689,4,212.3984375,86.16088298077823
2777,16,12,217.9390243902439,57.3688313890689,5,214.24739583333334,98.47811742177116
2778,16,12,217.9390243902439,57.3688313890689,6,208.15711805555554,87.83273615770311
2779,16,13,209.0670731707317,55.36496989163511,0,184.43576388888889,85.63390267898907
2780,16,13,209.0670731707317,55.36496989163511,1,196.13298337707786,93.80157442566941
2781,16,13,209.0670731707317,55.36496989163511,2,194.8314393939394,90.7221579825801
2782,16,13,209.0670731707317,55.36496989163511,3,200.6410984848485,93.42848838558265
2783,16,13,209.0670731707317,55.36496989163511,4,212.3984375,86.16088298077823
2784,16,13,209.0670731707317,55.36496989163511,5,214.24739583333334,98.47811742177116
2785,16,13,209.0670731707317,55.36496989163511,6,208.15711805555554,87.83273615770311
2786,16,14,209.71036585365854,52.30174404784969,0,184.43576388888889,85.63390267898907
2787,16,14,209.71036585365854,52.30174404784969,1,196.13298337707786,93.80157442566941
2788,16,14,209.71036585365854,52.30174404784969,2,194.8314393939394,90.7221579825801
2789,16,14,209.71036585365854,52.30174404784969,3,200.6410984848485,93.42848838558265
2790,16,14,209.71036585365854,52.30174404784969,4,212.3984375,86.16088298077823
2791,16,14,209.71036585365854,52.30174404784969,5,214.24739583333334,98.47811742177116
2792,16,14,209.71036585365854,52.30174404784969,6,208.15711805555554,87.83273615770311
2793,16,15,198.04573170731706,55.43937135375054,0,184.43576388888889,85.63390267898907
2794,16,15,198.04573170731706,55.43937135375054,1,196.13298337707786,93.80157442566941
2795,16,15,198.04573170731706,55.43937135375054,2,194.8314393939394,90.7221579825801
2796,16,15,198.04573170731706,55.43937135375054,3,200.6410984848485,93.42848838558265
2797,16,15,198.04573170731706,55.43937135375054,4,212.3984375,86.16088298077823
2798,16,15,198.04573170731706,55.43937135375054,5,214.24739583333334,98.47811742177116
2799,16,15,198.04573170731706,55.43937135375054,6,208.15711805555554,87.83273615770311
2800,16,16,187.3658536585366,56.16086815396703,0,184.43576388888889,85.63390267898907
2801,16,16,187.3658536585366,56.16086815396703,1,196.13298337707786,93.80157442566941
2802,16,16,187.3658536585366,56.16086815396703,2,194.8314393939394,90.7221579825801
2803,16,16,187.3658536585366,56.16086815396703,3,200.6410984848485,93.42848838558265
2804,16,16,187.3658536585366,56.16086815396703,4,212.3984375,86.16088298077823
2805,16,16,187.3658536585366,56.16086815396703,5,214.24739583333334,98.47811742177116
2806,16,16,187.3658536585366,56.16086815396703,6,208.15711805555554,87.83273615770311
2807,16,17,212.34146341463415,53.09554471704646,0,184.43576388888889,85.63390267898907
2808,16,17,212.34146341463415,53.09554471704646,1,196.13298337707786,93.80157442566941
2809,16,17,212.34146341463415,53.09554471704646,2,194.8314393939394,90.7221579825801
2810,16,17,212.34146341463415,53.09554471704646,3,200.6410984848485,93.42848838558265
2811,16,17,212.34146341463415,53.09554471704646,4,212.3984375,86.16088298077823
2812,16,17,212.34146341463415,53.09554471704646,5,214.24739583333334,98.47811742177116
2813,16,17,212.34146341463415,53.09554471704646,6,208.15711805555554,87.83273615770311
2814,16,18,271.3292682926829,49.9639147774782,0,184.43576388888889,85.63390267898907
2815,16,18,271.3292682926829,49.9639147774782,1,196.13298337707786,93.80157442566941
2816,16,18,271.3292682926829,49.9639147774782,2,194.8314393939394,90.7221579825801
2817,16,18,271.3292682926829,49.9639147774782,3,200.6410984848485,93.42848838558265
2818,16,18,271.3292682926829,49.9639147774782,4,212.3984375,86.16088298077823
2819,16,18,271.3292682926829,49.9639147774782,5,214.24739583333334,98.47811742177116
2820,16,18,271.3292682926829,49.9639147774782,6,208.15711805555554,87.83273615770311
2821,16,19,275.5,54.25305977926823,0,184.43576388888889,85.63390267898907
2822,16,19,275.5,54.25305977926823,1,196.13298337707786,93.80157442566941
2823,16,19,275.5,54.25305977926823,2,194.8314393939394,90.7221579825801
2824,16,19,275.5,54.25305977926823,3,200.6410984848485,93.42848838558265
2825,16,19,275.5,54.25305977926823,4,212.3984375,86.16088298077823
2826,16,19,275.5,54.25305977926823,5,214.24739583333334,98.47811742177116
2827,16,19,275.5,54.25305977926823,6,208.15711805555554,87.83273615770311
2828,16,20,253.29573170731706,51.10067756675062,0,184.43576388888889,85.63390267898907
2829,16,20,253.29573170731706,51.10067756675062,1,196.13298337707786,93.80157442566941
2830,16,20,253.29573170731706,51.10067756675062,2,194.8314393939394,90.7221579825801
2831,16,20,253.29573170731706,51.10067756675062,3,200.6410984848485,93.42848838558265
2832,16,20,253.29573170731706,51.10067756675062,4,212.3984375,86.16088298077823
2833,16,20,253.29573170731706,51.10067756675062,5,214.24739583333334,98.47811742177116
2834,16,20,253.29573170731706,51.10067756675062,6,208.15711805555554,87.83273615770311
2835,16,21,282.61162079510706,60.95602548113675,0,184.43576388888889,85.63390267898907
2836,16,21,282.61162079510706,60.95602548113675,1,196.13298337707786,93.80157442566941
2837,16,21,282.61162079510706,60.95602548113675,2,194.8314393939394,90.7221579825801
2838,16,21,282.61162079510706,60.95602548113675,3,200.6410984848485,93.42848838558265
2839,16,21,282.61162079510706,60.95602548113675,4,212.3984375,86.16088298077823
2840,16,21,282.61162079510706,60.95602548113675,5,214.24739583333334,98.47811742177116
2841,16,21,282.61162079510706,60.95602548113675,6,208.15711805555554,87.83273615770311
2842,16,22,289.8333333333333,70.39752229667484,0,184.43576388888889,85.63390267898907
2843,16,22,289.8333333333333,70.39752229667484,1,196.13298337707786,93.80157442566941
2844,16,22,289.8333333333333,70.39752229667484,2,194.8314393939394,90.7221579825801
2845,16,22,289.8333333333333,70.39752229667484,3,200.6410984848485,93.42848838558265
2846,16,22,289.8333333333333,70.39752229667484,4,212.3984375,86.16088298077823
2847,16,22,289.8333333333333,70.39752229667484,5,214.24739583333334,98.47811742177116
2848,16,22,289.8333333333333,70.39752229667484,6,208.15711805555554,87.83273615770311
2849,16,23,239.69444444444446,85.2764353935865,0,184.43576388888889,85.63390267898907
2850,16,23,239.69444444444446,85.2764353935865,1,196.13298337707786,93.80157442566941
2851,16,23,239.69444444444446,85.2764353935865,2,194.8314393939394,90.7221579825801
2852,16,23,239.69444444444446,85.2764353935865,3,200.6410984848485,93.42848838558265
2853,16,23,239.69444444444446,85.2764353935865,4,212.3984375,86.16088298077823
2854,16,23,239.69444444444446,85.2764353935865,5,214.24739583333334,98.47811742177116
2855,16,23,239.69444444444446,85.2764353935865,6,208.15711805555554,87.83273615770311
2856,17,0,203.125,129.70307038728845,0,179.18315972222223,95.65648772131786
2857,17,0,203.125,129.70307038728845,1,200.25896762904637,106.3679934938795
2858,17,0,203.125,129.70307038728845,2,216.42708333333334,114.57556700665859
2859,17,0,203.125,129.70307038728845,3,226.37026515151516,116.99879784826463
2860,17,0,203.125,129.70307038728845,4,237.26128472222223,114.78847071438632
2861,17,0,203.125,129.70307038728845,5,240.51302083333334,129.31380686914957
2862,17,0,203.125,129.70307038728845,6,200.3125,105.39312653472497
2863,17,1,150.0,122.23559745182116,0,179.18315972222223,95.65648772131786
2864,17,1,150.0,122.23559745182116,1,200.25896762904637,106.3679934938795
2865,17,1,150.0,122.23559745182116,2,216.42708333333334,114.57556700665859
2866,17,1,150.0,122.23559745182116,3,226.37026515151516,116.99879784826463
2867,17,1,150.0,122.23559745182116,4,237.26128472222223,114.78847071438632
2868,17,1,150.0,122.23559745182116,5,240.51302083333334,129.31380686914957
2869,17,1,150.0,122.23559745182116,6,200.3125,105.39312653472497
2870,17,2,104.6920731707317,104.14530397786999,0,179.18315972222223,95.65648772131786
2871,17,2,104.6920731707317,104.14530397786999,1,200.25896762904637,106.3679934938795
2872,17,2,104.6920731707317,104.14530397786999,2,216.42708333333334,114.57556700665859
2873,17,2,104.6920731707317,104.14530397786999,3,226.37026515151516,116.99879784826463
2874,17,2,104.6920731707317,104.14530397786999,4,237.26128472222223,114.78847071438632
2875,17,2,104.6920731707317,104.14530397786999,5,240.51302083333334,129.31380686914957
2876,17,2,104.6920731707317,104.14530397786999,6,200.3125,105.39312653472497
2877,17,3,74.5670731707317,79.72998247315084,0,179.18315972222223,95.65648772131786
2878,17,3,74.5670731707317,79.72998247315084,1,200.25896762904637,106.3679934938795
2879,17,3,74.5670731707317,79.72998247315084,2,216.42708333333334,114.57556700665859
2880,17,3,74.5670731707317,79.72998247315084,3,226.37026515151516,116.99879784826463
2881,17,3,74.5670731707317,79.72998247315084,4,237.26128472222223,114.78847071438632
2882,17,3,74.5670731707317,79.72998247315084,5,240.51302083333334,129.31380686914957
2883,17,3,74.5670731707317,79.72998247315084,6,200.3125,105.39312653472497
2884,17,4,50.23780487804878,46.72953774561652,0,179.18315972222223,95.65648772131786
2885,17,4,50.23780487804878,46.72953774561652,1,200.25896762904637,106.3679934938795
2886,17,4,50.23780487804878,46.72953774561652,2,216.42708333333334,114.57556700665859
2887,17,4,50.23780487804878,46.72953774561652,3,226.37026515151516,116.99879784826463
2888,17,4,50.23780487804878,46.72953774561652,4,237.26128472222223,114.78847071438632
2889,17,4,50.23780487804878,46.72953774561652,5,240.51302083333334,129.31380686914957
2890,17,4,50.23780487804878,46.72953774561652,6,200.3125,105.39312653472497
2891,17,5,45.920731707317074,18.2091097798237,0,179.18315972222223,95.65648772131786
2892,17,5,45.920731707317074,18.2091097798237,1,200.25896762904637,106.3679934938795
2893,17,5,45.920731707317074,18.2091097798237,2,216.42708333333334,114.57556700665859
2894,17,5,45.920731707317074,18.2091097798237,3,226.37026515151516,116.99879784826463
2895,17,5,45.920731707317074,18.2091097798237,4,237.26128472222223,114.78847071438632
2896,17,5,45.920731707317074,18.2091097798237,5,240.51302083333334,129.31380686914957
2897,17,5,45.920731707317074,18.2091097798237,6,200.3125,105.39312653472497
2898,17,6,103.3689024390244,55.792877199444426,0,179.18315972222223,95.65648772131786
2899,17,6,103.3689024390244,55.792877199444426,1,200.25896762904637,106.3679934938795
2900,17,6,103.3689024390244,55.792877199444426,2,216.42708333333334,114.57556700665859
2901,17,6,103.3689024390244,55.792877199444426,3,226.37026515151516,116.99879784826463
2902,17,6,103.3689024390244,55.792877199444426,4,237.26128472222223,114.78847071438632
2903,17,6,103.3689024390244,55.792877199444426,5,240.51302083333334,129.31380686914957
2904,17,6,103.3689024390244,55.792877199444426,6,200.3125,105.39312653472497
2905,17,7,175.92073170731706,85.1334972367314,0,179.18315972222223,95.65648772131786
2906,17,7,175.92073170731706,85.1334972367314,1,200.25896762904637,106.3679934938795
2907,17,7,175.92073170731706,85.1334972367314,2,216.42708333333334,114.57556700665859
2908,17,7,175.92073170731706,85.1334972367314,3,226.37026515151516,116.99879784826463
2909,17,7,175.92073170731706,85.1334972367314,4,237.26128472222223,114.78847071438632
2910,17,7,175.92073170731706,85.1334972367314,5,240.51302083333334,129.31380686914957
2911,17,7,175.92073170731706,85.1334972367314,6,200.3125,105.39312653472497
2912,17,8,215.6920731707317,88.80807570295572,0,179.18315972222223,95.65648772131786
2913,17,8,215.6920731707317,88.80807570295572,1,200.25896762904637,106.3679934938795
2914,17,8,215.6920731707317,88.80807570295572,2,216.42708333333334,114.57556700665859
2915,17,8,215.6920731707317,88.80807570295572,3,226.37026515151516,116.99879784826463
2916,17,8,215.6920731707317,88.80807570295572,4,237.26128472222223,114.78847071438632
2917,17,8,215.6920731707317,88.80807570295572,5,240.51302083333334,129.31380686914957
2918,17,8,215.6920731707317,88.80807570295572,6,200.3125,105.39312653472497
2919,17,9,222.4390243902439,66.60681060234863,0,179.18315972222223,95.65648772131786
2920,17,9,222.4390243902439,66.60681060234863,1,200.25896762904637,106.3679934938795
2921,17,9,222.4390243902439,66.60681060234863,2,216.42708333333334,114.57556700665859
2922,17,9,222.4390243902439,66.60681060234863,3,226.37026515151516,116.99879784826463
2923,17,9,222.4390243902439,66.60681060234863,4,237.26128472222223,114.78847071438632
2924,17,9,222.4390243902439,66.60681060234863,5,240.51302083333334,129.31380686914957
2925,17,9,222.4390243902439,66.60681060234863,6,200.3125,105.39312653472497
2926,17,10,214.8810975609756,45.579126439494146,0,179.18315972222223,95.65648772131786
2927,17,10,214.8810975609756,45.579126439494146,1,200.25896762904637,106.3679934938795
2928,17,10,214.8810975609756,45.579126439494146,2,216.42708333333334,114.57556700665859
2929,17,10,214.8810975609756,45.579126439494146,3,226.37026515151516,116.99879784826463
2930,17,10,214.8810975609756,45.579126439494146,4,237.26128472222223,114.78847071438632
2931,17,10,214.8810975609756,45.579126439494146,5,240.51302083333334,129.31380686914957
2932,17,10,214.8810975609756,45.579126439494146,6,200.3125,105.39312653472497
2933,17,11,220.90853658536585,47.002480775753874,0,179.18315972222223,95.65648772131786
2934,17,11,220.90853658536585,47.002480775753874,1,200.25896762904637,106.3679934938795
2935,17,11,220.90853658536585,47.002480775753874,2,216.42708333333334,114.57556700665859
2936,17,11,220.90853658536585,47.002480775753874,3,226.37026515151516,116.99879784826463
2937,17,11,220.90853658536585,47.002480775753874,4,237.26128472222223,114.78847071438632
2938,17,11,220.90853658536585,47.002480775753874,5,240.51302083333334,129.31380686914957
2939,17,11,220.90853658536585,47.002480775753874,6,200.3125,105.39312653472497
2940,17,12,235.57926829268294,50.91054513142809,0,179.18315972222223,95.65648772131786
2941,17,12,235.57926829268294,50.91054513142809,1,200.25896762904637,106.3679934938795
2942,17,12,235.57926829268294,50.91054513142809,2,216.42708333333334,114.57556700665859
2943,17,12,235.57926829268294,50.91054513142809,3,226.37026515151516,116.99879784826463
2944,17,12,235.57926829268294,50.91054513142809,4,237.26128472222223,114.78847071438632
2945,17,12,235.57926829268294,50.91054513142809,5,240.51302083333334,129.31380686914957
2946,17,12,235.57926829268294,50.91054513142809,6,200.3125,105.39312653472497
2947,17,13,240.640243902439,51.41845920815734,0,179.18315972222223,95.65648772131786
2948,17,13,240.640243902439,51.41845920815734,1,200.25896762904637,106.3679934938795
2949,17,13,240.640243902439,51.41845920815734,2,216.42708333333334,114.57556700665859
2950,17,13,240.640243902439,51.41845920815734,3,226.37026515151516,116.99879784826463
2951,17,13,240.640243902439,51.41845920815734,4,237.26128472222223,114.78847071438632
2952,17,13,240.640243902439,51.41845920815734,5,240.51302083333334,129.31380686914957
2953,17,13,240.640243902439,51.41845920815734,6,200.3125,105.39312653472497
2954,17,14,250.9420731707317,44.71280763194169,0,179.18315972222223,95.65648772131786
2955,17,14,250.9420731707317,44.71280763194169,1,200.25896762904637,106.3679934938795
2956,17,14,250.9420731707317,44.71280763194169,2,216.42708333333334,114.57556700665859
2957,17,14,250.9420731707317,44.71280763194169,3,226.37026515151516,116.99879784826463
2958,17,14,250.9420731707317,44.71280763194169,4,237.26128472222223,114.78847071438632
2959,17,14,250.9420731707317,44.71280763194169,5,240.51302083333334,129.31380686914957
2960,17,14,250.9420731707317,44.71280763194169,6,200.3125,105.39312653472497
2961,17,15,247.26829268292684,44.72390292785973,0,179.18315972222223,95.65648772131786
2962,17,15,247.26829268292684,44.72390292785973,1,200.25896762904637,106.3679934938795
2963,17,15,247.26829268292684,44.72390292785973,2,216.42708333333334,114.57556700665859
2964,17,15,247.26829268292684,44.72390292785973,3,226.37026515151516,116.99879784826463
2965,17,15,247.26829268292684,44.72390292785973,4,237.26128472222223,114.78847071438632
2966,17,15,247.26829268292684,44.72390292785973,5,240.51302083333334,129.31380686914957
2967,17,15,247.26829268292684,44.72390292785973,6,200.3125,105.39312653472497
2968,17,16,224.66158536585365,44.78127052159036,0,179.18315972222223,95.65648772131786
2969,17,16,224.66158536585365,44.78127052159036,1,200.25896762904637,106.3679934938795
2970,17,16,224.66158536585365,44.78127052159036,2,216.42708333333334,114.57556700665859
2971,17,16,224.66158536585365,44.78127052159036,3,226.37026515151516,116.99879784826463
2972,17,16,224.66158536585365,44.78127052159036,4,237.26128472222223,114.78847071438632
2973,17,16,224.66158536585365,44.78127052159036,5,240.51302083333334,129.31380686914957
2974,17,16,224.66158536585365,44.78127052159036,6,200.3125,105.39312653472497
2975,17,17,270.9268292682927,50.434328993117866,0,179.18315972222223,95.65648772131786
2976,17,17,270.9268292682927,50.434328993117866,1,200.25896762904637,106.3679934938795
2977,17,17,270.9268292682927,50.434328993117866,2,216.42708333333334,114.57556700665859
2978,17,17,270.9268292682927,50.434328993117866,3,226.37026515151516,116.99879784826463
2979,17,17,270.9268292682927,50.434328993117866,4,237.26128472222223,114.78847071438632
2980,17,17,270.9268292682927,50.434328993117866,5,240.51302083333334,129.31380686914957
2981,17,17,270.9268292682927,50.434328993117866,6,200.3125,105.39312653472497
2982,17,18,338.7560975609756,62.82971715041747,0,179.18315972222223,95.65648772131786
2983,17,18,338.7560975609756,62.82971715041747,1,200.25896762904637,106.3679934938795
2984,17,18,338.7560975609756,62.82971715041747,2,216.42708333333334,114.57556700665859
2985,17,18,338.7560975609756,62.82971715041747,3,226.37026515151516,116.99879784826463
2986,17,18,338.7560975609756,62.82971715041747,4,237.26128472222223,114.78847071438632
2987,17,18,338.7560975609756,62.82971715041747,5,240.51302083333334,129.31380686914957
2988,17,18,338.7560975609756,62.82971715041747,6,200.3125,105.39312653472497
2989,17,19,345.9908536585366,76.74396394320219,0,179.18315972222223,95.65648772131786
2990,17,19,345.9908536585366,76.74396394320219,1,200.25896762904637,106.3679934938795
2991,17,19,345.9908536585366,76.74396394320219,2,216.42708333333334,114.57556700665859
2992,17,19,345.9908536585366,76.74396394320219,3,226.37026515151516,116.99879784826463
2993,17,19,345.9908536585366,76.74396394320219,4,237.26128472222223,114.78847071438632
2994,17,19,345.9908536585366,76.74396394320219,5,240.51302083333334,129.31380686914957
2995,17,19,345.9908536585366,76.74396394320219,6,200.3125,105.39312653472497
2996,17,20,331.4176829268293,78.94173474482946,0,179.18315972222223,95.65648772131786
2997,17,20,331.4176829268293,78.94173474482946,1,200.25896762904637,106.3679934938795
2998,17,20,331.4176829268293,78.94173474482946,2,216.42708333333334,114.57556700665859
2999,17,20,331.4176829268293,78.94173474482946,3,226.37026515151516,116.99879784826463
3000,17,20,331.4176829268293,78.94173474482946,4,237.26128472222223,114.78847071438632
3001,17,20,331.4176829268293,78.94173474482946,5,240.51302083333334,129.31380686914957
3002,17,20,331.4176829268293,78.94173474482946,6,200.3125,105.39312653472497
3003,17,21,313.4831804281346,78.37619007212551,0,179.18315972222223,95.65648772131786
3004,17,21,313.4831804281346,78.37619007212551,1,200.25896762904637,106.3679934938795
3005,17,21,313.4831804281346,78.37619007212551,2,216.42708333333334,114.57556700665859
3006,17,21,313.4831804281346,78.37619007212551,3,226.37026515151516,116.99879784826463
3007,17,21,313.4831804281346,78.37619007212551,4,237.26128472222223,114.78847071438632
3008,17,21,313.4831804281346,78.37619007212551,5,240.51302083333334,129.31380686914957
3009,17,21,313.4831804281346,78.37619007212551,6,200.3125,105.39312653472497
3010,17,22,300.85493827160496,87.90186235728184,0,179.18315972222223,95.65648772131786
3011,17,22,300.85493827160496,87.90186235728184,1,200.25896762904637,106.3679934938795
3012,17,22,300.85493827160496,87.90186235728184,2,216.42708333333334,114.57556700665859
3013,17,22,300.85493827160496,87.90186235728184,3,226.37026515151516,116.99879784826463
3014,17,22,300.85493827160496,87.90186235728184,4,237.26128472222223,114.78847071438632
3015,17,22,300.85493827160496,87.90186235728184,5,240.51302083333334,129.31380686914957
3016,17,22,300.85493827160496,87.90186235728184,6,200.3125,105.39312653472497
3017,17,23,259.8641975308642,113.8356866010659,0,179.18315972222223,95.65648772131786
3018,17,23,259.8641975308642,113.8356866010659,1,200.25896762904637,106.3679934938795
3019,17,23,259.8641975308642,113.8356866010659,2,216.42708333333334,114.57556700665859
3020,17,23,259.8641975308642,113.8356866010659,3,226.37026515151516,116.99879784826463
3021,17,23,259.8641975308642,113.8356866010659,4,237.26128472222223,114.78847071438632
3022,17,23,259.8641975308642,113.8356866010659,5,240.51302083333334,129.31380686914957
3023,17,23,259.8641975308642,113.8356866010659,6,200.3125,105.39312653472497
3024,18,0,59.77743902439025,44.0354580872791,0,120.24652777777777,74.48366129743017
3025,18,0,59.77743902439025,44.0354580872791,1,126.16185476815399,76.2179280364865
3026,18,0,59.77743902439025,44.0354580872791,2,131.28882575757575,77.18428067343002
3027,18,0,59.77743902439025,44.0354580872791,3,136.94412878787878,78.2183218957562
3028,18,0,59.77743902439025,44.0354580872791,4,144.14322916666666,77.36663571909611
3029,18,0,59.77743902439025,44.0354580872791,5,142.87586805555554,93.39349620777311
3030,18,0,59.77743902439025,44.0354580872791,6,129.89496527777777,85.57204803374971
3031,18,1,38.57012195121951,37.3350966379314,0,120.24652777777777,74.48366129743017
3032,18,1,38.57012195121951,37.3350966379314,1,126.16185476815399,76.2179280364865
3033,18,1,38.57012195121951,37.3350966379314,2,131.28882575757575,77.18428067343002
3034,18,1,38.57012195121951,37.3350966379314,3,136.94412878787878,78.2183218957562
3035,18,1,38.57012195121951,37.3350966379314,4,144.14322916666666,77.36663571909611
3036,18,1,38.57012195121951,37.3350966379314,5,142.87586805555554,93.39349620777311
3037,18,1,38.57012195121951,37.3350966379314,6,129.89496527777777,85.57204803374971
3038,18,2,23.649390243902438,27.683150456530882,0,120.24652777777777,74.48366129743017
3039,18,2,23.649390243902438,27.683150456530882,1,126.16185476815399,76.2179280364865
3040,18,2,23.649390243902438,27.683150456530882,2,131.28882575757575,77.18428067343002
3041,18,2,23.649390243902438,27.683150456530882,3,136.94412878787878,78.2183218957562
3042,18,2,23.649390243902438,27.683150456530882,4,144.14322916666666,77.36663571909611
3043,18,2,23.649390243902438,27.683150456530882,5,142.87586805555554,93.39349620777311
3044,18,2,23.649390243902438,27.683150456530882,6,129.89496527777777,85.57204803374971
3045,18,3,14.246951219512194,15.931523666429547,0,120.24652777777777,74.48366129743017
3046,18,3,14.246951219512194,15.931523666429547,1,126.16185476815399,76.2179280364865
3047,18,3,14.246951219512194,15.931523666429547,2,131.28882575757575,77.18428067343002
3048,18,3,14.246951219512194,15.931523666429547,3,136.94412878787878,78.2183218957562
3049,18,3,14.246951219512194,15.931523666429547,4,144.14322916666666,77.36663571909611
3050,18,3,14.246951219512194,15.931523666429547,5,142.87586805555554,93.39349620777311
3051,18,3,14.246951219512194,15.931523666429547,6,129.89496527777777,85.57204803374971
3052,18,4,13.862804878048781,8.454741213622917,0,120.24652777777777,74.48366129743017
3053,18,4,13.862804878048781,8.454741213622917,1,126.16185476815399,76.2179280364865
3054,18,4,13.862804878048781,8.454741213622917,2,131.28882575757575,77.18428067343002
3055,18,4,13.862804878048781,8.454741213622917,3,136.94412878787878,78.2183218957562
3056,18,4,13.862804878048781,8.454741213622917,4,144.14322916666666,77.36663571909611
3057,18,4,13.862804878048781,8.454741213622917,5,142.87586805555554,93.39349620777311
3058,18,4,13.862804878048781,8.454741213622917,6,129.89496527777777,85.57204803374971
3059,18,5,26.192073170731707,12.883730749009713,0,120.24652777777777,74.48366129743017
3060,18,5,26.192073170731707,12.883730749009713,1,126.16185476815399,76.2179280364865
3061,18,5,26.192073170731707,12.883730749009713,2,131.28882575757575,77.18428067343002
3062,18,5,26.192073170731707,12.883730749009713,3,136.94412878787878,78.2183218957562
3063,18,5,26.192073170731707,12.883730749009713,4,144.14322916666666,77.36663571909611
3064,18,5,26.192073170731707,12.883730749009713,5,142.87586805555554,93.39349620777311
3065,18,5,26.192073170731707,12.883730749009713,6,129.89496527777777,85.57204803374971
3066,18,6,65.90853658536585,36.20934949876951,0,120.24652777777777,74.48366129743017
3067,18,6,65.90853658536585,36.20934949876951,1,126.16185476815399,76.2179280364865
3068,18,6,65.90853658536585,36.20934949876951,2,131.28882575757575,77.18428067343002
3069,18,6,65.90853658536585,36.20934949876951,3,136.94412878787878,78.2183218957562
3070,18,6,65.90853658536585,36.20934949876951,4,144.14322916666666,77.36663571909611
3071,18,6,65.90853658536585,36.20934949876951,5,142.87586805555554,93.39349620777311
3072,18,6,65.90853658536585,36.20934949876951,6,129.89496527777777,85.57204803374971
3073,18,7,129.1859756097561,62.530180003560616,0,120.24652777777777,74.48366129743017
3074,18,7,129.1859756097561,62.530180003560616,1,126.16185476815399,76.2179280364865
3075,18,7,129.1859756097561,62.530180003560616,2,131.28882575757575,77.18428067343002
3076,18,7,129.1859756097561,62.530180003560616,3,136.94412878787878,78.2183218957562
3077,18,7,129.1859756097561,62.530180003560616,4,144.14322916666666,77.36663571909611
3078,18,7,129.1859756097561,62.530180003560616,5,142.87586805555554,93.39349620777311
3079,18,7,129.1859756097561,62.530180003560616,6,129.89496527777777,85.57204803374971
3080,18,8,162.03963414634146,56.910640958435835,0,120.24652777777777,74.48366129743017
3081,18,8,162.03963414634146,56.910640958435835,1,126.16185476815399,76.2179280364865
3082,18,8,162.03963414634146,56.910640958435835,2,131.28882575757575,77.18428067343002
3083,18,8,162.03963414634146,56.910640958435835,3,136.94412878787878,78.2183218957562
3084,18,8,162.03963414634146,56.910640958435835,4,144.14322916666666,77.36663571909611
3085,18,8,162.03963414634146,56.910640958435835,5,142.87586805555554,93.39349620777311
3086,18,8,162.03963414634146,56.910640958435835,6,129.89496527777777,85.57204803374971
3087,18,9,166.08841463414635,39.14047608840424,0,120.24652777777777,74.48366129743017
3088,18,9,166.08841463414635,39.14047608840424,1,126.16185476815399,76.2179280364865
3089,18,9,166.08841463414635,39.14047608840424,2,131.28882575757575,77.18428067343002
3090,18,9,166.08841463414635,39.14047608840424,3,136.94412878787878,78.2183218957562
3091,18,9,166.08841463414635,39.14047608840424,4,144.14322916666666,77.36663571909611
3092,18,9,166.08841463414635,39.14047608840424,5,142.87586805555554,93.39349620777311
3093,18,9,166.08841463414635,39.14047608840424,6,129.89496527777777,85.57204803374971
3094,18,10,172.72256097560975,36.480137993695756,0,120.24652777777777,74.48366129743017
3095,18,10,172.72256097560975,36.480137993695756,1,126.16185476815399,76.2179280364865
3096,18,10,172.72256097560975,36.480137993695756,2,131.28882575757575,77.18428067343002
3097,18,10,172.72256097560975,36.480137993695756,3,136.94412878787878,78.2183218957562
3098,18,10,172.72256097560975,36.480137993695756,4,144.14322916666666,77.36663571909611
3099,18,10,172.72256097560975,36.480137993695756,5,142.87586805555554,93.39349620777311
3100,18,10,172.72256097560975,36.480137993695756,6,129.89496527777777,85.57204803374971
3101,18,11,177.90853658536585,39.16269116778421,0,120.24652777777777,74.48366129743017
3102,18,11,177.90853658536585,39.16269116778421,1,126.16185476815399,76.2179280364865
3103,18,11,177.90853658536585,39.16269116778421,2,131.28882575757575,77.18428067343002
3104,18,11,177.90853658536585,39.16269116778421,3,136.94412878787878,78.2183218957562
3105,18,11,177.90853658536585,39.16269116778421,4,144.14322916666666,77.36663571909611
3106,18,11,177.90853658536585,39.16269116778421,5,142.87586805555554,93.39349620777311
3107,18,11,177.90853658536585,39.16269116778421,6,129.89496527777777,85.57204803374971
3108,18,12,192.03658536585365,45.99360283185547,0,120.24652777777777,74.48366129743017
3109,18,12,192.03658536585365,45.99360283185547,1,126.16185476815399,76.2179280364865
3110,18,12,192.03658536585365,45.99360283185547,2,131.28882575757575,77.18428067343002
3111,18,12,192.03658536585365,45.99360283185547,3,136.94412878787878,78.2183218957562
3112,18,12,192.03658536585365,45.99360283185547,4,144.14322916666666,77.36663571909611
3113,18,12,192.03658536585365,45.99360283185547,5,142.87586805555554,93.39349620777311
3114,18,12,192.03658536585365,45.99360283185547,6,129.89496527777777,85.57204803374971
3115,18,13,187.3201219512195,46.330397917985806,0,120.24652777777777,74.48366129743017
3116,18,13,187.3201219512195,46.330397917985806,1,126.16185476815399,76.2179280364865
3117,18,13,187.3201219512195,46.330397917985806,2,131.28882575757575,77.18428067343002
3118,18,13,187.3201219512195,46.330397917985806,3,136.94412878787878,78.2183218957562
3119,18,13,187.3201219512195,46.330397917985806,4,144.14322916666666,77.36663571909611
3120,18,13,187.3201219512195,46.330397917985806,5,142.87586805555554,93.39349620777311
3121,18,13,187.3201219512195,46.330397917985806,6,129.89496527777777,85.57204803374971
3122,18,14,198.39634146341464,42.01676073060405,0,120.24652777777777,74.48366129743017
3123,18,14,198.39634146341464,42.01676073060405,1,126.16185476815399,76.2179280364865
3124,18,14,198.39634146341464,42.01676073060405,2,131.28882575757575,77.18428067343002
3125,18,14,198.39634146341464,42.01676073060405,3,136.94412878787878,78.2183218957562
3126,18,14,198.39634146341464,42.01676073060405,4,144.14322916666666,77.36663571909611
3127,18,14,198.39634146341464,42.01676073060405,5,142.87586805555554,93.39349620777311
3128,18,14,198.39634146341464,42.01676073060405,6,129.89496527777777,85.57204803374971
3129,18,15,209.70731707317074,37.85203376383068,0,120.24652777777777,74.48366129743017
3130,18,15,209.70731707317074,37.85203376383068,1,126.16185476815399,76.2179280364865
3131,18,15,209.70731707317074,37.85203376383068,2,131.28882575757575,77.18428067343002
3132,18,15,209.70731707317074,37.85203376383068,3,136.94412878787878,78.2183218957562
3133,18,15,209.70731707317074,37.85203376383068,4,144.14322916666666,77.36663571909611
3134,18,15,209.70731707317074,37.85203376383068,5,142.87586805555554,93.39349620777311
3135,18,15,209.70731707317074,37.85203376383068,6,129.89496527777777,85.57204803374971
3136,18,16,189.91158536585365,34.07486074046358,0,120.24652777777777,74.48366129743017
3137,18,16,189.91158536585365,34.07486074046358,1,126.16185476815399,76.2179280364865
3138,18,16,189.91158536585365,34.07486074046358,2,131.28882575757575,77.18428067343002
3139,18,16,189.91158536585365,34.07486074046358,3,136.94412878787878,78.2183218957562
3140,18,16,189.91158536585365,34.07486074046358,4,144.14322916666666,77.36663571909611
3141,18,16,189.91158536585365,34.07486074046358,5,142.87586805555554,93.39349620777311
3142,18,16,189.91158536585365,34.07486074046358,6,129.89496527777777,85.57204803374971
3143,18,17,212.02439024390245,38.56722178168057,0,120.24652777777777,74.48366129743017
3144,18,17,212.02439024390245,38.56722178168057,1,126.16185476815399,76.2179280364865
3145,18,17,212.02439024390245,38.56722178168057,2,131.28882575757575,77.18428067343002
3146,18,17,212.02439024390245,38.56722178168057,3,136.94412878787878,78.2183218957562
3147,18,17,212.02439024390245,38.56722178168057,4,144.14322916666666,77.36663571909611
3148,18,17,212.02439024390245,38.56722178168057,5,142.87586805555554,93.39349620777311
3149,18,17,212.02439024390245,38.56722178168057,6,129.89496527777777,85.57204803374971
3150,18,18,229.1737804878049,42.80119373396711,0,120.24652777777777,74.48366129743017
3151,18,18,229.1737804878049,42.80119373396711,1,126.16185476815399,76.2179280364865
3152,18,18,229.1737804878049,42.80119373396711,2,131.28882575757575,77.18428067343002
3153,18,18,229.1737804878049,42.80119373396711,3,136.94412878787878,78.2183218957562
3154,18,18,229.1737804878049,42.80119373396711,4,144.14322916666666,77.36663571909611
3155,18,18,229.1737804878049,42.80119373396711,5,142.87586805555554,93.39349620777311
3156,18,18,229.1737804878049,42.80119373396711,6,129.89496527777777,85.57204803374971
3157,18,19,203.04573170731706,46.2536654973423,0,120.24652777777777,74.48366129743017
3158,18,19,203.04573170731706,46.2536654973423,1,126.16185476815399,76.2179280364865
3159,18,19,203.04573170731706,46.2536654973423,2,131.28882575757575,77.18428067343002
3160,18,19,203.04573170731706,46.2536654973423,3,136.94412878787878,78.2183218957562
3161,18,19,203.04573170731706,46.2536654973423,4,144.14322916666666,77.36663571909611
3162,18,19,203.04573170731706,46.2536654973423,5,142.87586805555554,93.39349620777311
3163,18,19,203.04573170731706,46.2536654973423,6,129.89496527777777,85.57204803374971
3164,18,20,159.39634146341464,33.34760286052954,0,120.24652777777777,74.48366129743017
3165,18,20,159.39634146341464,33.34760286052954,1,126.16185476815399,76.2179280364865
3166,18,20,159.39634146341464,33.34760286052954,2,131.28882575757575,77.18428067343002
3167,18,20,159.39634146341464,33.34760286052954,3,136.94412878787878,78.2183218957562
3168,18,20,159.39634146341464,33.34760286052954,4,144.14322916666666,77.36663571909611
3169,18,20,159.39634146341464,33.34760286052954,5,142.87586805555554,93.39349620777311
3170,18,20,159.39634146341464,33.34760286052954,6,129.89496527777777,85.57204803374971
3171,18,21,145.34250764525993,36.289972213587845,0,120.24652777777777,74.48366129743017
3172,18,21,145.34250764525993,36.289972213587845,1,126.16185476815399,76.2179280364865
3173,18,21,145.34250764525993,36.289972213587845,2,131.28882575757575,77.18428067343002
3174,18,21,145.34250764525993,36.289972213587845,3,136.94412878787878,78.2183218957562
3175,18,21,145.34250764525993,36.289972213587845,4,144.14322916666666,77.36663571909611
3176,18,21,145.34250764525993,36.289972213587845,5,142.87586805555554,93.39349620777311
3177,18,21,145.34250764525993,36.289972213587845,6,129.89496527777777,85.57204803374971
3178,18,22,128.0,46.54768851942648,0,120.24652777777777,74.48366129743017
3179,18,22,128.0,46.54768851942648,1,126.16185476815399,76.2179280364865
3180,18,22,128.0,46.54768851942648,2,131.28882575757575,77.18428067343002
3181,18,22,128.0,46.54768851942648,3,136.94412878787878,78.2183218957562
3182,18,22,128.0,46.54768851942648,4,144.14322916666666,77.36663571909611
3183,18,22,128.0,46.54768851942648,5,142.87586805555554,93.39349620777311
3184,18,22,128.0,46.54768851942648,6,129.89496527777777,85.57204803374971
3185,18,23,88.4104938271605,49.41404033064616,0,120.24652777777777,74.48366129743017
3186,18,23,88.4104938271605,49.41404033064616,1,126.16185476815399,76.2179280364865
3187,18,23,88.4104938271605,49.41404033064616,2,131.28882575757575,77.18428067343002
3188,18,23,88.4104938271605,49.41404033064616,3,136.94412878787878,78.2183218957562
3189,18,23,88.4104938271605,49.41404033064616,4,144.14322916666666,77.36663571909611
3190,18,23,88.4104938271605,49.41404033064616,5,142.87586805555554,93.39349620777311
3191,18,23,88.4104938271605,49.41404033064616,6,129.89496527777777,85.57204803374971
3192,19,0,11.463414634146341,7.843180285421996,0,8.861979166666666,6.348348170160039
3193,19,0,11.463414634146341,7.843180285421996,1,8.961504811898513,7.072696459743397
3194,19,0,11.463414634146341,7.843180285421996,2,8.941287878787879,6.375483243350393
3195,19,0,11.463414634146341,7.843180285421996,3,9.474431818181818,6.337229922386097
3196,19,0,11.463414634146341,7.843180285421996,4,12.891493055555555,11.50905044207144
3197,19,0,11.463414634146341,7.843180285421996,5,11.1640625,5.420140721906117
3198,19,0,11.463414634146341,7.843180285421996,6,11.972222222222221,5.630924227440735
3199,19,1,9.914634146341463,10.75066454899169,0,8.861979166666666,6.348348170160039
3200,19,1,9.914634146341463,10.75066454899169,1,8.961504811898513,7.072696459743397
3201,19,1,9.914634146341463,10.75066454899169,2,8.941287878787879,6.375483243350393
3202,19,1,9.914634146341463,10.75066454899169,3,9.474431818181818,6.337229922386097
3203,19,1,9.914634146341463,10.75066454899169,4,12.891493055555555,11.50905044207144
3204,19,1,9.914634146341463,10.75066454899169,5,11.1640625,5.420140721906117
3205,19,1,9.914634146341463,10.75066454899169,6,11.972222222222221,5.630924227440735
3206,19,2,8.012195121951219,10.49187121192212,0,8.861979166666666,6.348348170160039
3207,19,2,8.012195121951219,10.49187121192212,1,8.961504811898513,7.072696459743397
3208,19,2,8.012195121951219,10.49187121192212,2,8.941287878787879,6.375483243350393
3209,19,2,8.012195121951219,10.49187121192212,3,9.474431818181818,6.337229922386097
3210,19,2,8.012195121951219,10.49187121192212,4,12.891493055555555,11.50905044207144
3211,19,2,8.012195121951219,10.49187121192212,5,11.1640625,5.420140721906117
3212,19,2,8.012195121951219,10.49187121192212,6,11.972222222222221,5.630924227440735
3213,19,3,6.384146341463414,8.32622281860159,0,8.861979166666666,6.348348170160039
3214,19,3,6.384146341463414,8.32622281860159,1,8.961504811898513,7.072696459743397
3215,19,3,6.384146341463414,8.32622281860159,2,8.941287878787879,6.375483243350393
3216,19,3,6.384146341463414,8.32622281860159,3,9.474431818181818,6.337229922386097
3217,19,3,6.384146341463414,8.32622281860159,4,12.891493055555555,11.50905044207144
3218,19,3,6.384146341463414,8.32622281860159,5,11.1640625,5.420140721906117
3219,19,3,6.384146341463414,8.32622281860159,6,11.972222222222221,5.630924227440735
3220,19,4,6.987804878048781,8.126287471650432,0,8.861979166666666,6.348348170160039
3221,19,4,6.987804878048781,8.126287471650432,1,8.961504811898513,7.072696459743397
3222,19,4,6.987804878048781,8.126287471650432,2,8.941287878787879,6.375483243350393
3223,19,4,6.987804878048781,8.126287471650432,3,9.474431818181818,6.337229922386097
3224,19,4,6.987804878048781,8.126287471650432,4,12.891493055555555,11.50905044207144
3225,19,4,6.987804878048781,8.126287471650432,5,11.1640625,5.420140721906117
3226,19,4,6.987804878048781,8.126287471650432,6,11.972222222222221,5.630924227440735
3227,19,5,6.237804878048781,3.8739509656338127,0,8.861979166666666,6.348348170160039
3228,19,5,6.237804878048781,3.8739509656338127,1,8.961504811898513,7.072696459743397
3229,19,5,6.237804878048781,3.8739509656338127,2,8.941287878787879,6.375483243350393
3230,19,5,6.237804878048781,3.8739509656338127,3,9.474431818181818,6.337229922386097
3231,19,5,6.237804878048781,3.8739509656338127,4,12.891493055555555,11.50905044207144
3232,19,5,6.237804878048781,3.8739509656338127,5,11.1640625,5.420140721906117
3233,19,5,6.237804878048781,3.8739509656338127,6,11.972222222222221,5.630924227440735
3234,19,6,10.862804878048781,5.564420123740925,0,8.861979166666666,6.348348170160039
3235,19,6,10.862804878048781,5.564420123740925,1,8.961504811898513,7.072696459743397
3236,19,6,10.862804878048781,5.564420123740925,2,8.941287878787879,6.375483243350393
3237,19,6,10.862804878048781,5.564420123740925,3,9.474431818181818,6.337229922386097
3238,19,6,10.862804878048781,5.564420123740925,4,12.891493055555555,11.50905044207144
3239,19,6,10.862804878048781,5.564420123740925,5,11.1640625,5.420140721906117
3240,19,6,10.862804878048781,5.564420123740925,6,11.972222222222221,5.630924227440735
3241,19,7,20.46951219512195,10.878491407198286,0,8.861979166666666,6.348348170160039
3242,19,7,20.46951219512195,10.878491407198286,1,8.961504811898513,7.072696459743397
3243,19,7,20.46951219512195,10.878491407198286,2,8.941287878787879,6.375483243350393
3244,19,7,20.46951219512195,10.878491407198286,3,9.474431818181818,6.337229922386097
3245,19,7,20.46951219512195,10.878491407198286,4,12.891493055555555,11.50905044207144
3246,19,7,20.46951219512195,10.878491407198286,5,11.1640625,5.420140721906117
3247,19,7,20.46951219512195,10.878491407198286,6,11.972222222222221,5.630924227440735
3248,19,8,20.402439024390244,9.784040873109035,0,8.861979166666666,6.348348170160039
3249,19,8,20.402439024390244,9.784040873109035,1,8.961504811898513,7.072696459743397
3250,19,8,20.402439024390244,9.784040873109035,2,8.941287878787879,6.375483243350393
3251,19,8,20.402439024390244,9.784040873109035,3,9.474431818181818,6.337229922386097
3252,19,8,20.402439024390244,9.784040873109035,4,12.891493055555555,11.50905044207144
3253,19,8,20.402439024390244,9.784040873109035,5,11.1640625,5.420140721906117
3254,19,8,20.402439024390244,9.784040873109035,6,11.972222222222221,5.630924227440735
3255,19,9,12.588414634146341,5.316708408838779,0,8.861979166666666,6.348348170160039
3256,19,9,12.588414634146341,5.316708408838779,1,8.961504811898513,7.072696459743397
3257,19,9,12.588414634146341,5.316708408838779,2,8.941287878787879,6.375483243350393
3258,19,9,12.588414634146341,5.316708408838779,3,9.474431818181818,6.337229922386097
3259,19,9,12.588414634146341,5.316708408838779,4,12.891493055555555,11.50905044207144
3260,19,9,12.588414634146341,5.316708408838779,5,11.1640625,5.420140721906117
3261,19,9,12.588414634146341,5.316708408838779,6,11.972222222222221,5.630924227440735
3262,19,10,9.179878048780488,4.557611905897278,0,8.861979166666666,6.348348170160039
3263,19,10,9.179878048780488,4.557611905897278,1,8.961504811898513,7.072696459743397
3264,19,10,9.179878048780488,4.557611905897278,2,8.941287878787879,6.375483243350393
3265,19,10,9.179878048780488,4.557611905897278,3,9.474431818181818,6.337229922386097
3266,19,10,9.179878048780488,4.557611905897278,4,12.891493055555555,11.50905044207144
3267,19,10,9.179878048780488,4.557611905897278,5,11.1640625,5.420140721906117
3268,19,10,9.179878048780488,4.557611905897278,6,11.972222222222221,5.630924227440735
3269,19,11,8.673780487804878,4.084764903717168,0,8.861979166666666,6.348348170160039
3270,19,11,8.673780487804878,4.084764903717168,1,8.961504811898513,7.072696459743397
3271,19,11,8.673780487804878,4.084764903717168,2,8.941287878787879,6.375483243350393
3272,19,11,8.673780487804878,4.084764903717168,3,9.474431818181818,6.337229922386097
3273,19,11,8.673780487804878,4.084764903717168,4,12.891493055555555,11.50905044207144
3274,19,11,8.673780487804878,4.084764903717168,5,11.1640625,5.420140721906117
3275,19,11,8.673780487804878,4.084764903717168,6,11.972222222222221,5.630924227440735
3276,19,12,8.439024390243903,3.8148191999694148,0,8.861979166666666,6.348348170160039
3277,19,12,8.439024390243903,3.8148191999694148,1,8.961504811898513,7.072696459743397
3278,19,12,8.439024390243903,3.8148191999694148,2,8.941287878787879,6.375483243350393
3279,19,12,8.439024390243903,3.8148191999694148,3,9.474431818181818,6.337229922386097
3280,19,12,8.439024390243903,3.8148191999694148,4,12.891493055555555,11.50905044207144
3281,19,12,8.439024390243903,3.8148191999694148,5,11.1640625,5.420140721906117
3282,19,12,8.439024390243903,3.8148191999694148,6,11.972222222222221,5.630924227440735
3283,19,13,8.753048780487806,4.012593688339866,0,8.861979166666666,6.348348170160039
3284,19,13,8.753048780487806,4.012593688339866,1,8.961504811898513,7.072696459743397
3285,19,13,8.753048780487806,4.012593688339866,2,8.941287878787879,6.375483243350393
3286,19,13,8.753048780487806,4.012593688339866,3,9.474431818181818,6.337229922386097
3287,19,13,8.753048780487806,4.012593688339866,4,12.891493055555555,11.50905044207144
3288,19,13,8.753048780487806,4.012593688339866,5,11.1640625,5.420140721906117
3289,19,13,8.753048780487806,4.012593688339866,6,11.972222222222221,5.630924227440735
3290,19,14,8.323170731707316,3.750532644104357,0,8.861979166666666,6.348348170160039
3291,19,14,8.323170731707316,3.750532644104357,1,8.961504811898513,7.072696459743397
3292,19,14,8.323170731707316,3.750532644104357,2,8.941287878787879,6.375483243350393
3293,19,14,8.323170731707316,3.750532644104357,3,9.474431818181818,6.337229922386097
3294,19,14,8.323170731707316,3.750532644104357,4,12.891493055555555,11.50905044207144
3295,19,14,8.323170731707316,3.750532644104357,5,11.1640625,5.420140721906117
3296,19,14,8.323170731707316,3.750532644104357,6,11.972222222222221,5.630924227440735
3297,19,15,8.057926829268293,4.275633039756116,0,8.861979166666666,6.348348170160039
3298,19,15,8.057926829268293,4.275633039756116,1,8.961504811898513,7.072696459743397
3299,19,15,8.057926829268293,4.275633039756116,2,8.941287878787879,6.375483243350393
3300,19,15,8.057926829268293,4.275633039756116,3,9.474431818181818,6.337229922386097
3301,19,15,8.057926829268293,4.275633039756116,4,12.891493055555555,11.50905044207144
3302,19,15,8.057926829268293,4.275633039756116,5,11.1640625,5.420140721906117
3303,19,15,8.057926829268293,4.275633039756116,6,11.972222222222221,5.630924227440735
3304,19,16,7.530487804878049,3.973034151997626,0,8.861979166666666,6.348348170160039
3305,19,16,7.530487804878049,3.973034151997626,1,8.961504811898513,7.072696459743397
3306,19,16,7.530487804878049,3.973034151997626,2,8.941287878787879,6.375483243350393
3307,19,16,7.530487804878049,3.973034151997626,3,9.474431818181818,6.337229922386097
3308,19,16,7.530487804878049,3.973034151997626,4,12.891493055555555,11.50905044207144
3309,19,16,7.530487804878049,3.973034151997626,5,11.1640625,5.420140721906117
3310,19,16,7.530487804878049,3.973034151997626,6,11.972222222222221,5.630924227440735
3311,19,17,10.439024390243903,4.377025258735805,0,8.861979166666666,6.348348170160039
3312,19,17,10.439024390243903,4.377025258735805,1,8.961504811898513,7.072696459743397
3313,19,17,10.439024390243903,4.377025258735805,2,8.941287878787879,6.375483243350393
3314,19,17,10.439024390243903,4.377025258735805,3,9.474431818181818,6.337229922386097
3315,19,17,10.439024390243903,4.377025258735805,4,12.891493055555555,11.50905044207144
3316,19,17,10.439024390243903,4.377025258735805,5,11.1640625,5.420140721906117
3317,19,17,10.439024390243903,4.377025258735805,6,11.972222222222221,5.630924227440735
3318,19,18,12.253048780487806,5.818350426511504,0,8.861979166666666,6.348348170160039
3319,19,18,12.253048780487806,5.818350426511504,1,8.961504811898513,7.072696459743397
3320,19,18,12.253048780487806,5.818350426511504,2,8.941287878787879,6.375483243350393
3321,19,18,12.253048780487806,5.818350426511504,3,9.474431818181818,6.337229922386097
3322,19,18,12.253048780487806,5.818350426511504,4,12.891493055555555,11.50905044207144
3323,19,18,12.253048780487806,5.818350426511504,5,11.1640625,5.420140721906117
3324,19,18,12.253048780487806,5.818350426511504,6,11.972222222222221,5.630924227440735
3325,19,19,10.90548780487805,5.326085515393268,0,8.861979166666666,6.348348170160039
3326,19,19,10.90548780487805,5.326085515393268,1,8.961504811898513,7.072696459743397
3327,19,19,10.90548780487805,5.326085515393268,2,8.941287878787879,6.375483243350393
3328,19,19,10.90548780487805,5.326085515393268,3,9.474431818181818,6.337229922386097
3329,19,19,10.90548780487805,5.326085515393268,4,12.891493055555555,11.50905044207144
3330,19,19,10.90548780487805,5.326085515393268,5,11.1640625,5.420140721906117
3331,19,19,10.90548780487805,5.326085515393268,6,11.972222222222221,5.630924227440735
3332,19,20,9.637195121951219,4.15518033388094,0,8.861979166666666,6.348348170160039
3333,19,20,9.637195121951219,4.15518033388094,1,8.961504811898513,7.072696459743397
3334,19,20,9.637195121951219,4.15518033388094,2,8.941287878787879,6.375483243350393
3335,19,20,9.637195121951219,4.15518033388094,3,9.474431818181818,6.337229922386097
3336,19,20,9.637195121951219,4.15518033388094,4,12.891493055555555,11.50905044207144
3337,19,20,9.637195121951219,4.15518033388094,5,11.1640625,5.420140721906117
3338,19,20,9.637195121951219,4.15518033388094,6,11.972222222222221,5.630924227440735
3339,19,21,9.568807339449542,4.405866778527241,0,8.861979166666666,6.348348170160039
3340,19,21,9.568807339449542,4.405866778527241,1,8.961504811898513,7.072696459743397
3341,19,21,9.568807339449542,4.405866778527241,2,8.941287878787879,6.375483243350393
3342,19,21,9.568807339449542,4.405866778527241,3,9.474431818181818,6.337229922386097
3343,19,21,9.568807339449542,4.405866778527241,4,12.891493055555555,11.50905044207144
3344,19,21,9.568807339449542,4.405866778527241,5,11.1640625,5.420140721906117
3345,19,21,9.568807339449542,4.405866778527241,6,11.972222222222221,5.630924227440735
3346,19,22,10.570987654320987,4.96344759462764,0,8.861979166666666,6.348348170160039
3347,19,22,10.570987654320987,4.96344759462764,1,8.961504811898513,7.072696459743397
3348,19,22,10.570987654320987,4.96344759462764,2,8.941287878787879,6.375483243350393
3349,19,22,10.570987654320987,4.96344759462764,3,9.474431818181818,6.337229922386097
3350,19,22,10.570987654320987,4.96344759462764,4,12.891493055555555,11.50905044207144
3351,19,22,10.570987654320987,4.96344759462764,5,11.1640625,5.420140721906117
3352,19,22,10.570987654320987,4.96344759462764,6,11.972222222222221,5.630924227440735
3353,19,23,12.839506172839506,6.933486366317616,0,8.861979166666666,6.348348170160039
3354,19,23,12.839506172839506,6.933486366317616,1,8.961504811898513,7.072696459743397
3355,19,23,12.839506172839506,6.933486366317616,2,8.941287878787879,6.375483243350393
3356,19,23,12.839506172839506,6.933486366317616,3,9.474431818181818,6.337229922386097
3357,19,23,12.839506172839506,6.933486366317616,4,12.891493055555555,11.50905044207144
3358,19,23,12.839506172839506,6.933486366317616,5,11.1640625,5.420140721906117
3359,19,23,12.839506172839506,6.933486366317616,6,11.972222222222221,5.630924227440735
3360,20,0,183.08536585365854,120.98913957574284,0,173.9453125,94.56627202256796
3361,20,0,183.08536585365854,120.98913957574284,1,194.80664916885388,106.4831300184067
3362,20,0,183.08536585365854,120.98913957574284,2,206.59469696969697,109.00105017235326
3363,20,0,183.08536585365854,120.98913957574284,3,218.91666666666666,114.13120688692482
3364,20,0,183.08536585365854,120.98913957574284,4,230.92013888888889,114.08362142896469
3365,20,0,183.08536585365854,120.98913957574284,5,204.99045138888889,110.98829743558599
3366,20,0,183.08536585365854,120.98913957574284,6,172.59809027777777,88.76722512838121
3367,20,1,122.27439024390245,101.66529760262407,0,173.9453125,94.56627202256796
3368,20,1,122.27439024390245,101.66529760262407,1,194.80664916885388,106.4831300184067
3369,20,1,122.27439024390245,101.66529760262407,2,206.59469696969697,109.00105017235326
3370,20,1,122.27439024390245,101.66529760262407,3,218.91666666666666,114.13120688692482
3371,20,1,122.27439024390245,101.66529760262407,4,230.92013888888889,114.08362142896469
3372,20,1,122.27439024390245,101.66529760262407,5,204.99045138888889,110.98829743558599
3373,20,1,122.27439024390245,101.66529760262407,6,172.59809027777777,88.76722512838121
3374,20,2,84.35060975609755,83.30751917996739,0,173.9453125,94.56627202256796
3375,20,2,84.35060975609755,83.30751917996739,1,194.80664916885388,106.4831300184067
3376,20,2,84.35060975609755,83.30751917996739,2,206.59469696969697,109.00105017235326
3377,20,2,84.35060975609755,83.30751917996739,3,218.91666666666666,114.13120688692482
3378,20,2,84.35060975609755,83.30751917996739,4,230.92013888888889,114.08362142896469
3379,20,2,84.35060975609755,83.30751917996739,5,204.99045138888889,110.98829743558599
3380,20,2,84.35060975609755,83.30751917996739,6,172.59809027777777,88.76722512838121
3381,20,3,61.00914634146341,67.837838948133,0,173.9453125,94.56627202256796
3382,20,3,61.00914634146341,67.837838948133,1,194.80664916885388,106.4831300184067
3383,20,3,61.00914634146341,67.837838948133,2,206.59469696969697,109.00105017235326
3384,20,3,61.00914634146341,67.837838948133,3,218.91666666666666,114.13120688692482
3385,20,3,61.00914634146341,67.837838948133,4,230.92013888888889,114.08362142896469
3386,20,3,61.00914634146341,67.837838948133,5,204.99045138888889,110.98829743558599
3387,20,3,61.00914634146341,67.837838948133,6,172.59809027777777,88.76722512838121
3388,20,4,43.03353658536585,38.267393003323704,0,173.9453125,94.56627202256796
3389,20,4,43.03353658536585,38.267393003323704,1,194.80664916885388,106.4831300184067
3390,20,4,43.03353658536585,38.267393003323704,2,206.59469696969697,109.00105017235326
3391,20,4,43.03353658536585,38.267393003323704,3,218.91666666666666,114.13120688692482
3392,20,4,43.03353658536585,38.267393003323704,4,230.92013888888889,114.08362142896469
3393,20,4,43.03353658536585,38.267393003323704,5,204.99045138888889,110.98829743558599
3394,20,4,43.03353658536585,38.267393003323704,6,172.59809027777777,88.76722512838121
3395,20,5,44.33536585365854,17.216476511595054,0,173.9453125,94.56627202256796
3396,20,5,44.33536585365854,17.216476511595054,1,194.80664916885388,106.4831300184067
3397,20,5,44.33536585365854,17.216476511595054,2,206.59469696969697,109.00105017235326
3398,20,5,44.33536585365854,17.216476511595054,3,218.91666666666666,114.13120688692482
3399,20,5,44.33536585365854,17.216476511595054,4,230.92013888888889,114.08362142896469
3400,20,5,44.33536585365854,17.216476511595054,5,204.99045138888889,110.98829743558599
3401,20,5,44.33536585365854,17.216476511595054,6,172.59809027777777,88.76722512838121
3402,20,6,101.10365853658537,56.72365749762184,0,173.9453125,94.56627202256796
3403,20,6,101.10365853658537,56.72365749762184,1,194.80664916885388,106.4831300184067
3404,20,6,101.10365853658537,56.72365749762184,2,206.59469696969697,109.00105017235326
3405,20,6,101.10365853658537,56.72365749762184,3,218.91666666666666,114.13120688692482
3406,20,6,101.10365853658537,56.72365749762184,4,230.92013888888889,114.08362142896469
3407,20,6,101.10365853658537,56.72365749762184,5,204.99045138888889,110.98829743558599
3408,20,6,101.10365853658537,56.72365749762184,6,172.59809027777777,88.76722512838121
3409,20,7,188.359756097561,95.96230065039971,0,173.9453125,94.56627202256796
3410,20,7,188.359756097561,95.96230065039971,1,194.80664916885388,106.4831300184067
3411,20,7,188.359756097561,95.96230065039971,2,206.59469696969697,109.00105017235326
3412,20,7,188.359756097561,95.96230065039971,3,218.91666666666666,114.13120688692482
3413,20,7,188.359756097561,95.96230065039971,4,230.92013888888889,114.08362142896469
3414,20,7,188.359756097561,95.96230065039971,5,204.99045138888889,110.98829743558599
3415,20,7,188.359756097561,95.96230065039971,6,172.59809027777777,88.76722512838121
3416,20,8,243.8201219512195,108.00275207722348,0,173.9453125,94.56627202256796
3417,20,8,243.8201219512195,108.00275207722348,1,194.80664916885388,106.4831300184067
3418,20,8,243.8201219512195,108.00275207722348,2,206.59469696969697,109.00105017235326
3419,20,8,243.8201219512195,108.00275207722348,3,218.91666666666666,114.13120688692482
3420,20,8,243.8201219512195,108.00275207722348,4,230.92013888888889,114.08362142896469
3421,20,8,243.8201219512195,108.00275207722348,5,204.99045138888889,110.98829743558599
3422,20,8,243.8201219512195,108.00275207722348,6,172.59809027777777,88.76722512838121
3423,20,9,226.28353658536585,75.29210458295589,0,173.9453125,94.56627202256796
3424,20,9,226.28353658536585,75.29210458295589,1,194.80664916885388,106.4831300184067
3425,20,9,226.28353658536585,75.29210458295589,2,206.59469696969697,109.00105017235326
3426,20,9,226.28353658536585,75.29210458295589,3,218.91666666666666,114.13120688692482
3427,20,9,226.28353658536585,75.29210458295589,4,230.92013888888889,114.08362142896469
3428,20,9,226.28353658536585,75.29210458295589,5,204.99045138888889,110.98829743558599
3429,20,9,226.28353658536585,75.29210458295589,6,172.59809027777777,88.76722512838121
3430,20,10,206.8109756097561,41.92181015449323,0,173.9453125,94.56627202256796
3431,20,10,206.8109756097561,41.92181015449323,1,194.80664916885388,106.4831300184067
3432,20,10,206.8109756097561,41.92181015449323,2,206.59469696969697,109.00105017235326
3433,20,10,206.8109756097561,41.92181015449323,3,218.91666666666666,114.13120688692482
3434,20,10,206.8109756097561,41.92181015449323,4,230.92013888888889,114.08362142896469
3435,20,10,206.8109756097561,41.92181015449323,5,204.99045138888889,110.98829743558599
3436,20,10,206.8109756097561,41.92181015449323,6,172.59809027777777,88.76722512838121
3437,20,11,216.39329268292684,40.339168528434584,0,173.9453125,94.56627202256796
3438,20,11,216.39329268292684,40.339168528434584,1,194.80664916885388,106.4831300184067
3439,20,11,216.39329268292684,40.339168528434584,2,206.59469696969697,109.00105017235326
3440,20,11,216.39329268292684,40.339168528434584,3,218.91666666666666,114.13120688692482
3441,20,11,216.39329268292684,40.339168528434584,4,230.92013888888889,114.08362142896469
3442,20,11,216.39329268292684,40.339168528434584,5,204.99045138888889,110.98829743558599
3443,20,11,216.39329268292684,40.339168528434584,6,172.59809027777777,88.76722512838121
3444,20,12,231.85060975609755,40.502715576193424,0,173.9453125,94.56627202256796
3445,20,12,231.85060975609755,40.502715576193424,1,194.80664916885388,106.4831300184067
3446,20,12,231.85060975609755,40.502715576193424,2,206.59469696969697,109.00105017235326
3447,20,12,231.85060975609755,40.502715576193424,3,218.91666666666666,114.13120688692482
3448,20,12,231.85060975609755,40.502715576193424,4,230.92013888888889,114.08362142896469
3449,20,12,231.85060975609755,40.502715576193424,5,204.99045138888889,110.98829743558599
3450,20,12,231.85060975609755,40.502715576193424,6,172.59809027777777,88.76722512838121
3451,20,13,232.22256097560975,39.530608009087565,0,173.9453125,94.56627202256796
3452,20,13,232.22256097560975,39.530608009087565,1,194.80664916885388,106.4831300184067
3453,20,13,232.22256097560975,39.530608009087565,2,206.59469696969697,109.00105017235326
3454,20,13,232.22256097560975,39.530608009087565,3,218.91666666666666,114.13120688692482
3455,20,13,232.22256097560975,39.530608009087565,4,230.92013888888889,114.08362142896469
3456,20,13,232.22256097560975,39.530608009087565,5,204.99045138888889,110.98829743558599
3457,20,13,232.22256097560975,39.530608009087565,6,172.59809027777777,88.76722512838121
3458,20,14,234.875,40.297133210119675,0,173.9453125,94.56627202256796
3459,20,14,234.875,40.297133210119675,1,194.80664916885388,106.4831300184067
3460,20,14,234.875,40.297133210119675,2,206.59469696969697,109.00105017235326
3461,20,14,234.875,40.297133210119675,3,218.91666666666666,114.13120688692482
3462,20,14,234.875,40.297133210119675,4,230.92013888888889,114.08362142896469
3463,20,14,234.875,40.297133210119675,5,204.99045138888889,110.98829743558599
3464,20,14,234.875,40.297133210119675,6,172.59809027777777,88.76722512838121
3465,20,15,223.6189024390244,36.35214125351109,0,173.9453125,94.56627202256796
3466,20,15,223.6189024390244,36.35214125351109,1,194.80664916885388,106.4831300184067
3467,20,15,223.6189024390244,36.35214125351109,2,206.59469696969697,109.00105017235326
3468,20,15,223.6189024390244,36.35214125351109,3,218.91666666666666,114.13120688692482
3469,20,15,223.6189024390244,36.35214125351109,4,230.92013888888889,114.08362142896469
3470,20,15,223.6189024390244,36.35214125351109,5,204.99045138888889,110.98829743558599
3471,20,15,223.6189024390244,36.35214125351109,6,172.59809027777777,88.76722512838121
3472,20,16,201.4878048780488,34.79621544412526,0,173.9453125,94.56627202256796
3473,20,16,201.4878048780488,34.79621544412526,1,194.80664916885388,106.4831300184067
3474,20,16,201.4878048780488,34.79621544412526,2,206.59469696969697,109.00105017235326
3475,20,16,201.4878048780488,34.79621544412526,3,218.91666666666666,114.13120688692482
3476,20,16,201.4878048780488,34.79621544412526,4,230.92013888888889,114.08362142896469
3477,20,16,201.4878048780488,34.79621544412526,5,204.99045138888889,110.98829743558599
3478,20,16,201.4878048780488,34.79621544412526,6,172.59809027777777,88.76722512838121
3479,20,17,244.77134146341464,46.13634396309054,0,173.9453125,94.56627202256796
3480,20,17,244.77134146341464,46.13634396309054,1,194.80664916885388,106.4831300184067
3481,20,17,244.77134146341464,46.13634396309054,2,206.59469696969697,109.00105017235326
3482,20,17,244.77134146341464,46.13634396309054,3,218.91666666666666,114.13120688692482
3483,20,17,244.77134146341464,46.13634396309054,4,230.92013888888889,114.08362142896469
3484,20,17,244.77134146341464,46.13634396309054,5,204.99045138888889,110.98829743558599
3485,20,17,244.77134146341464,46.13634396309054,6,172.59809027777777,88.76722512838121
3486,20,18,302.7317073170732,58.896851476931495,0,173.9453125,94.56627202256796
3487,20,18,302.7317073170732,58.896851476931495,1,194.80664916885388,106.4831300184067
3488,20,18,302.7317073170732,58.896851476931495,2,206.59469696969697,109.00105017235326
3489,20,18,302.7317073170732,58.896851476931495,3,218.91666666666666,114.13120688692482
3490,20,18,302.7317073170732,58.896851476931495,4,230.92013888888889,114.08362142896469
3491,20,18,302.7317073170732,58.896851476931495,5,204.99045138888889,110.98829743558599
3492,20,18,302.7317073170732,58.896851476931495,6,172.59809027777777,88.76722512838121
3493,20,19,315.5670731707317,74.58063231690737,0,173.9453125,94.56627202256796
3494,20,19,315.5670731707317,74.58063231690737,1,194.80664916885388,106.4831300184067
3495,20,19,315.5670731707317,74.58063231690737,2,206.59469696969697,109.00105017235326
3496,20,19,315.5670731707317,74.58063231690737,3,218.91666666666666,114.13120688692482
3497,20,19,315.5670731707317,74.58063231690737,4,230.92013888888889,114.08362142896469
3498,20,19,315.5670731707317,74.58063231690737,5,204.99045138888889,110.98829743558599
3499,20,19,315.5670731707317,74.58063231690737,6,172.59809027777777,88.76722512838121
3500,20,20,304.5274390243902,77.51550605555168,0,173.9453125,94.56627202256796
3501,20,20,304.5274390243902,77.51550605555168,1,194.80664916885388,106.4831300184067
3502,20,20,304.5274390243902,77.51550605555168,2,206.59469696969697,109.00105017235326
3503,20,20,304.5274390243902,77.51550605555168,3,218.91666666666666,114.13120688692482
3504,20,20,304.5274390243902,77.51550605555168,4,230.92013888888889,114.08362142896469
3505,20,20,304.5274390243902,77.51550605555168,5,204.99045138888889,110.98829743558599
3506,20,20,304.5274390243902,77.51550605555168,6,172.59809027777777,88.76722512838121
3507,20,21,285.43119266055044,78.91624436869964,0,173.9453125,94.56627202256796
3508,20,21,285.43119266055044,78.91624436869964,1,194.80664916885388,106.4831300184067
3509,20,21,285.43119266055044,78.91624436869964,2,206.59469696969697,109.00105017235326
3510,20,21,285.43119266055044,78.91624436869964,3,218.91666666666666,114.13120688692482
3511,20,21,285.43119266055044,78.91624436869964,4,230.92013888888889,114.08362142896469
3512,20,21,285.43119266055044,78.91624436869964,5,204.99045138888889,110.98829743558599
3513,20,21,285.43119266055044,78.91624436869964,6,172.59809027777777,88.76722512838121
3514,20,22,271.45061728395063,87.43418949059827,0,173.9453125,94.56627202256796
3515,20,22,271.45061728395063,87.43418949059827,1,194.80664916885388,106.4831300184067
3516,20,22,271.45061728395063,87.43418949059827,2,206.59469696969697,109.00105017235326
3517,20,22,271.45061728395063,87.43418949059827,3,218.91666666666666,114.13120688692482
3518,20,22,271.45061728395063,87.43418949059827,4,230.92013888888889,114.08362142896469
3519,20,22,271.45061728395063,87.43418949059827,5,204.99045138888889,110.98829743558599
3520,20,22,271.45061728395063,87.43418949059827,6,172.59809027777777,88.76722512838121
3521,20,23,234.570987654321,115.33144278286628,0,173.9453125,94.56627202256796
3522,20,23,234.570987654321,115.33144278286628,1,194.80664916885388,106.4831300184067
3523,20,23,234.570987654321,115.33144278286628,2,206.59469696969697,109.00105017235326
3524,20,23,234.570987654321,115.33144278286628,3,218.91666666666666,114.13120688692482
3525,20,23,234.570987654321,115.33144278286628,4,230.92013888888889,114.08362142896469
3526,20,23,234.570987654321,115.33144278286628,5,204.99045138888889,110.98829743558599
3527,20,23,234.570987654321,115.33144278286628,6,172.59809027777777,88.76722512838121
3528,21,0,220.59756097560975,87.16143548044377,0,234.10850694444446,143.34338252667732
3529,21,0,220.59756097560975,87.16143548044377,1,260.60804899387574,157.0757578383149
3530,21,0,220.59756097560975,87.16143548044377,2,274.3390151515151,156.84850248663304
3531,21,0,220.59756097560975,87.16143548044377,3,276.9876893939394,156.3314586600813
3532,21,0,220.59756097560975,87.16143548044377,4,266.41059027777777,133.13336333677248
3533,21,0,220.59756097560975,87.16143548044377,5,232.02517361111111,131.47269909808895
3534,21,0,220.59756097560975,87.16143548044377,6,208.19184027777777,104.08060351089699
3535,21,1,143.78048780487805,70.05088135752621,0,234.10850694444446,143.34338252667732
3536,21,1,143.78048780487805,70.05088135752621,1,260.60804899387574,157.0757578383149
3537,21,1,143.78048780487805,70.05088135752621,2,274.3390151515151,156.84850248663304
3538,21,1,143.78048780487805,70.05088135752621,3,276.9876893939394,156.3314586600813
3539,21,1,143.78048780487805,70.05088135752621,4,266.41059027777777,133.13336333677248
3540,21,1,143.78048780487805,70.05088135752621,5,232.02517361111111,131.47269909808895
3541,21,1,143.78048780487805,70.05088135752621,6,208.19184027777777,104.08060351089699
3542,21,2,93.0701219512195,55.31830017209526,0,234.10850694444446,143.34338252667732
3543,21,2,93.0701219512195,55.31830017209526,1,260.60804899387574,157.0757578383149
3544,21,2,93.0701219512195,55.31830017209526,2,274.3390151515151,156.84850248663304
3545,21,2,93.0701219512195,55.31830017209526,3,276.9876893939394,156.3314586600813
3546,21,2,93.0701219512195,55.31830017209526,4,266.41059027777777,133.13336333677248
3547,21,2,93.0701219512195,55.31830017209526,5,232.02517361111111,131.47269909808895
3548,21,2,93.0701219512195,55.31830017209526,6,208.19184027777777,104.08060351089699
3549,21,3,67.48475609756098,46.92019132600346,0,234.10850694444446,143.34338252667732
3550,21,3,67.48475609756098,46.92019132600346,1,260.60804899387574,157.0757578383149
3551,21,3,67.48475609756098,46.92019132600346,2,274.3390151515151,156.84850248663304
3552,21,3,67.48475609756098,46.92019132600346,3,276.9876893939394,156.3314586600813
3553,21,3,67.48475609756098,46.92019132600346,4,266.41059027777777,133.13336333677248
3554,21,3,67.48475609756098,46.92019132600346,5,232.02517361111111,131.47269909808895
3555,21,3,67.48475609756098,46.92019132600346,6,208.19184027777777,104.08060351089699
3556,21,4,60.08536585365854,34.82150245025714,0,234.10850694444446,143.34338252667732
3557,21,4,60.08536585365854,34.82150245025714,1,260.60804899387574,157.0757578383149
3558,21,4,60.08536585365854,34.82150245025714,2,274.3390151515151,156.84850248663304
3559,21,4,60.08536585365854,34.82150245025714,3,276.9876893939394,156.3314586600813
3560,21,4,60.08536585365854,34.82150245025714,4,266.41059027777777,133.13336333677248
3561,21,4,60.08536585365854,34.82150245025714,5,232.02517361111111,131.47269909808895
3562,21,4,60.08536585365854,34.82150245025714,6,208.19184027777777,104.08060351089699
3563,21,5,43.63109756097561,13.989113592271899,0,234.10850694444446,143.34338252667732
3564,21,5,43.63109756097561,13.989113592271899,1,260.60804899387574,157.0757578383149
3565,21,5,43.63109756097561,13.989113592271899,2,274.3390151515151,156.84850248663304
3566,21,5,43.63109756097561,13.989113592271899,3,276.9876893939394,156.3314586600813
3567,21,5,43.63109756097561,13.989113592271899,4,266.41059027777777,133.13336333677248
3568,21,5,43.63109756097561,13.989113592271899,5,232.02517361111111,131.47269909808895
3569,21,5,43.63109756097561,13.989113592271899,6,208.19184027777777,104.08060351089699
3570,21,6,75.23780487804878,30.04224605571134,0,234.10850694444446,143.34338252667732
3571,21,6,75.23780487804878,30.04224605571134,1,260.60804899387574,157.0757578383149
3572,21,6,75.23780487804878,30.04224605571134,2,274.3390151515151,156.84850248663304
3573,21,6,75.23780487804878,30.04224605571134,3,276.9876893939394,156.3314586600813
3574,21,6,75.23780487804878,30.04224605571134,4,266.41059027777777,133.13336333677248
3575,21,6,75.23780487804878,30.04224605571134,5,232.02517361111111,131.47269909808895
3576,21,6,75.23780487804878,30.04224605571134,6,208.19184027777777,104.08060351089699
3577,21,7,137.2560975609756,58.767267299282466,0,234.10850694444446,143.34338252667732
3578,21,7,137.2560975609756,58.767267299282466,1,260.60804899387574,157.0757578383149
3579,21,7,137.2560975609756,58.767267299282466,2,274.3390151515151,156.84850248663304
3580,21,7,137.2560975609756,58.767267299282466,3,276.9876893939394,156.3314586600813
3581,21,7,137.2560975609756,58.767267299282466,4,266.41059027777777,133.13336333677248
3582,21,7,137.2560975609756,58.767267299282466,5,232.02517361111111,131.47269909808895
3583,21,7,137.2560975609756,58.767267299282466,6,208.19184027777777,104.08060351089699
3584,21,8,200.58536585365854,72.49459770563479,0,234.10850694444446,143.34338252667732
3585,21,8,200.58536585365854,72.49459770563479,1,260.60804899387574,157.0757578383149
3586,21,8,200.58536585365854,72.49459770563479,2,274.3390151515151,156.84850248663304
3587,21,8,200.58536585365854,72.49459770563479,3,276.9876893939394,156.3314586600813
3588,21,8,200.58536585365854,72.49459770563479,4,266.41059027777777,133.13336333677248
3589,21,8,200.58536585365854,72.49459770563479,5,232.02517361111111,131.47269909808895
3590,21,8,200.58536585365854,72.49459770563479,6,208.19184027777777,104.08060351089699
3591,21,9,222.33841463414635,58.08165284734009,0,234.10850694444446,143.34338252667732
3592,21,9,222.33841463414635,58.08165284734009,1,260.60804899387574,157.0757578383149
3593,21,9,222.33841463414635,58.08165284734009,2,274.3390151515151,156.84850248663304
3594,21,9,222.33841463414635,58.08165284734009,3,276.9876893939394,156.3314586600813
3595,21,9,222.33841463414635,58.08165284734009,4,266.41059027777777,133.13336333677248
3596,21,9,222.33841463414635,58.08165284734009,5,232.02517361111111,131.47269909808895
3597,21,9,222.33841463414635,58.08165284734009,6,208.19184027777777,104.08060351089699
3598,21,10,243.16463414634146,48.07731762694476,0,234.10850694444446,143.34338252667732
3599,21,10,243.16463414634146,48.07731762694476,1,260.60804899387574,157.0757578383149
3600,21,10,243.16463414634146,48.07731762694476,2,274.3390151515151,156.84850248663304
3601,21,10,243.16463414634146,48.07731762694476,3,276.9876893939394,156.3314586600813
3602,21,10,243.16463414634146,48.07731762694476,4,266.41059027777777,133.13336333677248
3603,21,10,243.16463414634146,48.07731762694476,5,232.02517361111111,131.47269909808895
3604,21,10,243.16463414634146,48.07731762694476,6,208.19184027777777,104.08060351089699
3605,21,11,278.1829268292683,54.411756251005066,0,234.10850694444446,143.34338252667732
3606,21,11,278.1829268292683,54.411756251005066,1,260.60804899387574,157.0757578383149
3607,21,11,278.1829268292683,54.411756251005066,2,274.3390151515151,156.84850248663304
3608,21,11,278.1829268292683,54.411756251005066,3,276.9876893939394,156.3314586600813
3609,21,11,278.1829268292683,54.411756251005066,4,266.41059027777777,133.13336333677248
3610,21,11,278.1829268292683,54.411756251005066,5,232.02517361111111,131.47269909808895
3611,21,11,278.1829268292683,54.411756251005066,6,208.19184027777777,104.08060351089699
3612,21,12,296.7256097560976,55.47430473530596,0,234.10850694444446,143.34338252667732
3613,21,12,296.7256097560976,55.47430473530596,1,260.60804899387574,157.0757578383149
3614,21,12,296.7256097560976,55.47430473530596,2,274.3390151515151,156.84850248663304
3615,21,12,296.7256097560976,55.47430473530596,3,276.9876893939394,156.3314586600813
3616,21,12,296.7256097560976,55.47430473530596,4,266.41059027777777,133.13336333677248
3617,21,12,296.7256097560976,55.47430473530596,5,232.02517361111111,131.47269909808895
3618,21,12,296.7256097560976,55.47430473530596,6,208.19184027777777,104.08060351089699
3619,21,13,301.1310975609756,58.33094873601022,0,234.10850694444446,143.34338252667732
3620,21,13,301.1310975609756,58.33094873601022,1,260.60804899387574,157.0757578383149
3621,21,13,301.1310975609756,58.33094873601022,2,274.3390151515151,156.84850248663304
3622,21,13,301.1310975609756,58.33094873601022,3,276.9876893939394,156.3314586600813
3623,21,13,301.1310975609756,58.33094873601022,4,266.41059027777777,133.13336333677248
3624,21,13,301.1310975609756,58.33094873601022,5,232.02517361111111,131.47269909808895
3625,21,13,301.1310975609756,58.33094873601022,6,208.19184027777777,104.08060351089699
3626,21,14,314.7591463414634,60.2772385054081,0,234.10850694444446,143.34338252667732
3627,21,14,314.7591463414634,60.2772385054081,1,260.60804899387574,157.0757578383149
3628,21,14,314.7591463414634,60.2772385054081,2,274.3390151515151,156.84850248663304
3629,21,14,314.7591463414634,60.2772385054081,3,276.9876893939394,156.3314586600813
3630,21,14,314.7591463414634,60.2772385054081,4,266.41059027777777,133.13336333677248
3631,21,14,314.7591463414634,60.2772385054081,5,232.02517361111111,131.47269909808895
3632,21,14,314.7591463414634,60.2772385054081,6,208.19184027777777,104.08060351089699
3633,21,15,295.4146341463415,52.560191496426,0,234.10850694444446,143.34338252667732
3634,21,15,295.4146341463415,52.560191496426,1,260.60804899387574,157.0757578383149
3635,21,15,295.4146341463415,52.560191496426,2,274.3390151515151,156.84850248663304
3636,21,15,295.4146341463415,52.560191496426,3,276.9876893939394,156.3314586600813
3637,21,15,295.4146341463415,52.560191496426,4,266.41059027777777,133.13336333677248
3638,21,15,295.4146341463415,52.560191496426,5,232.02517361111111,131.47269909808895
3639,21,15,295.4146341463415,52.560191496426,6,208.19184027777777,104.08060351089699
3640,21,16,276.0121951219512,50.8442471229843,0,234.10850694444446,143.34338252667732
3641,21,16,276.0121951219512,50.8442471229843,1,260.60804899387574,157.0757578383149
3642,21,16,276.0121951219512,50.8442471229843,2,274.3390151515151,156.84850248663304
3643,21,16,276.0121951219512,50.8442471229843,3,276.9876893939394,156.3314586600813
3644,21,16,276.0121951219512,50.8442471229843,4,266.41059027777777,133.13336333677248
3645,21,16,276.0121951219512,50.8442471229843,5,232.02517361111111,131.47269909808895
3646,21,16,276.0121951219512,50.8442471229843,6,208.19184027777777,104.08060351089699
3647,21,17,331.484756097561,68.89570018452429,0,234.10850694444446,143.34338252667732
3648,21,17,331.484756097561,68.89570018452429,1,260.60804899387574,157.0757578383149
3649,21,17,331.484756097561,68.89570018452429,2,274.3390151515151,156.84850248663304
3650,21,17,331.484756097561,68.89570018452429,3,276.9876893939394,156.3314586600813
3651,21,17,331.484756097561,68.89570018452429,4,266.41059027777777,133.13336333677248
3652,21,17,331.484756097561,68.89570018452429,5,232.02517361111111,131.47269909808895
3653,21,17,331.484756097561,68.89570018452429,6,208.19184027777777,104.08060351089699
3654,21,18,423.5518292682927,86.69986047878682,0,234.10850694444446,143.34338252667732
3655,21,18,423.5518292682927,86.69986047878682,1,260.60804899387574,157.0757578383149
3656,21,18,423.5518292682927,86.69986047878682,2,274.3390151515151,156.84850248663304
3657,21,18,423.5518292682927,86.69986047878682,3,276.9876893939394,156.3314586600813
3658,21,18,423.5518292682927,86.69986047878682,4,266.41059027777777,133.13336333677248
3659,21,18,423.5518292682927,86.69986047878682,5,232.02517361111111,131.47269909808895
3660,21,18,423.5518292682927,86.69986047878682,6,208.19184027777777,104.08060351089699
3661,21,19,442.7957317073171,106.2312881745795,0,234.10850694444446,143.34338252667732
3662,21,19,442.7957317073171,106.2312881745795,1,260.60804899387574,157.0757578383149
3663,21,19,442.7957317073171,106.2312881745795,2,274.3390151515151,156.84850248663304
3664,21,19,442.7957317073171,106.2312881745795,3,276.9876893939394,156.3314586600813
3665,21,19,442.7957317073171,106.2312881745795,4,266.41059027777777,133.13336333677248
3666,21,19,442.7957317073171,106.2312881745795,5,232.02517361111111,131.47269909808895
3667,21,19,442.7957317073171,106.2312881745795,6,208.19184027777777,104.08060351089699
3668,21,20,406.6524390243902,121.92139617058972,0,234.10850694444446,143.34338252667732
3669,21,20,406.6524390243902,121.92139617058972,1,260.60804899387574,157.0757578383149
3670,21,20,406.6524390243902,121.92139617058972,2,274.3390151515151,156.84850248663304
3671,21,20,406.6524390243902,121.92139617058972,3,276.9876893939394,156.3314586600813
3672,21,20,406.6524390243902,121.92139617058972,4,266.41059027777777,133.13336333677248
3673,21,20,406.6524390243902,121.92139617058972,5,232.02517361111111,131.47269909808895
3674,21,20,406.6524390243902,121.92139617058972,6,208.19184027777777,104.08060351089699
3675,21,21,407.697247706422,115.57836726711325,0,234.10850694444446,143.34338252667732
3676,21,21,407.697247706422,115.57836726711325,1,260.60804899387574,157.0757578383149
3677,21,21,407.697247706422,115.57836726711325,2,274.3390151515151,156.84850248663304
3678,21,21,407.697247706422,115.57836726711325,3,276.9876893939394,156.3314586600813
3679,21,21,407.697247706422,115.57836726711325,4,266.41059027777777,133.13336333677248
3680,21,21,407.697247706422,115.57836726711325,5,232.02517361111111,131.47269909808895
3681,21,21,407.697247706422,115.57836726711325,6,208.19184027777777,104.08060351089699
3682,21,22,400.27777777777777,124.5741849428667,0,234.10850694444446,143.34338252667732
3683,21,22,400.27777777777777,124.5741849428667,1,260.60804899387574,157.0757578383149
3684,21,22,400.27777777777777,124.5741849428667,2,274.3390151515151,156.84850248663304
3685,21,22,400.27777777777777,124.5741849428667,3,276.9876893939394,156.3314586600813
3686,21,22,400.27777777777777,124.5741849428667,4,266.41059027777777,133.13336333677248
3687,21,22,400.27777777777777,124.5741849428667,5,232.02517361111111,131.47269909808895
3688,21,22,400.27777777777777,124.5741849428667,6,208.19184027777777,104.08060351089699
3689,21,23,315.25925925925924,115.89477214790277,0,234.10850694444446,143.34338252667732
3690,21,23,315.25925925925924,115.89477214790277,1,260.60804899387574,157.0757578383149
3691,21,23,315.25925925925924,115.89477214790277,2,274.3390151515151,156.84850248663304
3692,21,23,315.25925925925924,115.89477214790277,3,276.9876893939394,156.3314586600813
3693,21,23,315.25925925925924,115.89477214790277,4,266.41059027777777,133.13336333677248
3694,21,23,315.25925925925924,115.89477214790277,5,232.02517361111111,131.47269909808895
3695,21,23,315.25925925925924,115.89477214790277,6,208.19184027777777,104.08060351089699
3696,22,0,54.25609756097561,38.042969742173234,0,11.145833333333334,10.819484788381196
3697,22,0,54.25609756097561,38.042969742173234,1,10.328958880139982,10.530678701958239
3698,22,0,54.25609756097561,38.042969742173234,2,11.836174242424242,12.436784536812887
3699,22,0,54.25609756097561,38.042969742173234,3,12.436553030303031,13.86405728531354
3700,22,0,54.25609756097561,38.042969742173234,4,18.315104166666668,25.832929389118803
3701,22,0,54.25609756097561,38.042969742173234,5,28.24826388888889,30.119469567486394
3702,22,0,54.25609756097561,38.042969742173234,6,28.8125,36.414825701117216
3703,22,1,46.59756097560975,42.813759186555245,0,11.145833333333334,10.819484788381196
3704,22,1,46.59756097560975,42.813759186555245,1,10.328958880139982,10.530678701958239
3705,22,1,46.59756097560975,42.813759186555245,2,11.836174242424242,12.436784536812887
3706,22,1,46.59756097560975,42.813759186555245,3,12.436553030303031,13.86405728531354
3707,22,1,46.59756097560975,42.813759186555245,4,18.315104166666668,25.832929389118803
3708,22,1,46.59756097560975,42.813759186555245,5,28.24826388888889,30.119469567486394
3709,22,1,46.59756097560975,42.813759186555245,6,28.8125,36.414825701117216
3710,22,2,37.417682926829265,38.69830684168131,0,11.145833333333334,10.819484788381196
3711,22,2,37.417682926829265,38.69830684168131,1,10.328958880139982,10.530678701958239
3712,22,2,37.417682926829265,38.69830684168131,2,11.836174242424242,12.436784536812887
3713,22,2,37.417682926829265,38.69830684168131,3,12.436553030303031,13.86405728531354
3714,22,2,37.417682926829265,38.69830684168131,4,18.315104166666668,25.832929389118803
3715,22,2,37.417682926829265,38.69830684168131,5,28.24826388888889,30.119469567486394
3716,22,2,37.417682926829265,38.69830684168131,6,28.8125,36.414825701117216
3717,22,3,29.25609756097561,34.06866998625944,0,11.145833333333334,10.819484788381196
3718,22,3,29.25609756097561,34.06866998625944,1,10.328958880139982,10.530678701958239
3719,22,3,29.25609756097561,34.06866998625944,2,11.836174242424242,12.436784536812887
3720,22,3,29.25609756097561,34.06866998625944,3,12.436553030303031,13.86405728531354
3721,22,3,29.25609756097561,34.06866998625944,4,18.315104166666668,25.832929389118803
3722,22,3,29.25609756097561,34.06866998625944,5,28.24826388888889,30.119469567486394
3723,22,3,29.25609756097561,34.06866998625944,6,28.8125,36.414825701117216
3724,22,4,21.121951219512194,25.49300569372638,0,11.145833333333334,10.819484788381196
3725,22,4,21.121951219512194,25.49300569372638,1,10.328958880139982,10.530678701958239
3726,22,4,21.121951219512194,25.49300569372638,2,11.836174242424242,12.436784536812887
3727,22,4,21.121951219512194,25.49300569372638,3,12.436553030303031,13.86405728531354
3728,22,4,21.121951219512194,25.49300569372638,4,18.315104166666668,25.832929389118803
3729,22,4,21.121951219512194,25.49300569372638,5,28.24826388888889,30.119469567486394
3730,22,4,21.121951219512194,25.49300569372638,6,28.8125,36.414825701117216
3731,22,5,6.814024390243903,7.322132568109451,0,11.145833333333334,10.819484788381196
3732,22,5,6.814024390243903,7.322132568109451,1,10.328958880139982,10.530678701958239
3733,22,5,6.814024390243903,7.322132568109451,2,11.836174242424242,12.436784536812887
3734,22,5,6.814024390243903,7.322132568109451,3,12.436553030303031,13.86405728531354
3735,22,5,6.814024390243903,7.322132568109451,4,18.315104166666668,25.832929389118803
3736,22,5,6.814024390243903,7.322132568109451,5,28.24826388888889,30.119469567486394
3737,22,5,6.814024390243903,7.322132568109451,6,28.8125,36.414825701117216
3738,22,6,5.189024390243903,4.159025588584193,0,11.145833333333334,10.819484788381196
3739,22,6,5.189024390243903,4.159025588584193,1,10.328958880139982,10.530678701958239
3740,22,6,5.189024390243903,4.159025588584193,2,11.836174242424242,12.436784536812887
3741,22,6,5.189024390243903,4.159025588584193,3,12.436553030303031,13.86405728531354
3742,22,6,5.189024390243903,4.159025588584193,4,18.315104166666668,25.832929389118803
3743,22,6,5.189024390243903,4.159025588584193,5,28.24826388888889,30.119469567486394
3744,22,6,5.189024390243903,4.159025588584193,6,28.8125,36.414825701117216
3745,22,7,4.539634146341464,3.1966557238482993,0,11.145833333333334,10.819484788381196
3746,22,7,4.539634146341464,3.1966557238482993,1,10.328958880139982,10.530678701958239
3747,22,7,4.539634146341464,3.1966557238482993,2,11.836174242424242,12.436784536812887
3748,22,7,4.539634146341464,3.1966557238482993,3,12.436553030303031,13.86405728531354
3749,22,7,4.539634146341464,3.1966557238482993,4,18.315104166666668,25.832929389118803
3750,22,7,4.539634146341464,3.1966557238482993,5,28.24826388888889,30.119469567486394
3751,22,7,4.539634146341464,3.1966557238482993,6,28.8125,36.414825701117216
3752,22,8,5.432926829268292,3.018051901315371,0,11.145833333333334,10.819484788381196
3753,22,8,5.432926829268292,3.018051901315371,1,10.328958880139982,10.530678701958239
3754,22,8,5.432926829268292,3.018051901315371,2,11.836174242424242,12.436784536812887
3755,22,8,5.432926829268292,3.018051901315371,3,12.436553030303031,13.86405728531354
3756,22,8,5.432926829268292,3.018051901315371,4,18.315104166666668,25.832929389118803
3757,22,8,5.432926829268292,3.018051901315371,5,28.24826388888889,30.119469567486394
3758,22,8,5.432926829268292,3.018051901315371,6,28.8125,36.414825701117216
3759,22,9,5.067073170731708,3.0028143731784818,0,11.145833333333334,10.819484788381196
3760,22,9,5.067073170731708,3.0028143731784818,1,10.328958880139982,10.530678701958239
3761,22,9,5.067073170731708,3.0028143731784818,2,11.836174242424242,12.436784536812887
3762,22,9,5.067073170731708,3.0028143731784818,3,12.436553030303031,13.86405728531354
3763,22,9,5.067073170731708,3.0028143731784818,4,18.315104166666668,25.832929389118803
3764,22,9,5.067073170731708,3.0028143731784818,5,28.24826388888889,30.119469567486394
3765,22,9,5.067073170731708,3.0028143731784818,6,28.8125,36.414825701117216
3766,22,10,4.649390243902439,3.291486505989264,0,11.145833333333334,10.819484788381196
3767,22,10,4.649390243902439,3.291486505989264,1,10.328958880139982,10.530678701958239
3768,22,10,4.649390243902439,3.291486505989264,2,11.836174242424242,12.436784536812887
3769,22,10,4.649390243902439,3.291486505989264,3,12.436553030303031,13.86405728531354
3770,22,10,4.649390243902439,3.291486505989264,4,18.315104166666668,25.832929389118803
3771,22,10,4.649390243902439,3.291486505989264,5,28.24826388888889,30.119469567486394
3772,22,10,4.649390243902439,3.291486505989264,6,28.8125,36.414825701117216
3773,22,11,5.0060975609756095,4.139755715612717,0,11.145833333333334,10.819484788381196
3774,22,11,5.0060975609756095,4.139755715612717,1,10.328958880139982,10.530678701958239
3775,22,11,5.0060975609756095,4.139755715612717,2,11.836174242424242,12.436784536812887
3776,22,11,5.0060975609756095,4.139755715612717,3,12.436553030303031,13.86405728531354
3777,22,11,5.0060975609756095,4.139755715612717,4,18.315104166666668,25.832929389118803
3778,22,11,5.0060975609756095,4.139755715612717,5,28.24826388888889,30.119469567486394
3779,22,11,5.0060975609756095,4.139755715612717,6,28.8125,36.414825701117216
3780,22,12,6.1676829268292686,5.759655485530466,0,11.145833333333334,10.819484788381196
3781,22,12,6.1676829268292686,5.759655485530466,1,10.328958880139982,10.530678701958239
3782,22,12,6.1676829268292686,5.759655485530466,2,11.836174242424242,12.436784536812887
3783,22,12,6.1676829268292686,5.759655485530466,3,12.436553030303031,13.86405728531354
3784,22,12,6.1676829268292686,5.759655485530466,4,18.315104166666668,25.832929389118803
3785,22,12,6.1676829268292686,5.759655485530466,5,28.24826388888889,30.119469567486394
3786,22,12,6.1676829268292686,5.759655485530466,6,28.8125,36.414825701117216
3787,22,13,6.5823170731707314,5.140763945365572,0,11.145833333333334,10.819484788381196
3788,22,13,6.5823170731707314,5.140763945365572,1,10.328958880139982,10.530678701958239
3789,22,13,6.5823170731707314,5.140763945365572,2,11.836174242424242,12.436784536812887
3790,22,13,6.5823170731707314,5.140763945365572,3,12.436553030303031,13.86405728531354
3791,22,13,6.5823170731707314,5.140763945365572,4,18.315104166666668,25.832929389118803
3792,22,13,6.5823170731707314,5.140763945365572,5,28.24826388888889,30.119469567486394
3793,22,13,6.5823170731707314,5.140763945365572,6,28.8125,36.414825701117216
3794,22,14,6.646341463414634,5.310820876141372,0,11.145833333333334,10.819484788381196
3795,22,14,6.646341463414634,5.310820876141372,1,10.328958880139982,10.530678701958239
3796,22,14,6.646341463414634,5.310820876141372,2,11.836174242424242,12.436784536812887
3797,22,14,6.646341463414634,5.310820876141372,3,12.436553030303031,13.86405728531354
3798,22,14,6.646341463414634,5.310820876141372,4,18.315104166666668,25.832929389118803
3799,22,14,6.646341463414634,5.310820876141372,5,28.24826388888889,30.119469567486394
3800,22,14,6.646341463414634,5.310820876141372,6,28.8125,36.414825701117216
3801,22,15,6.652439024390244,4.712653942611844,0,11.145833333333334,10.819484788381196
3802,22,15,6.652439024390244,4.712653942611844,1,10.328958880139982,10.530678701958239
3803,22,15,6.652439024390244,4.712653942611844,2,11.836174242424242,12.436784536812887
3804,22,15,6.652439024390244,4.712653942611844,3,12.436553030303031,13.86405728531354
3805,22,15,6.652439024390244,4.712653942611844,4,18.315104166666668,25.832929389118803
3806,22,15,6.652439024390244,4.712653942611844,5,28.24826388888889,30.119469567486394
3807,22,15,6.652439024390244,4.712653942611844,6,28.8125,36.414825701117216
3808,22,16,6.564024390243903,5.80484230210507,0,11.145833333333334,10.819484788381196
3809,22,16,6.564024390243903,5.80484230210507,1,10.328958880139982,10.530678701958239
3810,22,16,6.564024390243903,5.80484230210507,2,11.836174242424242,12.436784536812887
3811,22,16,6.564024390243903,5.80484230210507,3,12.436553030303031,13.86405728531354
3812,22,16,6.564024390243903,5.80484230210507,4,18.315104166666668,25.832929389118803
3813,22,16,6.564024390243903,5.80484230210507,5,28.24826388888889,30.119469567486394
3814,22,16,6.564024390243903,5.80484230210507,6,28.8125,36.414825701117216
3815,22,17,9.018292682926829,9.766054021119917,0,11.145833333333334,10.819484788381196
3816,22,17,9.018292682926829,9.766054021119917,1,10.328958880139982,10.530678701958239
3817,22,17,9.018292682926829,9.766054021119917,2,11.836174242424242,12.436784536812887
3818,22,17,9.018292682926829,9.766054021119917,3,12.436553030303031,13.86405728531354
3819,22,17,9.018292682926829,9.766054021119917,4,18.315104166666668,25.832929389118803
3820,22,17,9.018292682926829,9.766054021119917,5,28.24826388888889,30.119469567486394
3821,22,17,9.018292682926829,9.766054021119917,6,28.8125,36.414825701117216
3822,22,18,13.679878048780488,9.215627465752341,0,11.145833333333334,10.819484788381196
3823,22,18,13.679878048780488,9.215627465752341,1,10.328958880139982,10.530678701958239
3824,22,18,13.679878048780488,9.215627465752341,2,11.836174242424242,12.436784536812887
3825,22,18,13.679878048780488,9.215627465752341,3,12.436553030303031,13.86405728531354
3826,22,18,13.679878048780488,9.215627465752341,4,18.315104166666668,25.832929389118803
3827,22,18,13.679878048780488,9.215627465752341,5,28.24826388888889,30.119469567486394
3828,22,18,13.679878048780488,9.215627465752341,6,28.8125,36.414825701117216
3829,22,19,17.021341463414632,8.947493901905515,0,11.145833333333334,10.819484788381196
3830,22,19,17.021341463414632,8.947493901905515,1,10.328958880139982,10.530678701958239
3831,22,19,17.021341463414632,8.947493901905515,2,11.836174242424242,12.436784536812887
3832,22,19,17.021341463414632,8.947493901905515,3,12.436553030303031,13.86405728531354
3833,22,19,17.021341463414632,8.947493901905515,4,18.315104166666668,25.832929389118803
3834,22,19,17.021341463414632,8.947493901905515,5,28.24826388888889,30.119469567486394
3835,22,19,17.021341463414632,8.947493901905515,6,28.8125,36.414825701117216
3836,22,20,19.097560975609756,7.275882419403166,0,11.145833333333334,10.819484788381196
3837,22,20,19.097560975609756,7.275882419403166,1,10.328958880139982,10.530678701958239
3838,22,20,19.097560975609756,7.275882419403166,2,11.836174242424242,12.436784536812887
3839,22,20,19.097560975609756,7.275882419403166,3,12.436553030303031,13.86405728531354
3840,22,20,19.097560975609756,7.275882419403166,4,18.315104166666668,25.832929389118803
3841,22,20,19.097560975609756,7.275882419403166,5,28.24826388888889,30.119469567486394
3842,22,20,19.097560975609756,7.275882419403166,6,28.8125,36.414825701117216
3843,22,21,23.65137614678899,7.289427776092226,0,11.145833333333334,10.819484788381196
3844,22,21,23.65137614678899,7.289427776092226,1,10.328958880139982,10.530678701958239
3845,22,21,23.65137614678899,7.289427776092226,2,11.836174242424242,12.436784536812887
3846,22,21,23.65137614678899,7.289427776092226,3,12.436553030303031,13.86405728531354
3847,22,21,23.65137614678899,7.289427776092226,4,18.315104166666668,25.832929389118803
3848,22,21,23.65137614678899,7.289427776092226,5,28.24826388888889,30.119469567486394
3849,22,21,23.65137614678899,7.289427776092226,6,28.8125,36.414825701117216
3850,22,22,32.00617283950617,12.010313892511693,0,11.145833333333334,10.819484788381196
3851,22,22,32.00617283950617,12.010313892511693,1,10.328958880139982,10.530678701958239
3852,22,22,32.00617283950617,12.010313892511693,2,11.836174242424242,12.436784536812887
3853,22,22,32.00617283950617,12.010313892511693,3,12.436553030303031,13.86405728531354
3854,22,22,32.00617283950617,12.010313892511693,4,18.315104166666668,25.832929389118803
3855,22,22,32.00617283950617,12.010313892511693,5,28.24826388888889,30.119469567486394
3856,22,22,32.00617283950617,12.010313892511693,6,28.8125,36.414825701117216
3857,22,23,46.617283950617285,23.28518464988381,0,11.145833333333334,10.819484788381196
3858,22,23,46.617283950617285,23.28518464988381,1,10.328958880139982,10.530678701958239
3859,22,23,46.617283950617285,23.28518464988381,2,11.836174242424242,12.436784536812887
3860,22,23,46.617283950617285,23.28518464988381,3,12.436553030303031,13.86405728531354
3861,22,23,46.617283950617285,23.28518464988381,4,18.315104166666668,25.832929389118803
3862,22,23,46.617283950617285,23.28518464988381,5,28.24826388888889,30.119469567486394
3863,22,23,46.617283950617285,23.28518464988381,6,28.8125,36.414825701117216
3864,23,0,10.832317073170731,7.4270720271247574,0,5.106770833333333,3.384929443765441
3865,23,0,10.832317073170731,7.4270720271247574,1,5.0218722659667545,3.9278133015942984
3866,23,0,10.832317073170731,7.4270720271247574,2,5.113636363636363,3.3944984254723485
3867,23,0,10.832317073170731,7.4270720271247574,3,5.382575757575758,3.4804040994799963
3868,23,0,10.832317073170731,7.4270720271247574,4,6.555555555555555,6.180210313357294
3869,23,0,10.832317073170731,7.4270720271247574,5,8.639756944444445,5.938103785712315
3870,23,0,10.832317073170731,7.4270720271247574,6,7.672743055555555,5.903924104916621
3871,23,1,8.996951219512194,7.588619547705306,0,5.106770833333333,3.384929443765441
3872,23,1,8.996951219512194,7.588619547705306,1,5.0218722659667545,3.9278133015942984
3873,23,1,8.996951219512194,7.588619547705306,2,5.113636363636363,3.3944984254723485
3874,23,1,8.996951219512194,7.588619547705306,3,5.382575757575758,3.4804040994799963
3875,23,1,8.996951219512194,7.588619547705306,4,6.555555555555555,6.180210313357294
3876,23,1,8.996951219512194,7.588619547705306,5,8.639756944444445,5.938103785712315
3877,23,1,8.996951219512194,7.588619547705306,6,7.672743055555555,5.903924104916621
3878,23,2,7.213414634146342,7.967261178719957,0,5.106770833333333,3.384929443765441
3879,23,2,7.213414634146342,7.967261178719957,1,5.0218722659667545,3.9278133015942984
3880,23,2,7.213414634146342,7.967261178719957,2,5.113636363636363,3.3944984254723485
3881,23,2,7.213414634146342,7.967261178719957,3,5.382575757575758,3.4804040994799963
3882,23,2,7.213414634146342,7.967261178719957,4,6.555555555555555,6.180210313357294
3883,23,2,7.213414634146342,7.967261178719957,5,8.639756944444445,5.938103785712315
3884,23,2,7.213414634146342,7.967261178719957,6,7.672743055555555,5.903924104916621
3885,23,3,5.496951219512195,5.7840857677654665,0,5.106770833333333,3.384929443765441
3886,23,3,5.496951219512195,5.7840857677654665,1,5.0218722659667545,3.9278133015942984
3887,23,3,5.496951219512195,5.7840857677654665,2,5.113636363636363,3.3944984254723485
3888,23,3,5.496951219512195,5.7840857677654665,3,5.382575757575758,3.4804040994799963
3889,23,3,5.496951219512195,5.7840857677654665,4,6.555555555555555,6.180210313357294
3890,23,3,5.496951219512195,5.7840857677654665,5,8.639756944444445,5.938103785712315
3891,23,3,5.496951219512195,5.7840857677654665,6,7.672743055555555,5.903924104916621
3892,23,4,4.914634146341464,4.204122687572735,0,5.106770833333333,3.384929443765441
3893,23,4,4.914634146341464,4.204122687572735,1,5.0218722659667545,3.9278133015942984
3894,23,4,4.914634146341464,4.204122687572735,2,5.113636363636363,3.3944984254723485
3895,23,4,4.914634146341464,4.204122687572735,3,5.382575757575758,3.4804040994799963
3896,23,4,4.914634146341464,4.204122687572735,4,6.555555555555555,6.180210313357294
3897,23,4,4.914634146341464,4.204122687572735,5,8.639756944444445,5.938103785712315
3898,23,4,4.914634146341464,4.204122687572735,6,7.672743055555555,5.903924104916621
3899,23,5,3.573170731707317,2.693430620786035,0,5.106770833333333,3.384929443765441
3900,23,5,3.573170731707317,2.693430620786035,1,5.0218722659667545,3.9278133015942984
3901,23,5,3.573170731707317,2.693430620786035,2,5.113636363636363,3.3944984254723485
3902,23,5,3.573170731707317,2.693430620786035,3,5.382575757575758,3.4804040994799963
3903,23,5,3.573170731707317,2.693430620786035,4,6.555555555555555,6.180210313357294
3904,23,5,3.573170731707317,2.693430620786035,5,8.639756944444445,5.938103785712315
3905,23,5,3.573170731707317,2.693430620786035,6,7.672743055555555,5.903924104916621
3906,23,6,3.9146341463414633,2.5507747555418057,0,5.106770833333333,3.384929443765441
3907,23,6,3.9146341463414633,2.5507747555418057,1,5.0218722659667545,3.9278133015942984
3908,23,6,3.9146341463414633,2.5507747555418057,2,5.113636363636363,3.3944984254723485
3909,23,6,3.9146341463414633,2.5507747555418057,3,5.382575757575758,3.4804040994799963
3910,23,6,3.9146341463414633,2.5507747555418057,4,6.555555555555555,6.180210313357294
3911,23,6,3.9146341463414633,2.5507747555418057,5,8.639756944444445,5.938103785712315
3912,23,6,3.9146341463414633,2.5507747555418057,6,7.672743055555555,5.903924104916621
3913,23,7,4.182926829268292,2.3350961385521245,0,5.106770833333333,3.384929443765441
3914,23,7,4.182926829268292,2.3350961385521245,1,5.0218722659667545,3.9278133015942984
3915,23,7,4.182926829268292,2.3350961385521245,2,5.113636363636363,3.3944984254723485
3916,23,7,4.182926829268292,2.3350961385521245,3,5.382575757575758,3.4804040994799963
3917,23,7,4.182926829268292,2.3350961385521245,4,6.555555555555555,6.180210313357294
3918,23,7,4.182926829268292,2.3350961385521245,5,8.639756944444445,5.938103785712315
3919,23,7,4.182926829268292,2.3350961385521245,6,7.672743055555555,5.903924104916621
3920,23,8,5.1432926829268295,3.031065074514266,0,5.106770833333333,3.384929443765441
3921,23,8,5.1432926829268295,3.031065074514266,1,5.0218722659667545,3.9278133015942984
3922,23,8,5.1432926829268295,3.031065074514266,2,5.113636363636363,3.3944984254723485
3923,23,8,5.1432926829268295,3.031065074514266,3,5.382575757575758,3.4804040994799963
3924,23,8,5.1432926829268295,3.031065074514266,4,6.555555555555555,6.180210313357294
3925,23,8,5.1432926829268295,3.031065074514266,5,8.639756944444445,5.938103785712315
3926,23,8,5.1432926829268295,3.031065074514266,6,7.672743055555555,5.903924104916621
3927,23,9,4.365853658536586,2.927303484618039,0,5.106770833333333,3.384929443765441
3928,23,9,4.365853658536586,2.927303484618039,1,5.0218722659667545,3.9278133015942984
3929,23,9,4.365853658536586,2.927303484618039,2,5.113636363636363,3.3944984254723485
3930,23,9,4.365853658536586,2.927303484618039,3,5.382575757575758,3.4804040994799963
3931,23,9,4.365853658536586,2.927303484618039,4,6.555555555555555,6.180210313357294
3932,23,9,4.365853658536586,2.927303484618039,5,8.639756944444445,5.938103785712315
3933,23,9,4.365853658536586,2.927303484618039,6,7.672743055555555,5.903924104916621
3934,23,10,3.8810975609756095,2.659219036949986,0,5.106770833333333,3.384929443765441
3935,23,10,3.8810975609756095,2.659219036949986,1,5.0218722659667545,3.9278133015942984
3936,23,10,3.8810975609756095,2.659219036949986,2,5.113636363636363,3.3944984254723485
3937,23,10,3.8810975609756095,2.659219036949986,3,5.382575757575758,3.4804040994799963
3938,23,10,3.8810975609756095,2.659219036949986,4,6.555555555555555,6.180210313357294
3939,23,10,3.8810975609756095,2.659219036949986,5,8.639756944444445,5.938103785712315
3940,23,10,3.8810975609756095,2.659219036949986,6,7.672743055555555,5.903924104916621
3941,23,11,4.253048780487805,3.185401021431675,0,5.106770833333333,3.384929443765441
3942,23,11,4.253048780487805,3.185401021431675,1,5.0218722659667545,3.9278133015942984
3943,23,11,4.253048780487805,3.185401021431675,2,5.113636363636363,3.3944984254723485
3944,23,11,4.253048780487805,3.185401021431675,3,5.382575757575758,3.4804040994799963
3945,23,11,4.253048780487805,3.185401021431675,4,6.555555555555555,6.180210313357294
3946,23,11,4.253048780487805,3.185401021431675,5,8.639756944444445,5.938103785712315
3947,23,11,4.253048780487805,3.185401021431675,6,7.672743055555555,5.903924104916621
3948,23,12,5.103658536585366,4.379014317251248,0,5.106770833333333,3.384929443765441
3949,23,12,5.103658536585366,4.379014317251248,1,5.0218722659667545,3.9278133015942984
3950,23,12,5.103658536585366,4.379014317251248,2,5.113636363636363,3.3944984254723485
3951,23,12,5.103658536585366,4.379014317251248,3,5.382575757575758,3.4804040994799963
3952,23,12,5.103658536585366,4.379014317251248,4,6.555555555555555,6.180210313357294
3953,23,12,5.103658536585366,4.379014317251248,5,8.639756944444445,5.938103785712315
3954,23,12,5.103658536585366,4.379014317251248,6,7.672743055555555,5.903924104916621
3955,23,13,4.905487804878049,3.0137656258503673,0,5.106770833333333,3.384929443765441
3956,23,13,4.905487804878049,3.0137656258503673,1,5.0218722659667545,3.9278133015942984
3957,23,13,4.905487804878049,3.0137656258503673,2,5.113636363636363,3.3944984254723485
3958,23,13,4.905487804878049,3.0137656258503673,3,5.382575757575758,3.4804040994799963
3959,23,13,4.905487804878049,3.0137656258503673,4,6.555555555555555,6.180210313357294
3960,23,13,4.905487804878049,3.0137656258503673,5,8.639756944444445,5.938103785712315
3961,23,13,4.905487804878049,3.0137656258503673,6,7.672743055555555,5.903924104916621
3962,23,14,4.8567073170731705,2.684344260670265,0,5.106770833333333,3.384929443765441
3963,23,14,4.8567073170731705,2.684344260670265,1,5.0218722659667545,3.9278133015942984
3964,23,14,4.8567073170731705,2.684344260670265,2,5.113636363636363,3.3944984254723485
3965,23,14,4.8567073170731705,2.684344260670265,3,5.382575757575758,3.4804040994799963
3966,23,14,4.8567073170731705,2.684344260670265,4,6.555555555555555,6.180210313357294
3967,23,14,4.8567073170731705,2.684344260670265,5,8.639756944444445,5.938103785712315
3968,23,14,4.8567073170731705,2.684344260670265,6,7.672743055555555,5.903924104916621
3969,23,15,4.753048780487805,2.514178114999704,0,5.106770833333333,3.384929443765441
3970,23,15,4.753048780487805,2.514178114999704,1,5.0218722659667545,3.9278133015942984
3971,23,15,4.753048780487805,2.514178114999704,2,5.113636363636363,3.3944984254723485
3972,23,15,4.753048780487805,2.514178114999704,3,5.382575757575758,3.4804040994799963
3973,23,15,4.753048780487805,2.514178114999704,4,6.555555555555555,6.180210313357294
3974,23,15,4.753048780487805,2.514178114999704,5,8.639756944444445,5.938103785712315
3975,23,15,4.753048780487805,2.514178114999704,6,7.672743055555555,5.903924104916621
3976,23,16,6.048780487804878,3.4389474210157793,0,5.106770833333333,3.384929443765441
3977,23,16,6.048780487804878,3.4389474210157793,1,5.0218722659667545,3.9278133015942984
3978,23,16,6.048780487804878,3.4389474210157793,2,5.113636363636363,3.3944984254723485
3979,23,16,6.048780487804878,3.4389474210157793,3,5.382575757575758,3.4804040994799963
3980,23,16,6.048780487804878,3.4389474210157793,4,6.555555555555555,6.180210313357294
3981,23,16,6.048780487804878,3.4389474210157793,5,8.639756944444445,5.938103785712315
3982,23,16,6.048780487804878,3.4389474210157793,6,7.672743055555555,5.903924104916621
3983,23,17,6.399390243902439,3.407439189317302,0,5.106770833333333,3.384929443765441
3984,23,17,6.399390243902439,3.407439189317302,1,5.0218722659667545,3.9278133015942984
3985,23,17,6.399390243902439,3.407439189317302,2,5.113636363636363,3.3944984254723485
3986,23,17,6.399390243902439,3.407439189317302,3,5.382575757575758,3.4804040994799963
3987,23,17,6.399390243902439,3.407439189317302,4,6.555555555555555,6.180210313357294
3988,23,17,6.399390243902439,3.407439189317302,5,8.639756944444445,5.938103785712315
3989,23,17,6.399390243902439,3.407439189317302,6,7.672743055555555,5.903924104916621
3990,23,18,6.652439024390244,3.5497245656083583,0,5.106770833333333,3.384929443765441
3991,23,18,6.652439024390244,3.5497245656083583,1,5.0218722659667545,3.9278133015942984
3992,23,18,6.652439024390244,3.5497245656083583,2,5.113636363636363,3.3944984254723485
3993,23,18,6.652439024390244,3.5497245656083583,3,5.382575757575758,3.4804040994799963
3994,23,18,6.652439024390244,3.5497245656083583,4,6.555555555555555,6.180210313357294
3995,23,18,6.652439024390244,3.5497245656083583,5,8.639756944444445,5.938103785712315
3996,23,18,6.652439024390244,3.5497245656083583,6,7.672743055555555,5.903924104916621
3997,23,19,7.487804878048781,3.8432399126298593,0,5.106770833333333,3.384929443765441
3998,23,19,7.487804878048781,3.8432399126298593,1,5.0218722659667545,3.9278133015942984
3999,23,19,7.487804878048781,3.8432399126298593,2,5.113636363636363,3.3944984254723485
4000,23,19,7.487804878048781,3.8432399126298593,3,5.382575757575758,3.4804040994799963
4001,23,19,7.487804878048781,3.8432399126298593,4,6.555555555555555,6.180210313357294
4002,23,19,7.487804878048781,3.8432399126298593,5,8.639756944444445,5.938103785712315
4003,23,19,7.487804878048781,3.8432399126298593,6,7.672743055555555,5.903924104916621
4004,23,20,7.512195121951219,3.8646643632675373,0,5.106770833333333,3.384929443765441
4005,23,20,7.512195121951219,3.8646643632675373,1,5.0218722659667545,3.9278133015942984
4006,23,20,7.512195121951219,3.8646643632675373,2,5.113636363636363,3.3944984254723485
4007,23,20,7.512195121951219,3.8646643632675373,3,5.382575757575758,3.4804040994799963
4008,23,20,7.512195121951219,3.8646643632675373,4,6.555555555555555,6.180210313357294
4009,23,20,7.512195121951219,3.8646643632675373,5,8.639756944444445,5.938103785712315
4010,23,20,7.512195121951219,3.8646643632675373,6,7.672743055555555,5.903924104916621
4011,23,21,8.492354740061161,5.879080853114239,0,5.106770833333333,3.384929443765441
4012,23,21,8.492354740061161,5.879080853114239,1,5.0218722659667545,3.9278133015942984
4013,23,21,8.492354740061161,5.879080853114239,2,5.113636363636363,3.3944984254723485
4014,23,21,8.492354740061161,5.879080853114239,3,5.382575757575758,3.4804040994799963
4015,23,21,8.492354740061161,5.879080853114239,4,6.555555555555555,6.180210313357294
4016,23,21,8.492354740061161,5.879080853114239,5,8.639756944444445,5.938103785712315
4017,23,21,8.492354740061161,5.879080853114239,6,7.672743055555555,5.903924104916621
4018,23,22,9.688271604938272,4.86776069841401,0,5.106770833333333,3.384929443765441
4019,23,22,9.688271604938272,4.86776069841401,1,5.0218722659667545,3.9278133015942984
4020,23,22,9.688271604938272,4.86776069841401,2,5.113636363636363,3.3944984254723485
4021,23,22,9.688271604938272,4.86776069841401,3,5.382575757575758,3.4804040994799963
4022,23,22,9.688271604938272,4.86776069841401,4,6.555555555555555,6.180210313357294
4023,23,22,9.688271604938272,4.86776069841401,5,8.639756944444445,5.938103785712315
4024,23,22,9.688271604938272,4.86776069841401,6,7.672743055555555,5.903924104916621
4025,23,23,11.157407407407407,5.889322926025012,0,5.106770833333333,3.384929443765441
4026,23,23,11.157407407407407,5.889322926025012,1,5.0218722659667545,3.9278133015942984
4027,23,23,11.157407407407407,5.889322926025012,2,5.113636363636363,3.3944984254723485
4028,23,23,11.157407407407407,5.889322926025012,3,5.382575757575758,3.4804040994799963
4029,23,23,11.157407407407407,5.889322926025012,4,6.555555555555555,6.180210313357294
4030,23,23,11.157407407407407,5.889322926025012,5,8.639756944444445,5.938103785712315
4031,23,23,11.157407407407407,5.889322926025012,6,7.672743055555555,5.903924104916621
4032,24,0,208.29268292682926,126.24259329639442,0,140.70052083333334,79.1768560011522
4033,24,0,208.29268292682926,126.24259329639442,1,154.6097987751531,90.71173125683747
4034,24,0,208.29268292682926,126.24259329639442,2,167.1098484848485,95.08158261804643
4035,24,0,208.29268292682926,126.24259329639442,3,181.71117424242425,102.30970965741146
4036,24,0,208.29268292682926,126.24259329639442,4,188.33506944444446,96.45549098104689
4037,24,0,208.29268292682926,126.24259329639442,5,205.74392361111111,123.15094062479834
4038,24,0,208.29268292682926,126.24259329639442,6,175.67100694444446,108.51458285866651
4039,24,1,165.53963414634146,138.4537755556524,0,140.70052083333334,79.1768560011522
4040,24,1,165.53963414634146,138.4537755556524,1,154.6097987751531,90.71173125683747
4041,24,1,165.53963414634146,138.4537755556524,2,167.1098484848485,95.08158261804643
4042,24,1,165.53963414634146,138.4537755556524,3,181.71117424242425,102.30970965741146
4043,24,1,165.53963414634146,138.4537755556524,4,188.33506944444446,96.45549098104689
4044,24,1,165.53963414634146,138.4537755556524,5,205.74392361111111,123.15094062479834
4045,24,1,165.53963414634146,138.4537755556524,6,175.67100694444446,108.51458285866651
4046,24,2,123.39939024390245,123.0973941234908,0,140.70052083333334,79.1768560011522
4047,24,2,123.39939024390245,123.0973941234908,1,154.6097987751531,90.71173125683747
4048,24,2,123.39939024390245,123.0973941234908,2,167.1098484848485,95.08158261804643
4049,24,2,123.39939024390245,123.0973941234908,3,181.71117424242425,102.30970965741146
4050,24,2,123.39939024390245,123.0973941234908,4,188.33506944444446,96.45549098104689
4051,24,2,123.39939024390245,123.0973941234908,5,205.74392361111111,123.15094062479834
4052,24,2,123.39939024390245,123.0973941234908,6,175.67100694444446,108.51458285866651
4053,24,3,88.17682926829268,91.88008645600755,0,140.70052083333334,79.1768560011522
4054,24,3,88.17682926829268,91.88008645600755,1,154.6097987751531,90.71173125683747
4055,24,3,88.17682926829268,91.88008645600755,2,167.1098484848485,95.08158261804643
4056,24,3,88.17682926829268,91.88008645600755,3,181.71117424242425,102.30970965741146
4057,24,3,88.17682926829268,91.88008645600755,4,188.33506944444446,96.45549098104689
4058,24,3,88.17682926829268,91.88008645600755,5,205.74392361111111,123.15094062479834
4059,24,3,88.17682926829268,91.88008645600755,6,175.67100694444446,108.51458285866651
4060,24,4,53.3780487804878,56.917374578443194,0,140.70052083333334,79.1768560011522
4061,24,4,53.3780487804878,56.917374578443194,1,154.6097987751531,90.71173125683747
4062,24,4,53.3780487804878,56.917374578443194,2,167.1098484848485,95.08158261804643
4063,24,4,53.3780487804878,56.917374578443194,3,181.71117424242425,102.30970965741146
4064,24,4,53.3780487804878,56.917374578443194,4,188.33506944444446,96.45549098104689
4065,24,4,53.3780487804878,56.917374578443194,5,205.74392361111111,123.15094062479834
4066,24,4,53.3780487804878,56.917374578443194,6,175.67100694444446,108.51458285866651
4067,24,5,27.588414634146343,14.976784887028435,0,140.70052083333334,79.1768560011522
4068,24,5,27.588414634146343,14.976784887028435,1,154.6097987751531,90.71173125683747
4069,24,5,27.588414634146343,14.976784887028435,2,167.1098484848485,95.08158261804643
4070,24,5,27.588414634146343,14.976784887028435,3,181.71117424242425,102.30970965741146
4071,24,5,27.588414634146343,14.976784887028435,4,188.33506944444446,96.45549098104689
4072,24,5,27.588414634146343,14.976784887028435,5,205.74392361111111,123.15094062479834
4073,24,5,27.588414634146343,14.976784887028435,6,175.67100694444446,108.51458285866651
4074,24,6,48.46646341463415,26.399519913712407,0,140.70052083333334,79.1768560011522
4075,24,6,48.46646341463415,26.399519913712407,1,154.6097987751531,90.71173125683747
4076,24,6,48.46646341463415,26.399519913712407,2,167.1098484848485,95.08158261804643
4077,24,6,48.46646341463415,26.399519913712407,3,181.71117424242425,102.30970965741146
4078,24,6,48.46646341463415,26.399519913712407,4,188.33506944444446,96.45549098104689
4079,24,6,48.46646341463415,26.399519913712407,5,205.74392361111111,123.15094062479834
4080,24,6,48.46646341463415,26.399519913712407,6,175.67100694444446,108.51458285866651
4081,24,7,93.13414634146342,47.87126268134513,0,140.70052083333334,79.1768560011522
4082,24,7,93.13414634146342,47.87126268134513,1,154.6097987751531,90.71173125683747
4083,24,7,93.13414634146342,47.87126268134513,2,167.1098484848485,95.08158261804643
4084,24,7,93.13414634146342,47.87126268134513,3,181.71117424242425,102.30970965741146
4085,24,7,93.13414634146342,47.87126268134513,4,188.33506944444446,96.45549098104689
4086,24,7,93.13414634146342,47.87126268134513,5,205.74392361111111,123.15094062479834
4087,24,7,93.13414634146342,47.87126268134513,6,175.67100694444446,108.51458285866651
4088,24,8,132.8170731707317,59.083081098918825,0,140.70052083333334,79.1768560011522
4089,24,8,132.8170731707317,59.083081098918825,1,154.6097987751531,90.71173125683747
4090,24,8,132.8170731707317,59.083081098918825,2,167.1098484848485,95.08158261804643
4091,24,8,132.8170731707317,59.083081098918825,3,181.71117424242425,102.30970965741146
4092,24,8,132.8170731707317,59.083081098918825,4,188.33506944444446,96.45549098104689
4093,24,8,132.8170731707317,59.083081098918825,5,205.74392361111111,123.15094062479834
4094,24,8,132.8170731707317,59.083081098918825,6,175.67100694444446,108.51458285866651
4095,24,9,136.54573170731706,43.25697744796687,0,140.70052083333334,79.1768560011522
4096,24,9,136.54573170731706,43.25697744796687,1,154.6097987751531,90.71173125683747
4097,24,9,136.54573170731706,43.25697744796687,2,167.1098484848485,95.08158261804643
4098,24,9,136.54573170731706,43.25697744796687,3,181.71117424242425,102.30970965741146
4099,24,9,136.54573170731706,43.25697744796687,4,188.33506944444446,96.45549098104689
4100,24,9,136.54573170731706,43.25697744796687,5,205.74392361111111,123.15094062479834
4101,24,9,136.54573170731706,43.25697744796687,6,175.67100694444446,108.51458285866651
4102,24,10,143.5060975609756,32.88688740695402,0,140.70052083333334,79.1768560011522
4103,24,10,143.5060975609756,32.88688740695402,1,154.6097987751531,90.71173125683747
4104,24,10,143.5060975609756,32.88688740695402,2,167.1098484848485,95.08158261804643
4105,24,10,143.5060975609756,32.88688740695402,3,181.71117424242425,102.30970965741146
4106,24,10,143.5060975609756,32.88688740695402,4,188.33506944444446,96.45549098104689
4107,24,10,143.5060975609756,32.88688740695402,5,205.74392361111111,123.15094062479834
4108,24,10,143.5060975609756,32.88688740695402,6,175.67100694444446,108.51458285866651
4109,24,11,161.60060975609755,34.802398941798884,0,140.70052083333334,79.1768560011522
4110,24,11,161.60060975609755,34.802398941798884,1,154.6097987751531,90.71173125683747
4111,24,11,161.60060975609755,34.802398941798884,2,167.1098484848485,95.08158261804643
4112,24,11,161.60060975609755,34.802398941798884,3,181.71117424242425,102.30970965741146
4113,24,11,161.60060975609755,34.802398941798884,4,188.33506944444446,96.45549098104689
4114,24,11,161.60060975609755,34.802398941798884,5,205.74392361111111,123.15094062479834
4115,24,11,161.60060975609755,34.802398941798884,6,175.67100694444446,108.51458285866651
4116,24,12,178.77134146341464,37.234600109169634,0,140.70052083333334,79.1768560011522
4117,24,12,178.77134146341464,37.234600109169634,1,154.6097987751531,90.71173125683747
4118,24,12,178.77134146341464,37.234600109169634,2,167.1098484848485,95.08158261804643
4119,24,12,178.77134146341464,37.234600109169634,3,181.71117424242425,102.30970965741146
4120,24,12,178.77134146341464,37.234600109169634,4,188.33506944444446,96.45549098104689
4121,24,12,178.77134146341464,37.234600109169634,5,205.74392361111111,123.15094062479834
4122,24,12,178.77134146341464,37.234600109169634,6,175.67100694444446,108.51458285866651
4123,24,13,190.45731707317074,41.97339343791811,0,140.70052083333334,79.1768560011522
4124,24,13,190.45731707317074,41.97339343791811,1,154.6097987751531,90.71173125683747
4125,24,13,190.45731707317074,41.97339343791811,2,167.1098484848485,95.08158261804643
4126,24,13,190.45731707317074,41.97339343791811,3,181.71117424242425,102.30970965741146
4127,24,13,190.45731707317074,41.97339343791811,4,188.33506944444446,96.45549098104689
4128,24,13,190.45731707317074,41.97339343791811,5,205.74392361111111,123.15094062479834
4129,24,13,190.45731707317074,41.97339343791811,6,175.67100694444446,108.51458285866651
4130,24,14,205.7469512195122,43.80496100230562,0,140.70052083333334,79.1768560011522
4131,24,14,205.7469512195122,43.80496100230562,1,154.6097987751531,90.71173125683747
4132,24,14,205.7469512195122,43.80496100230562,2,167.1098484848485,95.08158261804643
4133,24,14,205.7469512195122,43.80496100230562,3,181.71117424242425,102.30970965741146
4134,24,14,205.7469512195122,43.80496100230562,4,188.33506944444446,96.45549098104689
4135,24,14,205.7469512195122,43.80496100230562,5,205.74392361111111,123.15094062479834
4136,24,14,205.7469512195122,43.80496100230562,6,175.67100694444446,108.51458285866651
4137,24,15,194.34146341463415,45.69770891069626,0,140.70052083333334,79.1768560011522
4138,24,15,194.34146341463415,45.69770891069626,1,154.6097987751531,90.71173125683747
4139,24,15,194.34146341463415,45.69770891069626,2,167.1098484848485,95.08158261804643
4140,24,15,194.34146341463415,45.69770891069626,3,181.71117424242425,102.30970965741146
4141,24,15,194.34146341463415,45.69770891069626,4,188.33506944444446,96.45549098104689
4142,24,15,194.34146341463415,45.69770891069626,5,205.74392361111111,123.15094062479834
4143,24,15,194.34146341463415,45.69770891069626,6,175.67100694444446,108.51458285866651
4144,24,16,174.22560975609755,44.0458929719952,0,140.70052083333334,79.1768560011522
4145,24,16,174.22560975609755,44.0458929719952,1,154.6097987751531,90.71173125683747
4146,24,16,174.22560975609755,44.0458929719952,2,167.1098484848485,95.08158261804643
4147,24,16,174.22560975609755,44.0458929719952,3,181.71117424242425,102.30970965741146
4148,24,16,174.22560975609755,44.0458929719952,4,188.33506944444446,96.45549098104689
4149,24,16,174.22560975609755,44.0458929719952,5,205.74392361111111,123.15094062479834
4150,24,16,174.22560975609755,44.0458929719952,6,175.67100694444446,108.51458285866651
4151,24,17,208.6158536585366,42.359521297212204,0,140.70052083333334,79.1768560011522
4152,24,17,208.6158536585366,42.359521297212204,1,154.6097987751531,90.71173125683747
4153,24,17,208.6158536585366,42.359521297212204,2,167.1098484848485,95.08158261804643
4154,24,17,208.6158536585366,42.359521297212204,3,181.71117424242425,102.30970965741146
4155,24,17,208.6158536585366,42.359521297212204,4,188.33506944444446,96.45549098104689
4156,24,17,208.6158536585366,42.359521297212204,5,205.74392361111111,123.15094062479834
4157,24,17,208.6158536585366,42.359521297212204,6,175.67100694444446,108.51458285866651
4158,24,18,264.0213414634146,48.745009957415014,0,140.70052083333334,79.1768560011522
4159,24,18,264.0213414634146,48.745009957415014,1,154.6097987751531,90.71173125683747
4160,24,18,264.0213414634146,48.745009957415014,2,167.1098484848485,95.08158261804643
4161,24,18,264.0213414634146,48.745009957415014,3,181.71117424242425,102.30970965741146
4162,24,18,264.0213414634146,48.745009957415014,4,188.33506944444446,96.45549098104689
4163,24,18,264.0213414634146,48.745009957415014,5,205.74392361111111,123.15094062479834
4164,24,18,264.0213414634146,48.745009957415014,6,175.67100694444446,108.51458285866651
4165,24,19,282.6890243902439,59.588658293423656,0,140.70052083333334,79.1768560011522
4166,24,19,282.6890243902439,59.588658293423656,1,154.6097987751531,90.71173125683747
4167,24,19,282.6890243902439,59.588658293423656,2,167.1098484848485,95.08158261804643
4168,24,19,282.6890243902439,59.588658293423656,3,181.71117424242425,102.30970965741146
4169,24,19,282.6890243902439,59.588658293423656,4,188.33506944444446,96.45549098104689
4170,24,19,282.6890243902439,59.588658293423656,5,205.74392361111111,123.15094062479834
4171,24,19,282.6890243902439,59.588658293423656,6,175.67100694444446,108.51458285866651
4172,24,20,276.1859756097561,63.1969799409988,0,140.70052083333334,79.1768560011522
4173,24,20,276.1859756097561,63.1969799409988,1,154.6097987751531,90.71173125683747
4174,24,20,276.1859756097561,63.1969799409988,2,167.1098484848485,95.08158261804643
4175,24,20,276.1859756097561,63.1969799409988,3,181.71117424242425,102.30970965741146
4176,24,20,276.1859756097561,63.1969799409988,4,188.33506944444446,96.45549098104689
4177,24,20,276.1859756097561,63.1969799409988,5,205.74392361111111,123.15094062479834
4178,24,20,276.1859756097561,63.1969799409988,6,175.67100694444446,108.51458285866651
4179,24,21,274.9051987767584,69.539900299224,0,140.70052083333334,79.1768560011522
4180,24,21,274.9051987767584,69.539900299224,1,154.6097987751531,90.71173125683747
4181,24,21,274.9051987767584,69.539900299224,2,167.1098484848485,95.08158261804643
4182,24,21,274.9051987767584,69.539900299224,3,181.71117424242425,102.30970965741146
4183,24,21,274.9051987767584,69.539900299224,4,188.33506944444446,96.45549098104689
4184,24,21,274.9051987767584,69.539900299224,5,205.74392361111111,123.15094062479834
4185,24,21,274.9051987767584,69.539900299224,6,175.67100694444446,108.51458285866651
4186,24,22,279.75925925925924,82.331603580013,0,140.70052083333334,79.1768560011522
4187,24,22,279.75925925925924,82.331603580013,1,154.6097987751531,90.71173125683747
4188,24,22,279.75925925925924,82.331603580013,2,167.1098484848485,95.08158261804643
4189,24,22,279.75925925925924,82.331603580013,3,181.71117424242425,102.30970965741146
4190,24,22,279.75925925925924,82.331603580013,4,188.33506944444446,96.45549098104689
4191,24,22,279.75925925925924,82.331603580013,5,205.74392361111111,123.15094062479834
4192,24,22,279.75925925925924,82.331603580013,6,175.67100694444446,108.51458285866651
4193,24,23,252.21296296296296,107.75376564653277,0,140.70052083333334,79.1768560011522
4194,24,23,252.21296296296296,107.75376564653277,1,154.6097987751531,90.71173125683747
4195,24,23,252.21296296296296,107.75376564653277,2,167.1098484848485,95.08158261804643
4196,24,23,252.21296296296296,107.75376564653277,3,181.71117424242425,102.30970965741146
4197,24,23,252.21296296296296,107.75376564653277,4,188.33506944444446,96.45549098104689
4198,24,23,252.21296296296296,107.75376564653277,5,205.74392361111111,123.15094062479834
4199,24,23,252.21296296296296,107.75376564653277,6,175.67100694444446,108.51458285866651
4200,25,0,70.66158536585365,49.949498531968636,0,191.34027777777777,122.07864683526219
4201,25,0,70.66158536585365,49.949498531968636,1,211.57042869641296,133.71763019099856
4202,25,0,70.66158536585365,49.949498531968636,2,221.36458333333334,138.74825863871754
4203,25,0,70.66158536585365,49.949498531968636,3,226.71875,137.59737773302487
4204,25,0,70.66158536585365,49.949498531968636,4,224.64322916666666,131.84256060989316
4205,25,0,70.66158536585365,49.949498531968636,5,177.94618055555554,112.62144777082607
4206,25,0,70.66158536585365,49.949498531968636,6,149.16840277777777,91.09690341727554
4207,25,1,44.58841463414634,44.16917144737302,0,191.34027777777777,122.07864683526219
4208,25,1,44.58841463414634,44.16917144737302,1,211.57042869641296,133.71763019099856
4209,25,1,44.58841463414634,44.16917144737302,2,221.36458333333334,138.74825863871754
4210,25,1,44.58841463414634,44.16917144737302,3,226.71875,137.59737773302487
4211,25,1,44.58841463414634,44.16917144737302,4,224.64322916666666,131.84256060989316
4212,25,1,44.58841463414634,44.16917144737302,5,177.94618055555554,112.62144777082607
4213,25,1,44.58841463414634,44.16917144737302,6,149.16840277777777,91.09690341727554
4214,25,2,29.341463414634145,28.566557086645744,0,191.34027777777777,122.07864683526219
4215,25,2,29.341463414634145,28.566557086645744,1,211.57042869641296,133.71763019099856
4216,25,2,29.341463414634145,28.566557086645744,2,221.36458333333334,138.74825863871754
4217,25,2,29.341463414634145,28.566557086645744,3,226.71875,137.59737773302487
4218,25,2,29.341463414634145,28.566557086645744,4,224.64322916666666,131.84256060989316
4219,25,2,29.341463414634145,28.566557086645744,5,177.94618055555554,112.62144777082607
4220,25,2,29.341463414634145,28.566557086645744,6,149.16840277777777,91.09690341727554
4221,25,3,20.53048780487805,18.14431572238232,0,191.34027777777777,122.07864683526219
4222,25,3,20.53048780487805,18.14431572238232,1,211.57042869641296,133.71763019099856
4223,25,3,20.53048780487805,18.14431572238232,2,221.36458333333334,138.74825863871754
4224,25,3,20.53048780487805,18.14431572238232,3,226.71875,137.59737773302487
4225,25,3,20.53048780487805,18.14431572238232,4,224.64322916666666,131.84256060989316
4226,25,3,20.53048780487805,18.14431572238232,5,177.94618055555554,112.62144777082607
4227,25,3,20.53048780487805,18.14431572238232,6,149.16840277777777,91.09690341727554
4228,25,4,20.8109756097561,10.785974652212941,0,191.34027777777777,122.07864683526219
4229,25,4,20.8109756097561,10.785974652212941,1,211.57042869641296,133.71763019099856
4230,25,4,20.8109756097561,10.785974652212941,2,221.36458333333334,138.74825863871754
4231,25,4,20.8109756097561,10.785974652212941,3,226.71875,137.59737773302487
4232,25,4,20.8109756097561,10.785974652212941,4,224.64322916666666,131.84256060989316
4233,25,4,20.8109756097561,10.785974652212941,5,177.94618055555554,112.62144777082607
4234,25,4,20.8109756097561,10.785974652212941,6,149.16840277777777,91.09690341727554
4235,25,5,42.71646341463415,22.710155557282434,0,191.34027777777777,122.07864683526219
4236,25,5,42.71646341463415,22.710155557282434,1,211.57042869641296,133.71763019099856
4237,25,5,42.71646341463415,22.710155557282434,2,221.36458333333334,138.74825863871754
4238,25,5,42.71646341463415,22.710155557282434,3,226.71875,137.59737773302487
4239,25,5,42.71646341463415,22.710155557282434,4,224.64322916666666,131.84256060989316
4240,25,5,42.71646341463415,22.710155557282434,5,177.94618055555554,112.62144777082607
4241,25,5,42.71646341463415,22.710155557282434,6,149.16840277777777,91.09690341727554
4242,25,6,126.64939024390245,80.25377714353657,0,191.34027777777777,122.07864683526219
4243,25,6,126.64939024390245,80.25377714353657,1,211.57042869641296,133.71763019099856
4244,25,6,126.64939024390245,80.25377714353657,2,221.36458333333334,138.74825863871754
4245,25,6,126.64939024390245,80.25377714353657,3,226.71875,137.59737773302487
4246,25,6,126.64939024390245,80.25377714353657,4,224.64322916666666,131.84256060989316
4247,25,6,126.64939024390245,80.25377714353657,5,177.94618055555554,112.62144777082607
4248,25,6,126.64939024390245,80.25377714353657,6,149.16840277777777,91.09690341727554
4249,25,7,287.9603658536585,158.14314814453556,0,191.34027777777777,122.07864683526219
4250,25,7,287.9603658536585,158.14314814453556,1,211.57042869641296,133.71763019099856
4251,25,7,287.9603658536585,158.14314814453556,2,221.36458333333334,138.74825863871754
4252,25,7,287.9603658536585,158.14314814453556,3,226.71875,137.59737773302487
4253,25,7,287.9603658536585,158.14314814453556,4,224.64322916666666,131.84256060989316
4254,25,7,287.9603658536585,158.14314814453556,5,177.94618055555554,112.62144777082607
4255,25,7,287.9603658536585,158.14314814453556,6,149.16840277777777,91.09690341727554
4256,25,8,331.9146341463415,145.20526028327288,0,191.34027777777777,122.07864683526219
4257,25,8,331.9146341463415,145.20526028327288,1,211.57042869641296,133.71763019099856
4258,25,8,331.9146341463415,145.20526028327288,2,221.36458333333334,138.74825863871754
4259,25,8,331.9146341463415,145.20526028327288,3,226.71875,137.59737773302487
4260,25,8,331.9146341463415,145.20526028327288,4,224.64322916666666,131.84256060989316
4261,25,8,331.9146341463415,145.20526028327288,5,177.94618055555554,112.62144777082607
4262,25,8,331.9146341463415,145.20526028327288,6,149.16840277777777,91.09690341727554
4263,25,9,304.6189024390244,94.19440114653513,0,191.34027777777777,122.07864683526219
4264,25,9,304.6189024390244,94.19440114653513,1,211.57042869641296,133.71763019099856
4265,25,9,304.6189024390244,94.19440114653513,2,221.36458333333334,138.74825863871754
4266,25,9,304.6189024390244,94.19440114653513,3,226.71875,137.59737773302487
4267,25,9,304.6189024390244,94.19440114653513,4,224.64322916666666,131.84256060989316
4268,25,9,304.6189024390244,94.19440114653513,5,177.94618055555554,112.62144777082607
4269,25,9,304.6189024390244,94.19440114653513,6,149.16840277777777,91.09690341727554
4270,25,10,280.125,54.63461827231397,0,191.34027777777777,122.07864683526219
4271,25,10,280.125,54.63461827231397,1,211.57042869641296,133.71763019099856
4272,25,10,280.125,54.63461827231397,2,221.36458333333334,138.74825863871754
4273,25,10,280.125,54.63461827231397,3,226.71875,137.59737773302487
4274,25,10,280.125,54.63461827231397,4,224.64322916666666,131.84256060989316
4275,25,10,280.125,54.63461827231397,5,177.94618055555554,112.62144777082607
4276,25,10,280.125,54.63461827231397,6,149.16840277777777,91.09690341727554
4277,25,11,281.0426829268293,47.33004045182432,0,191.34027777777777,122.07864683526219
4278,25,11,281.0426829268293,47.33004045182432,1,211.57042869641296,133.71763019099856
4279,25,11,281.0426829268293,47.33004045182432,2,221.36458333333334,138.74825863871754
4280,25,11,281.0426829268293,47.33004045182432,3,226.71875,137.59737773302487
4281,25,11,281.0426829268293,47.33004045182432,4,224.64322916666666,131.84256060989316
4282,25,11,281.0426829268293,47.33004045182432,5,177.94618055555554,112.62144777082607
4283,25,11,281.0426829268293,47.33004045182432,6,149.16840277777777,91.09690341727554
4284,25,12,287.234756097561,45.55290380645637,0,191.34027777777777,122.07864683526219
4285,25,12,287.234756097561,45.55290380645637,1,211.57042869641296,133.71763019099856
4286,25,12,287.234756097561,45.55290380645637,2,221.36458333333334,138.74825863871754
4287,25,12,287.234756097561,45.55290380645637,3,226.71875,137.59737773302487
4288,25,12,287.234756097561,45.55290380645637,4,224.64322916666666,131.84256060989316
4289,25,12,287.234756097561,45.55290380645637,5,177.94618055555554,112.62144777082607
4290,25,12,287.234756097561,45.55290380645637,6,149.16840277777777,91.09690341727554
4291,25,13,272.5396341463415,40.870253598718215,0,191.34027777777777,122.07864683526219
4292,25,13,272.5396341463415,40.870253598718215,1,211.57042869641296,133.71763019099856
4293,25,13,272.5396341463415,40.870253598718215,2,221.36458333333334,138.74825863871754
4294,25,13,272.5396341463415,40.870253598718215,3,226.71875,137.59737773302487
4295,25,13,272.5396341463415,40.870253598718215,4,224.64322916666666,131.84256060989316
4296,25,13,272.5396341463415,40.870253598718215,5,177.94618055555554,112.62144777082607
4297,25,13,272.5396341463415,40.870253598718215,6,149.16840277777777,91.09690341727554
4298,25,14,286.780487804878,47.28533321629443,0,191.34027777777777,122.07864683526219
4299,25,14,286.780487804878,47.28533321629443,1,211.57042869641296,133.71763019099856
4300,25,14,286.780487804878,47.28533321629443,2,221.36458333333334,138.74825863871754
4301,25,14,286.780487804878,47.28533321629443,3,226.71875,137.59737773302487
4302,25,14,286.780487804878,47.28533321629443,4,224.64322916666666,131.84256060989316
4303,25,14,286.780487804878,47.28533321629443,5,177.94618055555554,112.62144777082607
4304,25,14,286.780487804878,47.28533321629443,6,149.16840277777777,91.09690341727554
4305,25,15,292.3323170731707,57.339185501741596,0,191.34027777777777,122.07864683526219
4306,25,15,292.3323170731707,57.339185501741596,1,211.57042869641296,133.71763019099856
4307,25,15,292.3323170731707,57.339185501741596,2,221.36458333333334,138.74825863871754
4308,25,15,292.3323170731707,57.339185501741596,3,226.71875,137.59737773302487
4309,25,15,292.3323170731707,57.339185501741596,4,224.64322916666666,131.84256060989316
4310,25,15,292.3323170731707,57.339185501741596,5,177.94618055555554,112.62144777082607
4311,25,15,292.3323170731707,57.339185501741596,6,149.16840277777777,91.09690341727554
4312,25,16,246.35670731707316,40.51779785035095,0,191.34027777777777,122.07864683526219
4313,25,16,246.35670731707316,40.51779785035095,1,211.57042869641296,133.71763019099856
4314,25,16,246.35670731707316,40.51779785035095,2,221.36458333333334,138.74825863871754
4315,25,16,246.35670731707316,40.51779785035095,3,226.71875,137.59737773302487
4316,25,16,246.35670731707316,40.51779785035095,4,224.64322916666666,131.84256060989316
4317,25,16,246.35670731707316,40.51779785035095,5,177.94618055555554,112.62144777082607
4318,25,16,246.35670731707316,40.51779785035095,6,149.16840277777777,91.09690341727554
4319,25,17,291.265243902439,58.419340451414314,0,191.34027777777777,122.07864683526219
4320,25,17,291.265243902439,58.419340451414314,1,211.57042869641296,133.71763019099856
4321,25,17,291.265243902439,58.419340451414314,2,221.36458333333334,138.74825863871754
4322,25,17,291.265243902439,58.419340451414314,3,226.71875,137.59737773302487
4323,25,17,291.265243902439,58.419340451414314,4,224.64322916666666,131.84256060989316
4324,25,17,291.265243902439,58.419340451414314,5,177.94618055555554,112.62144777082607
4325,25,17,291.265243902439,58.419340451414314,6,149.16840277777777,91.09690341727554
4326,25,18,316.7743902439024,65.79779294324382,0,191.34027777777777,122.07864683526219
4327,25,18,316.7743902439024,65.79779294324382,1,211.57042869641296,133.71763019099856
4328,25,18,316.7743902439024,65.79779294324382,2,221.36458333333334,138.74825863871754
4329,25,18,316.7743902439024,65.79779294324382,3,226.71875,137.59737773302487
4330,25,18,316.7743902439024,65.79779294324382,4,224.64322916666666,131.84256060989316
4331,25,18,316.7743902439024,65.79779294324382,5,177.94618055555554,112.62144777082607
4332,25,18,316.7743902439024,65.79779294324382,6,149.16840277777777,91.09690341727554
4333,25,19,282.7530487804878,67.52014077026763,0,191.34027777777777,122.07864683526219
4334,25,19,282.7530487804878,67.52014077026763,1,211.57042869641296,133.71763019099856
4335,25,19,282.7530487804878,67.52014077026763,2,221.36458333333334,138.74825863871754
4336,25,19,282.7530487804878,67.52014077026763,3,226.71875,137.59737773302487
4337,25,19,282.7530487804878,67.52014077026763,4,224.64322916666666,131.84256060989316
4338,25,19,282.7530487804878,67.52014077026763,5,177.94618055555554,112.62144777082607
4339,25,19,282.7530487804878,67.52014077026763,6,149.16840277777777,91.09690341727554
4340,25,20,225.8018292682927,52.92173318910054,0,191.34027777777777,122.07864683526219
4341,25,20,225.8018292682927,52.92173318910054,1,211.57042869641296,133.71763019099856
4342,25,20,225.8018292682927,52.92173318910054,2,221.36458333333334,138.74825863871754
4343,25,20,225.8018292682927,52.92173318910054,3,226.71875,137.59737773302487
4344,25,20,225.8018292682927,52.92173318910054,4,224.64322916666666,131.84256060989316
4345,25,20,225.8018292682927,52.92173318910054,5,177.94618055555554,112.62144777082607
4346,25,20,225.8018292682927,52.92173318910054,6,149.16840277777777,91.09690341727554
4347,25,21,186.0244648318043,44.596273616692734,0,191.34027777777777,122.07864683526219
4348,25,21,186.0244648318043,44.596273616692734,1,211.57042869641296,133.71763019099856
4349,25,21,186.0244648318043,44.596273616692734,2,221.36458333333334,138.74825863871754
4350,25,21,186.0244648318043,44.596273616692734,3,226.71875,137.59737773302487
4351,25,21,186.0244648318043,44.596273616692734,4,224.64322916666666,131.84256060989316
4352,25,21,186.0244648318043,44.596273616692734,5,177.94618055555554,112.62144777082607
4353,25,21,186.0244648318043,44.596273616692734,6,149.16840277777777,91.09690341727554
4354,25,22,154.09876543209876,48.71636617027638,0,191.34027777777777,122.07864683526219
4355,25,22,154.09876543209876,48.71636617027638,1,211.57042869641296,133.71763019099856
4356,25,22,154.09876543209876,48.71636617027638,2,221.36458333333334,138.74825863871754
4357,25,22,154.09876543209876,48.71636617027638,3,226.71875,137.59737773302487
4358,25,22,154.09876543209876,48.71636617027638,4,224.64322916666666,131.84256060989316
4359,25,22,154.09876543209876,48.71636617027638,5,177.94618055555554,112.62144777082607
4360,25,22,154.09876543209876,48.71636617027638,6,149.16840277777777,91.09690341727554
4361,25,23,110.6604938271605,48.33329379340359,0,191.34027777777777,122.07864683526219
4362,25,23,110.6604938271605,48.33329379340359,1,211.57042869641296,133.71763019099856
4363,25,23,110.6604938271605,48.33329379340359,2,221.36458333333334,138.74825863871754
4364,25,23,110.6604938271605,48.33329379340359,3,226.71875,137.59737773302487
4365,25,23,110.6604938271605,48.33329379340359,4,224.64322916666666,131.84256060989316
4366,25,23,110.6604938271605,48.33329379340359,5,177.94618055555554,112.62144777082607
4367,25,23,110.6604938271605,48.33329379340359,6,149.16840277777777,91.09690341727554
4368,26,0,63.30487804878049,45.645205079767955,0,150.64930555555554,96.8552096769592
4369,26,0,63.30487804878049,45.645205079767955,1,160.6421697287839,99.69916503724363
4370,26,0,63.30487804878049,45.645205079767955,2,167.15625,101.55510828004913
4371,26,0,63.30487804878049,45.645205079767955,3,174.48295454545453,103.76629635358539
4372,26,0,63.30487804878049,45.645205079767955,4,178.48784722222223,100.77363571803232
4373,26,0,63.30487804878049,45.645205079767955,5,161.17274305555554,106.52338951821801
4374,26,0,63.30487804878049,45.645205079767955,6,132.52170138888889,85.80031298087066
4375,26,1,39.53658536585366,39.008332873433005,0,150.64930555555554,96.8552096769592
4376,26,1,39.53658536585366,39.008332873433005,1,160.6421697287839,99.69916503724363
4377,26,1,39.53658536585366,39.008332873433005,2,167.15625,101.55510828004913
4378,26,1,39.53658536585366,39.008332873433005,3,174.48295454545453,103.76629635358539
4379,26,1,39.53658536585366,39.008332873433005,4,178.48784722222223,100.77363571803232
4380,26,1,39.53658536585366,39.008332873433005,5,161.17274305555554,106.52338951821801
4381,26,1,39.53658536585366,39.008332873433005,6,132.52170138888889,85.80031298087066
4382,26,2,24.9390243902439,29.281549047849317,0,150.64930555555554,96.8552096769592
4383,26,2,24.9390243902439,29.281549047849317,1,160.6421697287839,99.69916503724363
4384,26,2,24.9390243902439,29.281549047849317,2,167.15625,101.55510828004913
4385,26,2,24.9390243902439,29.281549047849317,3,174.48295454545453,103.76629635358539
4386,26,2,24.9390243902439,29.281549047849317,4,178.48784722222223,100.77363571803232
4387,26,2,24.9390243902439,29.281549047849317,5,161.17274305555554,106.52338951821801
4388,26,2,24.9390243902439,29.281549047849317,6,132.52170138888889,85.80031298087066
4389,26,3,17.097560975609756,19.13822871412904,0,150.64930555555554,96.8552096769592
4390,26,3,17.097560975609756,19.13822871412904,1,160.6421697287839,99.69916503724363
4391,26,3,17.097560975609756,19.13822871412904,2,167.15625,101.55510828004913
4392,26,3,17.097560975609756,19.13822871412904,3,174.48295454545453,103.76629635358539
4393,26,3,17.097560975609756,19.13822871412904,4,178.48784722222223,100.77363571803232
4394,26,3,17.097560975609756,19.13822871412904,5,161.17274305555554,106.52338951821801
4395,26,3,17.097560975609756,19.13822871412904,6,132.52170138888889,85.80031298087066
4396,26,4,15.475609756097562,9.85829334313465,0,150.64930555555554,96.8552096769592
4397,26,4,15.475609756097562,9.85829334313465,1,160.6421697287839,99.69916503724363
4398,26,4,15.475609756097562,9.85829334313465,2,167.15625,101.55510828004913
4399,26,4,15.475609756097562,9.85829334313465,3,174.48295454545453,103.76629635358539
4400,26,4,15.475609756097562,9.85829334313465,4,178.48784722222223,100.77363571803232
4401,26,4,15.475609756097562,9.85829334313465,5,161.17274305555554,106.52338951821801
4402,26,4,15.475609756097562,9.85829334313465,6,132.52170138888889,85.80031298087066
4403,26,5,28.49390243902439,14.556227353094574,0,150.64930555555554,96.8552096769592
4404,26,5,28.49390243902439,14.556227353094574,1,160.6421697287839,99.69916503724363
4405,26,5,28.49390243902439,14.556227353094574,2,167.15625,101.55510828004913
4406,26,5,28.49390243902439,14.556227353094574,3,174.48295454545453,103.76629635358539
4407,26,5,28.49390243902439,14.556227353094574,4,178.48784722222223,100.77363571803232
4408,26,5,28.49390243902439,14.556227353094574,5,161.17274305555554,106.52338951821801
4409,26,5,28.49390243902439,14.556227353094574,6,132.52170138888889,85.80031298087066
4410,26,6,91.79878048780488,60.11255293127192,0,150.64930555555554,96.8552096769592
4411,26,6,91.79878048780488,60.11255293127192,1,160.6421697287839,99.69916503724363
4412,26,6,91.79878048780488,60.11255293127192,2,167.15625,101.55510828004913
4413,26,6,91.79878048780488,60.11255293127192,3,174.48295454545453,103.76629635358539
4414,26,6,91.79878048780488,60.11255293127192,4,178.48784722222223,100.77363571803232
4415,26,6,91.79878048780488,60.11255293127192,5,161.17274305555554,106.52338951821801
4416,26,6,91.79878048780488,60.11255293127192,6,132.52170138888889,85.80031298087066
4417,26,7,178.5548780487805,93.4420458863922,0,150.64930555555554,96.8552096769592
4418,26,7,178.5548780487805,93.4420458863922,1,160.6421697287839,99.69916503724363
4419,26,7,178.5548780487805,93.4420458863922,2,167.15625,101.55510828004913
4420,26,7,178.5548780487805,93.4420458863922,3,174.48295454545453,103.76629635358539
4421,26,7,178.5548780487805,93.4420458863922,4,178.48784722222223,100.77363571803232
4422,26,7,178.5548780487805,93.4420458863922,5,161.17274305555554,106.52338951821801
4423,26,7,178.5548780487805,93.4420458863922,6,132.52170138888889,85.80031298087066
4424,26,8,206.64939024390245,87.52556079041129,0,150.64930555555554,96.8552096769592
4425,26,8,206.64939024390245,87.52556079041129,1,160.6421697287839,99.69916503724363
4426,26,8,206.64939024390245,87.52556079041129,2,167.15625,101.55510828004913
4427,26,8,206.64939024390245,87.52556079041129,3,174.48295454545453,103.76629635358539
4428,26,8,206.64939024390245,87.52556079041129,4,178.48784722222223,100.77363571803232
4429,26,8,206.64939024390245,87.52556079041129,5,161.17274305555554,106.52338951821801
4430,26,8,206.64939024390245,87.52556079041129,6,132.52170138888889,85.80031298087066
4431,26,9,203.4359756097561,55.47434196248439,0,150.64930555555554,96.8552096769592
4432,26,9,203.4359756097561,55.47434196248439,1,160.6421697287839,99.69916503724363
4433,26,9,203.4359756097561,55.47434196248439,2,167.15625,101.55510828004913
4434,26,9,203.4359756097561,55.47434196248439,3,174.48295454545453,103.76629635358539
4435,26,9,203.4359756097561,55.47434196248439,4,178.48784722222223,100.77363571803232
4436,26,9,203.4359756097561,55.47434196248439,5,161.17274305555554,106.52338951821801
4437,26,9,203.4359756097561,55.47434196248439,6,132.52170138888889,85.80031298087066
4438,26,10,210.39939024390245,42.55410946128427,0,150.64930555555554,96.8552096769592
4439,26,10,210.39939024390245,42.55410946128427,1,160.6421697287839,99.69916503724363
4440,26,10,210.39939024390245,42.55410946128427,2,167.15625,101.55510828004913
4441,26,10,210.39939024390245,42.55410946128427,3,174.48295454545453,103.76629635358539
4442,26,10,210.39939024390245,42.55410946128427,4,178.48784722222223,100.77363571803232
4443,26,10,210.39939024390245,42.55410946128427,5,161.17274305555554,106.52338951821801
4444,26,10,210.39939024390245,42.55410946128427,6,132.52170138888889,85.80031298087066
4445,26,11,222.4329268292683,40.02959625223507,0,150.64930555555554,96.8552096769592
4446,26,11,222.4329268292683,40.02959625223507,1,160.6421697287839,99.69916503724363
4447,26,11,222.4329268292683,40.02959625223507,2,167.15625,101.55510828004913
4448,26,11,222.4329268292683,40.02959625223507,3,174.48295454545453,103.76629635358539
4449,26,11,222.4329268292683,40.02959625223507,4,178.48784722222223,100.77363571803232
4450,26,11,222.4329268292683,40.02959625223507,5,161.17274305555554,106.52338951821801
4451,26,11,222.4329268292683,40.02959625223507,6,132.52170138888889,85.80031298087066
4452,26,12,239.20426829268294,43.02674348017564,0,150.64930555555554,96.8552096769592
4453,26,12,239.20426829268294,43.02674348017564,1,160.6421697287839,99.69916503724363
4454,26,12,239.20426829268294,43.02674348017564,2,167.15625,101.55510828004913
4455,26,12,239.20426829268294,43.02674348017564,3,174.48295454545453,103.76629635358539
4456,26,12,239.20426829268294,43.02674348017564,4,178.48784722222223,100.77363571803232
4457,26,12,239.20426829268294,43.02674348017564,5,161.17274305555554,106.52338951821801
4458,26,12,239.20426829268294,43.02674348017564,6,132.52170138888889,85.80031298087066
4459,26,13,233.8689024390244,41.22005401032737,0,150.64930555555554,96.8552096769592
4460,26,13,233.8689024390244,41.22005401032737,1,160.6421697287839,99.69916503724363
4461,26,13,233.8689024390244,41.22005401032737,2,167.15625,101.55510828004913
4462,26,13,233.8689024390244,41.22005401032737,3,174.48295454545453,103.76629635358539
4463,26,13,233.8689024390244,41.22005401032737,4,178.48784722222223,100.77363571803232
4464,26,13,233.8689024390244,41.22005401032737,5,161.17274305555554,106.52338951821801
4465,26,13,233.8689024390244,41.22005401032737,6,132.52170138888889,85.80031298087066
4466,26,14,250.75,43.85148343429652,0,150.64930555555554,96.8552096769592
4467,26,14,250.75,43.85148343429652,1,160.6421697287839,99.69916503724363
4468,26,14,250.75,43.85148343429652,2,167.15625,101.55510828004913
4469,26,14,250.75,43.85148343429652,3,174.48295454545453,103.76629635358539
4470,26,14,250.75,43.85148343429652,4,178.48784722222223,100.77363571803232
4471,26,14,250.75,43.85148343429652,5,161.17274305555554,106.52338951821801
4472,26,14,250.75,43.85148343429652,6,132.52170138888889,85.80031298087066
4473,26,15,264.2713414634146,44.8237066825556,0,150.64930555555554,96.8552096769592
4474,26,15,264.2713414634146,44.8237066825556,1,160.6421697287839,99.69916503724363
4475,26,15,264.2713414634146,44.8237066825556,2,167.15625,101.55510828004913
4476,26,15,264.2713414634146,44.8237066825556,3,174.48295454545453,103.76629635358539
4477,26,15,264.2713414634146,44.8237066825556,4,178.48784722222223,100.77363571803232
4478,26,15,264.2713414634146,44.8237066825556,5,161.17274305555554,106.52338951821801
4479,26,15,264.2713414634146,44.8237066825556,6,132.52170138888889,85.80031298087066
4480,26,16,239.2439024390244,39.67892884011249,0,150.64930555555554,96.8552096769592
4481,26,16,239.2439024390244,39.67892884011249,1,160.6421697287839,99.69916503724363
4482,26,16,239.2439024390244,39.67892884011249,2,167.15625,101.55510828004913
4483,26,16,239.2439024390244,39.67892884011249,3,174.48295454545453,103.76629635358539
4484,26,16,239.2439024390244,39.67892884011249,4,178.48784722222223,100.77363571803232
4485,26,16,239.2439024390244,39.67892884011249,5,161.17274305555554,106.52338951821801
4486,26,16,239.2439024390244,39.67892884011249,6,132.52170138888889,85.80031298087066
4487,26,17,259.390243902439,45.213934172613264,0,150.64930555555554,96.8552096769592
4488,26,17,259.390243902439,45.213934172613264,1,160.6421697287839,99.69916503724363
4489,26,17,259.390243902439,45.213934172613264,2,167.15625,101.55510828004913
4490,26,17,259.390243902439,45.213934172613264,3,174.48295454545453,103.76629635358539
4491,26,17,259.390243902439,45.213934172613264,4,178.48784722222223,100.77363571803232
4492,26,17,259.390243902439,45.213934172613264,5,161.17274305555554,106.52338951821801
4493,26,17,259.390243902439,45.213934172613264,6,132.52170138888889,85.80031298087066
4494,26,18,265.7774390243902,54.35917341253572,0,150.64930555555554,96.8552096769592
4495,26,18,265.7774390243902,54.35917341253572,1,160.6421697287839,99.69916503724363
4496,26,18,265.7774390243902,54.35917341253572,2,167.15625,101.55510828004913
4497,26,18,265.7774390243902,54.35917341253572,3,174.48295454545453,103.76629635358539
4498,26,18,265.7774390243902,54.35917341253572,4,178.48784722222223,100.77363571803232
4499,26,18,265.7774390243902,54.35917341253572,5,161.17274305555554,106.52338951821801
4500,26,18,265.7774390243902,54.35917341253572,6,132.52170138888889,85.80031298087066
4501,26,19,228.359756097561,58.44115545319802,0,150.64930555555554,96.8552096769592
4502,26,19,228.359756097561,58.44115545319802,1,160.6421697287839,99.69916503724363
4503,26,19,228.359756097561,58.44115545319802,2,167.15625,101.55510828004913
4504,26,19,228.359756097561,58.44115545319802,3,174.48295454545453,103.76629635358539
4505,26,19,228.359756097561,58.44115545319802,4,178.48784722222223,100.77363571803232
4506,26,19,228.359756097561,58.44115545319802,5,161.17274305555554,106.52338951821801
4507,26,19,228.359756097561,58.44115545319802,6,132.52170138888889,85.80031298087066
4508,26,20,184.8871951219512,45.56847273163001,0,150.64930555555554,96.8552096769592
4509,26,20,184.8871951219512,45.56847273163001,1,160.6421697287839,99.69916503724363
4510,26,20,184.8871951219512,45.56847273163001,2,167.15625,101.55510828004913
4511,26,20,184.8871951219512,45.56847273163001,3,174.48295454545453,103.76629635358539
4512,26,20,184.8871951219512,45.56847273163001,4,178.48784722222223,100.77363571803232
4513,26,20,184.8871951219512,45.56847273163001,5,161.17274305555554,106.52338951821801
4514,26,20,184.8871951219512,45.56847273163001,6,132.52170138888889,85.80031298087066
4515,26,21,158.93272171253824,37.6641812837079,0,150.64930555555554,96.8552096769592
4516,26,21,158.93272171253824,37.6641812837079,1,160.6421697287839,99.69916503724363
4517,26,21,158.93272171253824,37.6641812837079,2,167.15625,101.55510828004913
4518,26,21,158.93272171253824,37.6641812837079,3,174.48295454545453,103.76629635358539
4519,26,21,158.93272171253824,37.6641812837079,4,178.48784722222223,100.77363571803232
4520,26,21,158.93272171253824,37.6641812837079,5,161.17274305555554,106.52338951821801
4521,26,21,158.93272171253824,37.6641812837079,6,132.52170138888889,85.80031298087066
4522,26,22,132.29320987654322,44.93328887481439,0,150.64930555555554,96.8552096769592
4523,26,22,132.29320987654322,44.93328887481439,1,160.6421697287839,99.69916503724363
4524,26,22,132.29320987654322,44.93328887481439,2,167.15625,101.55510828004913
4525,26,22,132.29320987654322,44.93328887481439,3,174.48295454545453,103.76629635358539
4526,26,22,132.29320987654322,44.93328887481439,4,178.48784722222223,100.77363571803232
4527,26,22,132.29320987654322,44.93328887481439,5,161.17274305555554,106.52338951821801
4528,26,22,132.29320987654322,44.93328887481439,6,132.52170138888889,85.80031298087066
4529,26,23,91.33024691358025,46.25570548291448,0,150.64930555555554,96.8552096769592
4530,26,23,91.33024691358025,46.25570548291448,1,160.6421697287839,99.69916503724363
4531,26,23,91.33024691358025,46.25570548291448,2,167.15625,101.55510828004913
4532,26,23,91.33024691358025,46.25570548291448,3,174.48295454545453,103.76629635358539
4533,26,23,91.33024691358025,46.25570548291448,4,178.48784722222223,100.77363571803232
4534,26,23,91.33024691358025,46.25570548291448,5,161.17274305555554,106.52338951821801
4535,26,23,91.33024691358025,46.25570548291448,6,132.52170138888889,85.80031298087066
4536,27,0,19.359756097560975,10.102766869094708,0,20.92013888888889,12.442138986916444
4537,27,0,19.359756097560975,10.102766869094708,1,20.31846019247594,12.71581060366101
4538,27,0,19.359756097560975,10.102766869094708,2,21.449810606060606,12.874138813958114
4539,27,0,19.359756097560975,10.102766869094708,3,22.541666666666668,13.945532729027114
4540,27,0,19.359756097560975,10.102766869094708,4,28.469618055555557,16.59438257752918
4541,27,0,19.359756097560975,10.102766869094708,5,27.908854166666668,11.932383701023214
4542,27,0,19.359756097560975,10.102766869094708,6,26.21701388888889,11.091427428634795
4543,27,1,15.362804878048781,12.892145656621159,0,20.92013888888889,12.442138986916444
4544,27,1,15.362804878048781,12.892145656621159,1,20.31846019247594,12.71581060366101
4545,27,1,15.362804878048781,12.892145656621159,2,21.449810606060606,12.874138813958114
4546,27,1,15.362804878048781,12.892145656621159,3,22.541666666666668,13.945532729027114
4547,27,1,15.362804878048781,12.892145656621159,4,28.469618055555557,16.59438257752918
4548,27,1,15.362804878048781,12.892145656621159,5,27.908854166666668,11.932383701023214
4549,27,1,15.362804878048781,12.892145656621159,6,26.21701388888889,11.091427428634795
4550,27,2,11.192073170731707,10.01511081408902,0,20.92013888888889,12.442138986916444
4551,27,2,11.192073170731707,10.01511081408902,1,20.31846019247594,12.71581060366101
4552,27,2,11.192073170731707,10.01511081408902,2,21.449810606060606,12.874138813958114
4553,27,2,11.192073170731707,10.01511081408902,3,22.541666666666668,13.945532729027114
4554,27,2,11.192073170731707,10.01511081408902,4,28.469618055555557,16.59438257752918
4555,27,2,11.192073170731707,10.01511081408902,5,27.908854166666668,11.932383701023214
4556,27,2,11.192073170731707,10.01511081408902,6,26.21701388888889,11.091427428634795
4557,27,3,9.359756097560975,8.472576517537531,0,20.92013888888889,12.442138986916444
4558,27,3,9.359756097560975,8.472576517537531,1,20.31846019247594,12.71581060366101
4559,27,3,9.359756097560975,8.472576517537531,2,21.449810606060606,12.874138813958114
4560,27,3,9.359756097560975,8.472576517537531,3,22.541666666666668,13.945532729027114
4561,27,3,9.359756097560975,8.472576517537531,4,28.469618055555557,16.59438257752918
4562,27,3,9.359756097560975,8.472576517537531,5,27.908854166666668,11.932383701023214
4563,27,3,9.359756097560975,8.472576517537531,6,26.21701388888889,11.091427428634795
4564,27,4,11.564024390243903,7.355260965939902,0,20.92013888888889,12.442138986916444
4565,27,4,11.564024390243903,7.355260965939902,1,20.31846019247594,12.71581060366101
4566,27,4,11.564024390243903,7.355260965939902,2,21.449810606060606,12.874138813958114
4567,27,4,11.564024390243903,7.355260965939902,3,22.541666666666668,13.945532729027114
4568,27,4,11.564024390243903,7.355260965939902,4,28.469618055555557,16.59438257752918
4569,27,4,11.564024390243903,7.355260965939902,5,27.908854166666668,11.932383701023214
4570,27,4,11.564024390243903,7.355260965939902,6,26.21701388888889,11.091427428634795
4571,27,5,15.137195121951219,7.2699848397623015,0,20.92013888888889,12.442138986916444
4572,27,5,15.137195121951219,7.2699848397623015,1,20.31846019247594,12.71581060366101
4573,27,5,15.137195121951219,7.2699848397623015,2,21.449810606060606,12.874138813958114
4574,27,5,15.137195121951219,7.2699848397623015,3,22.541666666666668,13.945532729027114
4575,27,5,15.137195121951219,7.2699848397623015,4,28.469618055555557,16.59438257752918
4576,27,5,15.137195121951219,7.2699848397623015,5,27.908854166666668,11.932383701023214
4577,27,5,15.137195121951219,7.2699848397623015,6,26.21701388888889,11.091427428634795
4578,27,6,27.823170731707318,10.72733281978419,0,20.92013888888889,12.442138986916444
4579,27,6,27.823170731707318,10.72733281978419,1,20.31846019247594,12.71581060366101
4580,27,6,27.823170731707318,10.72733281978419,2,21.449810606060606,12.874138813958114
4581,27,6,27.823170731707318,10.72733281978419,3,22.541666666666668,13.945532729027114
4582,27,6,27.823170731707318,10.72733281978419,4,28.469618055555557,16.59438257752918
4583,27,6,27.823170731707318,10.72733281978419,5,27.908854166666668,11.932383701023214
4584,27,6,27.823170731707318,10.72733281978419,6,26.21701388888889,11.091427428634795
4585,27,7,45.78658536585366,18.321880852364085,0,20.92013888888889,12.442138986916444
4586,27,7,45.78658536585366,18.321880852364085,1,20.31846019247594,12.71581060366101
4587,27,7,45.78658536585366,18.321880852364085,2,21.449810606060606,12.874138813958114
4588,27,7,45.78658536585366,18.321880852364085,3,22.541666666666668,13.945532729027114
4589,27,7,45.78658536585366,18.321880852364085,4,28.469618055555557,16.59438257752918
4590,27,7,45.78658536585366,18.321880852364085,5,27.908854166666668,11.932383701023214
4591,27,7,45.78658536585366,18.321880852364085,6,26.21701388888889,11.091427428634795
4592,27,8,36.853658536585364,13.457939417428227,0,20.92013888888889,12.442138986916444
4593,27,8,36.853658536585364,13.457939417428227,1,20.31846019247594,12.71581060366101
4594,27,8,36.853658536585364,13.457939417428227,2,21.449810606060606,12.874138813958114
4595,27,8,36.853658536585364,13.457939417428227,3,22.541666666666668,13.945532729027114
4596,27,8,36.853658536585364,13.457939417428227,4,28.469618055555557,16.59438257752918
4597,27,8,36.853658536585364,13.457939417428227,5,27.908854166666668,11.932383701023214
4598,27,8,36.853658536585364,13.457939417428227,6,26.21701388888889,11.091427428634795
4599,27,9,25.426829268292682,11.593819388781736,0,20.92013888888889,12.442138986916444
4600,27,9,25.426829268292682,11.593819388781736,1,20.31846019247594,12.71581060366101
4601,27,9,25.426829268292682,11.593819388781736,2,21.449810606060606,12.874138813958114
4602,27,9,25.426829268292682,11.593819388781736,3,22.541666666666668,13.945532729027114
4603,27,9,25.426829268292682,11.593819388781736,4,28.469618055555557,16.59438257752918
4604,27,9,25.426829268292682,11.593819388781736,5,27.908854166666668,11.932383701023214
4605,27,9,25.426829268292682,11.593819388781736,6,26.21701388888889,11.091427428634795
4606,27,10,21.890243902439025,12.491960568277994,0,20.92013888888889,12.442138986916444
4607,27,10,21.890243902439025,12.491960568277994,1,20.31846019247594,12.71581060366101
4608,27,10,21.890243902439025,12.491960568277994,2,21.449810606060606,12.874138813958114
4609,27,10,21.890243902439025,12.491960568277994,3,22.541666666666668,13.945532729027114
4610,27,10,21.890243902439025,12.491960568277994,4,28.469618055555557,16.59438257752918
4611,27,10,21.890243902439025,12.491960568277994,5,27.908854166666668,11.932383701023214
4612,27,10,21.890243902439025,12.491960568277994,6,26.21701388888889,11.091427428634795
4613,27,11,21.323170731707318,10.479300100125895,0,20.92013888888889,12.442138986916444
4614,27,11,21.323170731707318,10.479300100125895,1,20.31846019247594,12.71581060366101
4615,27,11,21.323170731707318,10.479300100125895,2,21.449810606060606,12.874138813958114
4616,27,11,21.323170731707318,10.479300100125895,3,22.541666666666668,13.945532729027114
4617,27,11,21.323170731707318,10.479300100125895,4,28.469618055555557,16.59438257752918
4618,27,11,21.323170731707318,10.479300100125895,5,27.908854166666668,11.932383701023214
4619,27,11,21.323170731707318,10.479300100125895,6,26.21701388888889,11.091427428634795
4620,27,12,24.057926829268293,9.631418292172173,0,20.92013888888889,12.442138986916444
4621,27,12,24.057926829268293,9.631418292172173,1,20.31846019247594,12.71581060366101
4622,27,12,24.057926829268293,9.631418292172173,2,21.449810606060606,12.874138813958114
4623,27,12,24.057926829268293,9.631418292172173,3,22.541666666666668,13.945532729027114
4624,27,12,24.057926829268293,9.631418292172173,4,28.469618055555557,16.59438257752918
4625,27,12,24.057926829268293,9.631418292172173,5,27.908854166666668,11.932383701023214
4626,27,12,24.057926829268293,9.631418292172173,6,26.21701388888889,11.091427428634795
4627,27,13,24.545731707317074,9.89289956727997,0,20.92013888888889,12.442138986916444
4628,27,13,24.545731707317074,9.89289956727997,1,20.31846019247594,12.71581060366101
4629,27,13,24.545731707317074,9.89289956727997,2,21.449810606060606,12.874138813958114
4630,27,13,24.545731707317074,9.89289956727997,3,22.541666666666668,13.945532729027114
4631,27,13,24.545731707317074,9.89289956727997,4,28.469618055555557,16.59438257752918
4632,27,13,24.545731707317074,9.89289956727997,5,27.908854166666668,11.932383701023214
4633,27,13,24.545731707317074,9.89289956727997,6,26.21701388888889,11.091427428634795
4634,27,14,25.24390243902439,8.72068927445792,0,20.92013888888889,12.442138986916444
4635,27,14,25.24390243902439,8.72068927445792,1,20.31846019247594,12.71581060366101
4636,27,14,25.24390243902439,8.72068927445792,2,21.449810606060606,12.874138813958114
4637,27,14,25.24390243902439,8.72068927445792,3,22.541666666666668,13.945532729027114
4638,27,14,25.24390243902439,8.72068927445792,4,28.469618055555557,16.59438257752918
4639,27,14,25.24390243902439,8.72068927445792,5,27.908854166666668,11.932383701023214
4640,27,14,25.24390243902439,8.72068927445792,6,26.21701388888889,11.091427428634795
4641,27,15,26.045731707317074,8.724164834662146,0,20.92013888888889,12.442138986916444
4642,27,15,26.045731707317074,8.724164834662146,1,20.31846019247594,12.71581060366101
4643,27,15,26.045731707317074,8.724164834662146,2,21.449810606060606,12.874138813958114
4644,27,15,26.045731707317074,8.724164834662146,3,22.541666666666668,13.945532729027114
4645,27,15,26.045731707317074,8.724164834662146,4,28.469618055555557,16.59438257752918
4646,27,15,26.045731707317074,8.724164834662146,5,27.908854166666668,11.932383701023214
4647,27,15,26.045731707317074,8.724164834662146,6,26.21701388888889,11.091427428634795
4648,27,16,25.09451219512195,7.874409860311359,0,20.92013888888889,12.442138986916444
4649,27,16,25.09451219512195,7.874409860311359,1,20.31846019247594,12.71581060366101
4650,27,16,25.09451219512195,7.874409860311359,2,21.449810606060606,12.874138813958114
4651,27,16,25.09451219512195,7.874409860311359,3,22.541666666666668,13.945532729027114
4652,27,16,25.09451219512195,7.874409860311359,4,28.469618055555557,16.59438257752918
4653,27,16,25.09451219512195,7.874409860311359,5,27.908854166666668,11.932383701023214
4654,27,16,25.09451219512195,7.874409860311359,6,26.21701388888889,11.091427428634795
4655,27,17,34.823170731707314,11.90504530344944,0,20.92013888888889,12.442138986916444
4656,27,17,34.823170731707314,11.90504530344944,1,20.31846019247594,12.71581060366101
4657,27,17,34.823170731707314,11.90504530344944,2,21.449810606060606,12.874138813958114
4658,27,17,34.823170731707314,11.90504530344944,3,22.541666666666668,13.945532729027114
4659,27,17,34.823170731707314,11.90504530344944,4,28.469618055555557,16.59438257752918
4660,27,17,34.823170731707314,11.90504530344944,5,27.908854166666668,11.932383701023214
4661,27,17,34.823170731707314,11.90504530344944,6,26.21701388888889,11.091427428634795
4662,27,18,37.36585365853659,13.599345365717873,0,20.92013888888889,12.442138986916444
4663,27,18,37.36585365853659,13.599345365717873,1,20.31846019247594,12.71581060366101
4664,27,18,37.36585365853659,13.599345365717873,2,21.449810606060606,12.874138813958114
4665,27,18,37.36585365853659,13.599345365717873,3,22.541666666666668,13.945532729027114
4666,27,18,37.36585365853659,13.599345365717873,4,28.469618055555557,16.59438257752918
4667,27,18,37.36585365853659,13.599345365717873,5,27.908854166666668,11.932383701023214
4668,27,18,37.36585365853659,13.599345365717873,6,26.21701388888889,11.091427428634795
4669,27,19,29.472560975609756,10.953299957806756,0,20.92013888888889,12.442138986916444
4670,27,19,29.472560975609756,10.953299957806756,1,20.31846019247594,12.71581060366101
4671,27,19,29.472560975609756,10.953299957806756,2,21.449810606060606,12.874138813958114
4672,27,19,29.472560975609756,10.953299957806756,3,22.541666666666668,13.945532729027114
4673,27,19,29.472560975609756,10.953299957806756,4,28.469618055555557,16.59438257752918
4674,27,19,29.472560975609756,10.953299957806756,5,27.908854166666668,11.932383701023214
4675,27,19,29.472560975609756,10.953299957806756,6,26.21701388888889,11.091427428634795
4676,27,20,23.429878048780488,8.101116922864803,0,20.92013888888889,12.442138986916444
4677,27,20,23.429878048780488,8.101116922864803,1,20.31846019247594,12.71581060366101
4678,27,20,23.429878048780488,8.101116922864803,2,21.449810606060606,12.874138813958114
4679,27,20,23.429878048780488,8.101116922864803,3,22.541666666666668,13.945532729027114
4680,27,20,23.429878048780488,8.101116922864803,4,28.469618055555557,16.59438257752918
4681,27,20,23.429878048780488,8.101116922864803,5,27.908854166666668,11.932383701023214
4682,27,20,23.429878048780488,8.101116922864803,6,26.21701388888889,11.091427428634795
4683,27,21,21.033639143730888,7.326443819978245,0,20.92013888888889,12.442138986916444
4684,27,21,21.033639143730888,7.326443819978245,1,20.31846019247594,12.71581060366101
4685,27,21,21.033639143730888,7.326443819978245,2,21.449810606060606,12.874138813958114
4686,27,21,21.033639143730888,7.326443819978245,3,22.541666666666668,13.945532729027114
4687,27,21,21.033639143730888,7.326443819978245,4,28.469618055555557,16.59438257752918
4688,27,21,21.033639143730888,7.326443819978245,5,27.908854166666668,11.932383701023214
4689,27,21,21.033639143730888,7.326443819978245,6,26.21701388888889,11.091427428634795
4690,27,22,22.104938271604937,8.465634792618816,0,20.92013888888889,12.442138986916444
4691,27,22,22.104938271604937,8.465634792618816,1,20.31846019247594,12.71581060366101
4692,27,22,22.104938271604937,8.465634792618816,2,21.449810606060606,12.874138813958114
4693,27,22,22.104938271604937,8.465634792618816,3,22.541666666666668,13.945532729027114
4694,27,22,22.104938271604937,8.465634792618816,4,28.469618055555557,16.59438257752918
4695,27,22,22.104938271604937,8.465634792618816,5,27.908854166666668,11.932383701023214
4696,27,22,22.104938271604937,8.465634792618816,6,26.21701388888889,11.091427428634795
4697,27,23,22.311728395061728,8.713804469614358,0,20.92013888888889,12.442138986916444
4698,27,23,22.311728395061728,8.713804469614358,1,20.31846019247594,12.71581060366101
4699,27,23,22.311728395061728,8.713804469614358,2,21.449810606060606,12.874138813958114
4700,27,23,22.311728395061728,8.713804469614358,3,22.541666666666668,13.945532729027114
4701,27,23,22.311728395061728,8.713804469614358,4,28.469618055555557,16.59438257752918
4702,27,23,22.311728395061728,8.713804469614358,5,27.908854166666668,11.932383701023214
4703,27,23,22.311728395061728,8.713804469614358,6,26.21701388888889,11.091427428634795
4704,28,0,66.21646341463415,64.07143450050721,0,112.32986111111111,75.02788738857612
4705,28,0,66.21646341463415,64.07143450050721,1,106.04374453193351,67.97664823088331
4706,28,0,66.21646341463415,64.07143450050721,2,97.3967803030303,64.88441600153837
4707,28,0,66.21646341463415,64.07143450050721,3,106.46212121212122,71.44271217611447
4708,28,0,66.21646341463415,64.07143450050721,4,93.859375,67.45661938223397
4709,28,0,66.21646341463415,64.07143450050721,5,51.915798611111114,42.72455199980549
4710,28,0,66.21646341463415,64.07143450050721,6,90.90885416666667,79.05861977219523
4711,28,1,17.90548780487805,33.3200617366536,0,112.32986111111111,75.02788738857612
4712,28,1,17.90548780487805,33.3200617366536,1,106.04374453193351,67.97664823088331
4713,28,1,17.90548780487805,33.3200617366536,2,97.3967803030303,64.88441600153837
4714,28,1,17.90548780487805,33.3200617366536,3,106.46212121212122,71.44271217611447
4715,28,1,17.90548780487805,33.3200617366536,4,93.859375,67.45661938223397
4716,28,1,17.90548780487805,33.3200617366536,5,51.915798611111114,42.72455199980549
4717,28,1,17.90548780487805,33.3200617366536,6,90.90885416666667,79.05861977219523
4718,28,2,8.731707317073171,23.579677550942666,0,112.32986111111111,75.02788738857612
4719,28,2,8.731707317073171,23.579677550942666,1,106.04374453193351,67.97664823088331
4720,28,2,8.731707317073171,23.579677550942666,2,97.3967803030303,64.88441600153837
4721,28,2,8.731707317073171,23.579677550942666,3,106.46212121212122,71.44271217611447
4722,28,2,8.731707317073171,23.579677550942666,4,93.859375,67.45661938223397
4723,28,2,8.731707317073171,23.579677550942666,5,51.915798611111114,42.72455199980549
4724,28,2,8.731707317073171,23.579677550942666,6,90.90885416666667,79.05861977219523
4725,28,3,5.6432926829268295,9.483490441812354,0,112.32986111111111,75.02788738857612
4726,28,3,5.6432926829268295,9.483490441812354,1,106.04374453193351,67.97664823088331
4727,28,3,5.6432926829268295,9.483490441812354,2,97.3967803030303,64.88441600153837
4728,28,3,5.6432926829268295,9.483490441812354,3,106.46212121212122,71.44271217611447
4729,28,3,5.6432926829268295,9.483490441812354,4,93.859375,67.45661938223397
4730,28,3,5.6432926829268295,9.483490441812354,5,51.915798611111114,42.72455199980549
4731,28,3,5.6432926829268295,9.483490441812354,6,90.90885416666667,79.05861977219523
4732,28,4,4.573170731707317,3.8821491818908416,0,112.32986111111111,75.02788738857612
4733,28,4,4.573170731707317,3.8821491818908416,1,106.04374453193351,67.97664823088331
4734,28,4,4.573170731707317,3.8821491818908416,2,97.3967803030303,64.88441600153837
4735,28,4,4.573170731707317,3.8821491818908416,3,106.46212121212122,71.44271217611447
4736,28,4,4.573170731707317,3.8821491818908416,4,93.859375,67.45661938223397
4737,28,4,4.573170731707317,3.8821491818908416,5,51.915798611111114,42.72455199980549
4738,28,4,4.573170731707317,3.8821491818908416,6,90.90885416666667,79.05861977219523
4739,28,5,5.615853658536586,3.4453343716752847,0,112.32986111111111,75.02788738857612
4740,28,5,5.615853658536586,3.4453343716752847,1,106.04374453193351,67.97664823088331
4741,28,5,5.615853658536586,3.4453343716752847,2,97.3967803030303,64.88441600153837
4742,28,5,5.615853658536586,3.4453343716752847,3,106.46212121212122,71.44271217611447
4743,28,5,5.615853658536586,3.4453343716752847,4,93.859375,67.45661938223397
4744,28,5,5.615853658536586,3.4453343716752847,5,51.915798611111114,42.72455199980549
4745,28,5,5.615853658536586,3.4453343716752847,6,90.90885416666667,79.05861977219523
4746,28,6,10.658536585365853,8.74542363462835,0,112.32986111111111,75.02788738857612
4747,28,6,10.658536585365853,8.74542363462835,1,106.04374453193351,67.97664823088331
4748,28,6,10.658536585365853,8.74542363462835,2,97.3967803030303,64.88441600153837
4749,28,6,10.658536585365853,8.74542363462835,3,106.46212121212122,71.44271217611447
4750,28,6,10.658536585365853,8.74542363462835,4,93.859375,67.45661938223397
4751,28,6,10.658536585365853,8.74542363462835,5,51.915798611111114,42.72455199980549
4752,28,6,10.658536585365853,8.74542363462835,6,90.90885416666667,79.05861977219523
4753,28,7,43.298780487804876,33.75205145026764,0,112.32986111111111,75.02788738857612
4754,28,7,43.298780487804876,33.75205145026764,1,106.04374453193351,67.97664823088331
4755,28,7,43.298780487804876,33.75205145026764,2,97.3967803030303,64.88441600153837
4756,28,7,43.298780487804876,33.75205145026764,3,106.46212121212122,71.44271217611447
4757,28,7,43.298780487804876,33.75205145026764,4,93.859375,67.45661938223397
4758,28,7,43.298780487804876,33.75205145026764,5,51.915798611111114,42.72455199980549
4759,28,7,43.298780487804876,33.75205145026764,6,90.90885416666667,79.05861977219523
4760,28,8,80.97560975609755,46.64341288958085,0,112.32986111111111,75.02788738857612
4761,28,8,80.97560975609755,46.64341288958085,1,106.04374453193351,67.97664823088331
4762,28,8,80.97560975609755,46.64341288958085,2,97.3967803030303,64.88441600153837
4763,28,8,80.97560975609755,46.64341288958085,3,106.46212121212122,71.44271217611447
4764,28,8,80.97560975609755,46.64341288958085,4,93.859375,67.45661938223397
4765,28,8,80.97560975609755,46.64341288958085,5,51.915798611111114,42.72455199980549
4766,28,8,80.97560975609755,46.64341288958085,6,90.90885416666667,79.05861977219523
4767,28,9,110.6859756097561,56.68089375696265,0,112.32986111111111,75.02788738857612
4768,28,9,110.6859756097561,56.68089375696265,1,106.04374453193351,67.97664823088331
4769,28,9,110.6859756097561,56.68089375696265,2,97.3967803030303,64.88441600153837
4770,28,9,110.6859756097561,56.68089375696265,3,106.46212121212122,71.44271217611447
4771,28,9,110.6859756097561,56.68089375696265,4,93.859375,67.45661938223397
4772,28,9,110.6859756097561,56.68089375696265,5,51.915798611111114,42.72455199980549
4773,28,9,110.6859756097561,56.68089375696265,6,90.90885416666667,79.05861977219523
4774,28,10,136.07926829268294,51.71274276810871,0,112.32986111111111,75.02788738857612
4775,28,10,136.07926829268294,51.71274276810871,1,106.04374453193351,67.97664823088331
4776,28,10,136.07926829268294,51.71274276810871,2,97.3967803030303,64.88441600153837
4777,28,10,136.07926829268294,51.71274276810871,3,106.46212121212122,71.44271217611447
4778,28,10,136.07926829268294,51.71274276810871,4,93.859375,67.45661938223397
4779,28,10,136.07926829268294,51.71274276810871,5,51.915798611111114,42.72455199980549
4780,28,10,136.07926829268294,51.71274276810871,6,90.90885416666667,79.05861977219523
4781,28,11,118.53658536585365,51.097124073771795,0,112.32986111111111,75.02788738857612
4782,28,11,118.53658536585365,51.097124073771795,1,106.04374453193351,67.97664823088331
4783,28,11,118.53658536585365,51.097124073771795,2,97.3967803030303,64.88441600153837
4784,28,11,118.53658536585365,51.097124073771795,3,106.46212121212122,71.44271217611447
4785,28,11,118.53658536585365,51.097124073771795,4,93.859375,67.45661938223397
4786,28,11,118.53658536585365,51.097124073771795,5,51.915798611111114,42.72455199980549
4787,28,11,118.53658536585365,51.097124073771795,6,90.90885416666667,79.05861977219523
4788,28,12,109.71646341463415,41.467817782146874,0,112.32986111111111,75.02788738857612
4789,28,12,109.71646341463415,41.467817782146874,1,106.04374453193351,67.97664823088331
4790,28,12,109.71646341463415,41.467817782146874,2,97.3967803030303,64.88441600153837
4791,28,12,109.71646341463415,41.467817782146874,3,106.46212121212122,71.44271217611447
4792,28,12,109.71646341463415,41.467817782146874,4,93.859375,67.45661938223397
4793,28,12,109.71646341463415,41.467817782146874,5,51.915798611111114,42.72455199980549
4794,28,12,109.71646341463415,41.467817782146874,6,90.90885416666667,79.05861977219523
4795,28,13,113.5060975609756,35.85265411015963,0,112.32986111111111,75.02788738857612
4796,28,13,113.5060975609756,35.85265411015963,1,106.04374453193351,67.97664823088331
4797,28,13,113.5060975609756,35.85265411015963,2,97.3967803030303,64.88441600153837
4798,28,13,113.5060975609756,35.85265411015963,3,106.46212121212122,71.44271217611447
4799,28,13,113.5060975609756,35.85265411015963,4,93.859375,67.45661938223397
4800,28,13,113.5060975609756,35.85265411015963,5,51.915798611111114,42.72455199980549
4801,28,13,113.5060975609756,35.85265411015963,6,90.90885416666667,79.05861977219523
4802,28,14,131.03048780487805,39.38012410702723,0,112.32986111111111,75.02788738857612
4803,28,14,131.03048780487805,39.38012410702723,1,106.04374453193351,67.97664823088331
4804,28,14,131.03048780487805,39.38012410702723,2,97.3967803030303,64.88441600153837
4805,28,14,131.03048780487805,39.38012410702723,3,106.46212121212122,71.44271217611447
4806,28,14,131.03048780487805,39.38012410702723,4,93.859375,67.45661938223397
4807,28,14,131.03048780487805,39.38012410702723,5,51.915798611111114,42.72455199980549
4808,28,14,131.03048780487805,39.38012410702723,6,90.90885416666667,79.05861977219523
4809,28,15,131.765243902439,39.405479515448974,0,112.32986111111111,75.02788738857612
4810,28,15,131.765243902439,39.405479515448974,1,106.04374453193351,67.97664823088331
4811,28,15,131.765243902439,39.405479515448974,2,97.3967803030303,64.88441600153837
4812,28,15,131.765243902439,39.405479515448974,3,106.46212121212122,71.44271217611447
4813,28,15,131.765243902439,39.405479515448974,4,93.859375,67.45661938223397
4814,28,15,131.765243902439,39.405479515448974,5,51.915798611111114,42.72455199980549
4815,28,15,131.765243902439,39.405479515448974,6,90.90885416666667,79.05861977219523
4816,28,16,138.76829268292684,41.48203952546647,0,112.32986111111111,75.02788738857612
4817,28,16,138.76829268292684,41.48203952546647,1,106.04374453193351,67.97664823088331
4818,28,16,138.76829268292684,41.48203952546647,2,97.3967803030303,64.88441600153837
4819,28,16,138.76829268292684,41.48203952546647,3,106.46212121212122,71.44271217611447
4820,28,16,138.76829268292684,41.48203952546647,4,93.859375,67.45661938223397
4821,28,16,138.76829268292684,41.48203952546647,5,51.915798611111114,42.72455199980549
4822,28,16,138.76829268292684,41.48203952546647,6,90.90885416666667,79.05861977219523
4823,28,17,149.45426829268294,41.94132037519385,0,112.32986111111111,75.02788738857612
4824,28,17,149.45426829268294,41.94132037519385,1,106.04374453193351,67.97664823088331
4825,28,17,149.45426829268294,41.94132037519385,2,97.3967803030303,64.88441600153837
4826,28,17,149.45426829268294,41.94132037519385,3,106.46212121212122,71.44271217611447
4827,28,17,149.45426829268294,41.94132037519385,4,93.859375,67.45661938223397
4828,28,17,149.45426829268294,41.94132037519385,5,51.915798611111114,42.72455199980549
4829,28,17,149.45426829268294,41.94132037519385,6,90.90885416666667,79.05861977219523
4830,28,18,144.78353658536585,49.04343799832864,0,112.32986111111111,75.02788738857612
4831,28,18,144.78353658536585,49.04343799832864,1,106.04374453193351,67.97664823088331
4832,28,18,144.78353658536585,49.04343799832864,2,97.3967803030303,64.88441600153837
4833,28,18,144.78353658536585,49.04343799832864,3,106.46212121212122,71.44271217611447
4834,28,18,144.78353658536585,49.04343799832864,4,93.859375,67.45661938223397
4835,28,18,144.78353658536585,49.04343799832864,5,51.915798611111114,42.72455199980549
4836,28,18,144.78353658536585,49.04343799832864,6,90.90885416666667,79.05861977219523
4837,28,19,145.9512195121951,50.04759873541411,0,112.32986111111111,75.02788738857612
4838,28,19,145.9512195121951,50.04759873541411,1,106.04374453193351,67.97664823088331
4839,28,19,145.9512195121951,50.04759873541411,2,97.3967803030303,64.88441600153837
4840,28,19,145.9512195121951,50.04759873541411,3,106.46212121212122,71.44271217611447
4841,28,19,145.9512195121951,50.04759873541411,4,93.859375,67.45661938223397
4842,28,19,145.9512195121951,50.04759873541411,5,51.915798611111114,42.72455199980549
4843,28,19,145.9512195121951,50.04759873541411,6,90.90885416666667,79.05861977219523
4844,28,20,143.1189024390244,52.95564940291679,0,112.32986111111111,75.02788738857612
4845,28,20,143.1189024390244,52.95564940291679,1,106.04374453193351,67.97664823088331
4846,28,20,143.1189024390244,52.95564940291679,2,97.3967803030303,64.88441600153837
4847,28,20,143.1189024390244,52.95564940291679,3,106.46212121212122,71.44271217611447
4848,28,20,143.1189024390244,52.95564940291679,4,93.859375,67.45661938223397
4849,28,20,143.1189024390244,52.95564940291679,5,51.915798611111114,42.72455199980549
4850,28,20,143.1189024390244,52.95564940291679,6,90.90885416666667,79.05861977219523
4851,28,21,151.12538226299694,54.905101043852376,0,112.32986111111111,75.02788738857612
4852,28,21,151.12538226299694,54.905101043852376,1,106.04374453193351,67.97664823088331
4853,28,21,151.12538226299694,54.905101043852376,2,97.3967803030303,64.88441600153837
4854,28,21,151.12538226299694,54.905101043852376,3,106.46212121212122,71.44271217611447
4855,28,21,151.12538226299694,54.905101043852376,4,93.859375,67.45661938223397
4856,28,21,151.12538226299694,54.905101043852376,5,51.915798611111114,42.72455199980549
4857,28,21,151.12538226299694,54.905101043852376,6,90.90885416666667,79.05861977219523
4858,28,22,141.4320987654321,56.166699756402075,0,112.32986111111111,75.02788738857612
4859,28,22,141.4320987654321,56.166699756402075,1,106.04374453193351,67.97664823088331
4860,28,22,141.4320987654321,56.166699756402075,2,97.3967803030303,64.88441600153837
4861,28,22,141.4320987654321,56.166699756402075,3,106.46212121212122,71.44271217611447
4862,28,22,141.4320987654321,56.166699756402075,4,93.859375,67.45661938223397
4863,28,22,141.4320987654321,56.166699756402075,5,51.915798611111114,42.72455199980549
4864,28,22,141.4320987654321,56.166699756402075,6,90.90885416666667,79.05861977219523
4865,28,23,146.06172839506172,58.53095197243141,0,112.32986111111111,75.02788738857612
4866,28,23,146.06172839506172,58.53095197243141,1,106.04374453193351,67.97664823088331
4867,28,23,146.06172839506172,58.53095197243141,2,97.3967803030303,64.88441600153837
4868,28,23,146.06172839506172,58.53095197243141,3,106.46212121212122,71.44271217611447
4869,28,23,146.06172839506172,58.53095197243141,4,93.859375,67.45661938223397
4870,28,23,146.06172839506172,58.53095197243141,5,51.915798611111114,42.72455199980549
4871,28,23,146.06172839506172,58.53095197243141,6,90.90885416666667,79.05861977219523
4872,29,0,215.98170731707316,125.30061577132209,0,168.36545138888889,83.97923466475875
4873,29,0,215.98170731707316,125.30061577132209,1,183.33245844269467,94.95579977284524
4874,29,0,215.98170731707316,125.30061577132209,2,200.48200757575756,98.7026635390854
4875,29,0,215.98170731707316,125.30061577132209,3,217.74242424242425,107.15740267145729
4876,29,0,215.98170731707316,125.30061577132209,4,223.45572916666666,96.21533978113119
4877,29,0,215.98170731707316,125.30061577132209,5,251.11892361111111,133.52317587129585
4878,29,0,215.98170731707316,125.30061577132209,6,219.04340277777777,126.51990234972138
4879,29,1,190.60365853658536,143.00540478237775,0,168.36545138888889,83.97923466475875
4880,29,1,190.60365853658536,143.00540478237775,1,183.33245844269467,94.95579977284524
4881,29,1,190.60365853658536,143.00540478237775,2,200.48200757575756,98.7026635390854
4882,29,1,190.60365853658536,143.00540478237775,3,217.74242424242425,107.15740267145729
4883,29,1,190.60365853658536,143.00540478237775,4,223.45572916666666,96.21533978113119
4884,29,1,190.60365853658536,143.00540478237775,5,251.11892361111111,133.52317587129585
4885,29,1,190.60365853658536,143.00540478237775,6,219.04340277777777,126.51990234972138
4886,29,2,173.4329268292683,152.13148711303654,0,168.36545138888889,83.97923466475875
4887,29,2,173.4329268292683,152.13148711303654,1,183.33245844269467,94.95579977284524
4888,29,2,173.4329268292683,152.13148711303654,2,200.48200757575756,98.7026635390854
4889,29,2,173.4329268292683,152.13148711303654,3,217.74242424242425,107.15740267145729
4890,29,2,173.4329268292683,152.13148711303654,4,223.45572916666666,96.21533978113119
4891,29,2,173.4329268292683,152.13148711303654,5,251.11892361111111,133.52317587129585
4892,29,2,173.4329268292683,152.13148711303654,6,219.04340277777777,126.51990234972138
4893,29,3,153.84146341463415,139.55354497350268,0,168.36545138888889,83.97923466475875
4894,29,3,153.84146341463415,139.55354497350268,1,183.33245844269467,94.95579977284524
4895,29,3,153.84146341463415,139.55354497350268,2,200.48200757575756,98.7026635390854
4896,29,3,153.84146341463415,139.55354497350268,3,217.74242424242425,107.15740267145729
4897,29,3,153.84146341463415,139.55354497350268,4,223.45572916666666,96.21533978113119
4898,29,3,153.84146341463415,139.55354497350268,5,251.11892361111111,133.52317587129585
4899,29,3,153.84146341463415,139.55354497350268,6,219.04340277777777,126.51990234972138
4900,29,4,90.50914634146342,88.07676615124149,0,168.36545138888889,83.97923466475875
4901,29,4,90.50914634146342,88.07676615124149,1,183.33245844269467,94.95579977284524
4902,29,4,90.50914634146342,88.07676615124149,2,200.48200757575756,98.7026635390854
4903,29,4,90.50914634146342,88.07676615124149,3,217.74242424242425,107.15740267145729
4904,29,4,90.50914634146342,88.07676615124149,4,223.45572916666666,96.21533978113119
4905,29,4,90.50914634146342,88.07676615124149,5,251.11892361111111,133.52317587129585
4906,29,4,90.50914634146342,88.07676615124149,6,219.04340277777777,126.51990234972138
4907,29,5,44.75,25.02863803151378,0,168.36545138888889,83.97923466475875
4908,29,5,44.75,25.02863803151378,1,183.33245844269467,94.95579977284524
4909,29,5,44.75,25.02863803151378,2,200.48200757575756,98.7026635390854
4910,29,5,44.75,25.02863803151378,3,217.74242424242425,107.15740267145729
4911,29,5,44.75,25.02863803151378,4,223.45572916666666,96.21533978113119
4912,29,5,44.75,25.02863803151378,5,251.11892361111111,133.52317587129585
4913,29,5,44.75,25.02863803151378,6,219.04340277777777,126.51990234972138
4914,29,6,77.70121951219512,38.71406667805503,0,168.36545138888889,83.97923466475875
4915,29,6,77.70121951219512,38.71406667805503,1,183.33245844269467,94.95579977284524
4916,29,6,77.70121951219512,38.71406667805503,2,200.48200757575756,98.7026635390854
4917,29,6,77.70121951219512,38.71406667805503,3,217.74242424242425,107.15740267145729
4918,29,6,77.70121951219512,38.71406667805503,4,223.45572916666666,96.21533978113119
4919,29,6,77.70121951219512,38.71406667805503,5,251.11892361111111,133.52317587129585
4920,29,6,77.70121951219512,38.71406667805503,6,219.04340277777777,126.51990234972138
4921,29,7,126.36585365853658,62.61689002249004,0,168.36545138888889,83.97923466475875
4922,29,7,126.36585365853658,62.61689002249004,1,183.33245844269467,94.95579977284524
4923,29,7,126.36585365853658,62.61689002249004,2,200.48200757575756,98.7026635390854
4924,29,7,126.36585365853658,62.61689002249004,3,217.74242424242425,107.15740267145729
4925,29,7,126.36585365853658,62.61689002249004,4,223.45572916666666,96.21533978113119
4926,29,7,126.36585365853658,62.61689002249004,5,251.11892361111111,133.52317587129585
4927,29,7,126.36585365853658,62.61689002249004,6,219.04340277777777,126.51990234972138
4928,29,8,184.16463414634146,81.47277944996753,0,168.36545138888889,83.97923466475875
4929,29,8,184.16463414634146,81.47277944996753,1,183.33245844269467,94.95579977284524
4930,29,8,184.16463414634146,81.47277944996753,2,200.48200757575756,98.7026635390854
4931,29,8,184.16463414634146,81.47277944996753,3,217.74242424242425,107.15740267145729
4932,29,8,184.16463414634146,81.47277944996753,4,223.45572916666666,96.21533978113119
4933,29,8,184.16463414634146,81.47277944996753,5,251.11892361111111,133.52317587129585
4934,29,8,184.16463414634146,81.47277944996753,6,219.04340277777777,126.51990234972138
4935,29,9,202.47865853658536,65.92790638102495,0,168.36545138888889,83.97923466475875
4936,29,9,202.47865853658536,65.92790638102495,1,183.33245844269467,94.95579977284524
4937,29,9,202.47865853658536,65.92790638102495,2,200.48200757575756,98.7026635390854
4938,29,9,202.47865853658536,65.92790638102495,3,217.74242424242425,107.15740267145729
4939,29,9,202.47865853658536,65.92790638102495,4,223.45572916666666,96.21533978113119
4940,29,9,202.47865853658536,65.92790638102495,5,251.11892361111111,133.52317587129585
4941,29,9,202.47865853658536,65.92790638102495,6,219.04340277777777,126.51990234972138
4942,29,10,182.265243902439,38.24890011732337,0,168.36545138888889,83.97923466475875
4943,29,10,182.265243902439,38.24890011732337,1,183.33245844269467,94.95579977284524
4944,29,10,182.265243902439,38.24890011732337,2,200.48200757575756,98.7026635390854
4945,29,10,182.265243902439,38.24890011732337,3,217.74242424242425,107.15740267145729
4946,29,10,182.265243902439,38.24890011732337,4,223.45572916666666,96.21533978113119
4947,29,10,182.265243902439,38.24890011732337,5,251.11892361111111,133.52317587129585
4948,29,10,182.265243902439,38.24890011732337,6,219.04340277777777,126.51990234972138
4949,29,11,189.0731707317073,41.59673313678273,0,168.36545138888889,83.97923466475875
4950,29,11,189.0731707317073,41.59673313678273,1,183.33245844269467,94.95579977284524
4951,29,11,189.0731707317073,41.59673313678273,2,200.48200757575756,98.7026635390854
4952,29,11,189.0731707317073,41.59673313678273,3,217.74242424242425,107.15740267145729
4953,29,11,189.0731707317073,41.59673313678273,4,223.45572916666666,96.21533978113119
4954,29,11,189.0731707317073,41.59673313678273,5,251.11892361111111,133.52317587129585
4955,29,11,189.0731707317073,41.59673313678273,6,219.04340277777777,126.51990234972138
4956,29,12,210.41768292682926,49.47942387158206,0,168.36545138888889,83.97923466475875
4957,29,12,210.41768292682926,49.47942387158206,1,183.33245844269467,94.95579977284524
4958,29,12,210.41768292682926,49.47942387158206,2,200.48200757575756,98.7026635390854
4959,29,12,210.41768292682926,49.47942387158206,3,217.74242424242425,107.15740267145729
4960,29,12,210.41768292682926,49.47942387158206,4,223.45572916666666,96.21533978113119
4961,29,12,210.41768292682926,49.47942387158206,5,251.11892361111111,133.52317587129585
4962,29,12,210.41768292682926,49.47942387158206,6,219.04340277777777,126.51990234972138
4963,29,13,222.40243902439025,54.97318996409134,0,168.36545138888889,83.97923466475875
4964,29,13,222.40243902439025,54.97318996409134,1,183.33245844269467,94.95579977284524
4965,29,13,222.40243902439025,54.97318996409134,2,200.48200757575756,98.7026635390854
4966,29,13,222.40243902439025,54.97318996409134,3,217.74242424242425,107.15740267145729
4967,29,13,222.40243902439025,54.97318996409134,4,223.45572916666666,96.21533978113119
4968,29,13,222.40243902439025,54.97318996409134,5,251.11892361111111,133.52317587129585
4969,29,13,222.40243902439025,54.97318996409134,6,219.04340277777777,126.51990234972138
4970,29,14,233.8048780487805,52.371336798175136,0,168.36545138888889,83.97923466475875
4971,29,14,233.8048780487805,52.371336798175136,1,183.33245844269467,94.95579977284524
4972,29,14,233.8048780487805,52.371336798175136,2,200.48200757575756,98.7026635390854
4973,29,14,233.8048780487805,52.371336798175136,3,217.74242424242425,107.15740267145729
4974,29,14,233.8048780487805,52.371336798175136,4,223.45572916666666,96.21533978113119
4975,29,14,233.8048780487805,52.371336798175136,5,251.11892361111111,133.52317587129585
4976,29,14,233.8048780487805,52.371336798175136,6,219.04340277777777,126.51990234972138
4977,29,15,238.71646341463415,54.383861360197095,0,168.36545138888889,83.97923466475875
4978,29,15,238.71646341463415,54.383861360197095,1,183.33245844269467,94.95579977284524
4979,29,15,238.71646341463415,54.383861360197095,2,200.48200757575756,98.7026635390854
4980,29,15,238.71646341463415,54.383861360197095,3,217.74242424242425,107.15740267145729
4981,29,15,238.71646341463415,54.383861360197095,4,223.45572916666666,96.21533978113119
4982,29,15,238.71646341463415,54.383861360197095,5,251.11892361111111,133.52317587129585
4983,29,15,238.71646341463415,54.383861360197095,6,219.04340277777777,126.51990234972138
4984,29,16,224.14329268292684,50.759800886794075,0,168.36545138888889,83.97923466475875
4985,29,16,224.14329268292684,50.759800886794075,1,183.33245844269467,94.95579977284524
4986,29,16,224.14329268292684,50.759800886794075,2,200.48200757575756,98.7026635390854
4987,29,16,224.14329268292684,50.759800886794075,3,217.74242424242425,107.15740267145729
4988,29,16,224.14329268292684,50.759800886794075,4,223.45572916666666,96.21533978113119
4989,29,16,224.14329268292684,50.759800886794075,5,251.11892361111111,133.52317587129585
4990,29,16,224.14329268292684,50.759800886794075,6,219.04340277777777,126.51990234972138
4991,29,17,261.515243902439,51.7027473045622,0,168.36545138888889,83.97923466475875
4992,29,17,261.515243902439,51.7027473045622,1,183.33245844269467,94.95579977284524
4993,29,17,261.515243902439,51.7027473045622,2,200.48200757575756,98.7026635390854
4994,29,17,261.515243902439,51.7027473045622,3,217.74242424242425,107.15740267145729
4995,29,17,261.515243902439,51.7027473045622,4,223.45572916666666,96.21533978113119
4996,29,17,261.515243902439,51.7027473045622,5,251.11892361111111,133.52317587129585
4997,29,17,261.515243902439,51.7027473045622,6,219.04340277777777,126.51990234972138
4998,29,18,332.8048780487805,64.86894603443238,0,168.36545138888889,83.97923466475875
4999,29,18,332.8048780487805,64.86894603443238,1,183.33245844269467,94.95579977284524
5000,29,18,332.8048780487805,64.86894603443238,2,200.48200757575756,98.7026635390854
5001,29,18,332.8048780487805,64.86894603443238,3,217.74242424242425,107.15740267145729
5002,29,18,332.8048780487805,64.86894603443238,4,223.45572916666666,96.21533978113119
5003,29,18,332.8048780487805,64.86894603443238,5,251.11892361111111,133.52317587129585
5004,29,18,332.8048780487805,64.86894603443238,6,219.04340277777777,126.51990234972138
5005,29,19,332.3231707317073,77.17904327869186,0,168.36545138888889,83.97923466475875
5006,29,19,332.3231707317073,77.17904327869186,1,183.33245844269467,94.95579977284524
5007,29,19,332.3231707317073,77.17904327869186,2,200.48200757575756,98.7026635390854
5008,29,19,332.3231707317073,77.17904327869186,3,217.74242424242425,107.15740267145729
5009,29,19,332.3231707317073,77.17904327869186,4,223.45572916666666,96.21533978113119
5010,29,19,332.3231707317073,77.17904327869186,5,251.11892361111111,133.52317587129585
5011,29,19,332.3231707317073,77.17904327869186,6,219.04340277777777,126.51990234972138
5012,29,20,309.2012195121951,76.8716854438165,0,168.36545138888889,83.97923466475875
5013,29,20,309.2012195121951,76.8716854438165,1,183.33245844269467,94.95579977284524
5014,29,20,309.2012195121951,76.8716854438165,2,200.48200757575756,98.7026635390854
5015,29,20,309.2012195121951,76.8716854438165,3,217.74242424242425,107.15740267145729
5016,29,20,309.2012195121951,76.8716854438165,4,223.45572916666666,96.21533978113119
5017,29,20,309.2012195121951,76.8716854438165,5,251.11892361111111,133.52317587129585
5018,29,20,309.2012195121951,76.8716854438165,6,219.04340277777777,126.51990234972138
5019,29,21,298.2079510703364,72.88409698300632,0,168.36545138888889,83.97923466475875
5020,29,21,298.2079510703364,72.88409698300632,1,183.33245844269467,94.95579977284524
5021,29,21,298.2079510703364,72.88409698300632,2,200.48200757575756,98.7026635390854
5022,29,21,298.2079510703364,72.88409698300632,3,217.74242424242425,107.15740267145729
5023,29,21,298.2079510703364,72.88409698300632,4,223.45572916666666,96.21533978113119
5024,29,21,298.2079510703364,72.88409698300632,5,251.11892361111111,133.52317587129585
5025,29,21,298.2079510703364,72.88409698300632,6,219.04340277777777,126.51990234972138
5026,29,22,278.7746913580247,77.73123005132135,0,168.36545138888889,83.97923466475875
5027,29,22,278.7746913580247,77.73123005132135,1,183.33245844269467,94.95579977284524
5028,29,22,278.7746913580247,77.73123005132135,2,200.48200757575756,98.7026635390854
5029,29,22,278.7746913580247,77.73123005132135,3,217.74242424242425,107.15740267145729
5030,29,22,278.7746913580247,77.73123005132135,4,223.45572916666666,96.21533978113119
5031,29,22,278.7746913580247,77.73123005132135,5,251.11892361111111,133.52317587129585
5032,29,22,278.7746913580247,77.73123005132135,6,219.04340277777777,126.51990234972138
5033,29,23,246.63888888888889,103.43638582874352,0,168.36545138888889,83.97923466475875
5034,29,23,246.63888888888889,103.43638582874352,1,183.33245844269467,94.95579977284524
5035,29,23,246.63888888888889,103.43638582874352,2,200.48200757575756,98.7026635390854
5036,29,23,246.63888888888889,103.43638582874352,3,217.74242424242425,107.15740267145729
5037,29,23,246.63888888888889,103.43638582874352,4,223.45572916666666,96.21533978113119
5038,29,23,246.63888888888889,103.43638582874352,5,251.11892361111111,133.52317587129585
5039,29,23,246.63888888888889,103.43638582874352,6,219.04340277777777,126.51990234972138
